Ticker,MSFT,MSFT,MSFT,MSFT,MSFT,META,META,META,META,META,AMZN,AMZN,AMZN,AMZN,AMZN,NVDA,NVDA,NVDA,NVDA,NVDA,AAPL,AAPL,AAPL,AAPL,AAPL,GOOG,GOOG,GOOG,GOOG,GOOG
Price,Open,High,Low,Close,Volume,Open,High,Low,Close,Volume,Open,High,Low,Close,Volume,Open,High,Low,Close,Volume,Open,High,Low,Close,Volume,Open,High,Low,Close,Volume
Date,,,,,,,,,,,,,,,,,,,,,,,,,,,,,,
2019-01-02,93.14362960626289,95.20204944152336,92.57288456187912,94.61259460449219,35329300,128.09522034668402,136.55610741995005,127.66819531541115,134.73880004882812,28146200,73.26000213623047,77.66799926757812,73.04650115966797,76.95649719238281,159662000,3.2388272324145833,3.4331963935560545,3.224199947185259,3.377166509628296,508752000,36.784145853458895,37.724590460067255,36.6274044817337,37.503726959228516,148158800,50.45011139911309,52.22430681417616,50.407432235083256,51.90321350097656,30652000
2019-01-03,93.65823955982005,93.74245148047763,90.9448625191118,91.13199615478516,42579100,133.75567454143803,136.21846684512943,130.21043191679348,130.82614135742188,22717900,76.00050354003906,76.9000015258789,74.85549926757812,75.01399993896484,139512000,3.316921464491716,3.3508865238272074,3.165690356157027,3.1731278896331787,705552000,34.19317547745964,34.60640172363963,33.72295500680148,33.7680778503418,365248800,51.662515489912586,52.45556716032924,50.32603905143399,50.424800872802734,36822000
2019-01-04,93.302704723217,95.91316028290775,92.56354285749075,95.3704833984375,44060600,133.08037122853827,137.04269817428778,132.8221802957318,136.9930419921875,29002100,76.5,79.69999694824219,75.91549682617188,78.76950073242188,183652000,3.246264728875429,3.4146023989573466,3.2155227464445826,3.376422882080078,585620000,34.32378608802359,35.27847900912154,34.15042265199752,35.2096061706543,234428400,51.245153567384584,53.14341474471129,50.98847654839155,53.136962890625,41878000
2019-01-07,95.09915645481702,96.62425842997017,94.48163317312071,95.49212646484375,35656100,136.60577028976442,137.90668064703007,134.96722208386868,137.09237670898438,20089300,80.1155014038086,81.72799682617188,79.45950317382812,81.47550201416016,159864000,3.433692174155903,3.592113042695753,3.3823725513844485,3.555172920227051,709160000,35.314117263459316,35.34499155915994,34.64915668419154,35.13125228881836,219111200,53.17616858544918,53.30023803908472,52.34539773677241,53.02182388305664,39638000
2019-01-08,96.40904725208507,97.27919906273625,95.16463529327085,96.18449401855469,31514400,138.91961913603413,142.14707473802136,138.57204093310452,141.5413055419922,26263800,83.2344970703125,83.83049774169922,80.83049774169922,82.8290023803711,177628000,3.6367386038009384,3.6389700768577153,3.394024887412629,3.466665506362915,786016000,35.51834826233486,36.055068075400506,35.27136481535477,35.80095672607422,164101200,53.40495523804268,53.8243106231069,52.631755021494904,53.41339111328125,35298000
2019-01-09,97.1762716635842,98.13062820412024,96.59616811091757,97.55988311767578,32280800,141.9583725827706,143.69623307471448,140.29003378391613,143.2294921875,22205900,82.64900207519531,83.38999938964844,82.06999969482422,82.97100067138672,126976000,3.517984925429318,3.582196402548422,3.4674093612937327,3.534843683242798,617260000,35.929190786032024,36.6986453479839,35.534967488442895,36.408912658691406,180396400,53.679897178244396,53.728532198300925,52.923072656329246,53.33300018310547,23986000
2019-01-10,96.57744787243936,97.07333945231404,95.79150097839057,96.93299102783203,30067600,142.08748112242944,143.55721038093398,139.86301415184678,143.19970703125,16125000,82.05049896240234,83.1624984741211,81.08100128173828,82.81099700927734,130154000,3.5155056435531016,3.6092192305726094,3.455013056291232,3.6005420684814453,523156000,36.21655182724987,36.56565592820539,35.82707561156554,36.52528381347656,143122800,52.98560530654311,53.15880580772404,52.49181122290345,53.11811065673828,29128000
2019-01-11,96.54939569994855,96.78330740024812,95.09914030272371,96.18449401855469,28314200,142.15699006693217,144.35166639153093,141.5810267493777,142.802490234375,12908000,82.02749633789062,83.0145034790039,81.81099700927734,82.02799987792969,93724000,3.578229393529933,3.712602229451064,3.5504624735758616,3.689793586730957,874764000,36.306798636311406,36.50153493832651,35.98144090958733,36.16667938232422,108092800,52.76326955474528,52.79279890505535,52.03374049969427,52.465999603271484,30416000
2019-01-14,95.34240912247922,96.24998764896328,94.7435957492478,95.48275756835938,28437100,141.01495600622104,145.5532615116634,140.2900242076038,144.38143920898438,20520300,80.75,82.41000366210938,79.75749969482422,80.8604965209961,120118000,3.6374827216550165,3.754996812091096,3.613930252224324,3.7297089099884033,730168000,35.824712768467144,35.924456309448,35.437609988385816,35.62284851074219,129756800,51.95631946376203,52.18510281738695,51.67517916233614,51.84564971923828,22886000
2019-01-15,95.91315653355343,98.28970028859682,95.32369447440924,98.25227355957031,31587600,144.99714006236596,149.63474299414236,144.97728971017003,147.916748046875,24069000,81.5999984741211,83.75800323486328,81.30049896240234,83.72799682617188,119970000,3.762433800893337,3.8018531789337877,3.6972309567970747,3.7155771255493164,617012000,35.68696070331559,36.42791458616587,35.634713583499995,36.35192108154297,114843600,52.11761292957912,53.60049071023067,51.97716771412088,53.45656967163086,29272000
2019-01-16,98.48618428887447,99.42183109003462,98.20548739315899,98.59845733642578,29853900,147.9664040832414,148.61188904658937,145.98027785393614,146.5165252685547,18025700,84.21099853515625,85.25,83.79399871826172,84.18900299072266,127338000,3.7428476128716044,3.7758208233277633,3.6845865082211358,3.6900405883789062,470104000,36.35429336518652,37.01925372022599,36.33529408375769,36.796016693115234,122278800,53.59800585665798,54.21215118828527,53.56525058074333,53.64614486694336,26636000
2019-01-17,98.2429207208009,99.76802253930246,98.01836747219642,99.29084777832031,28393000,145.9306445347086,147.96642726933842,145.48376909367838,147.2712860107422,15787900,84.0,85.00849914550781,83.875,84.66100311279297,84178000,3.657067750986243,3.801357125509616,3.6297964016758155,3.761441946029663,493436000,36.62027653760977,37.4419782573986,36.39703950757352,37.014503479003906,119284800,53.571703708867574,54.18361513841397,53.27542577553338,54.08932113647461,24854000
2019-01-18,100.54460697047853,100.95629385782408,99.09435867459821,100.77851867675781,37427600,148.7112096323195,151.37261165316215,147.51953685951025,148.9991912841797,31029600,85.5999984741211,85.80999755859375,84.5770034790039,84.80999755859375,120410000,3.8112737570752984,3.916639792229535,3.759706357617704,3.890608072280884,651336000,37.403992634389624,37.49423834764518,37.04301340511108,37.24250411987305,135004000,54.59056556207652,55.005055571914696,54.13895088409368,54.50421142578125,39112000
2019-01-22,99.88029214343463,100.20776708343436,98.11192032901778,98.879150390625,32371300,148.16502362395156,150.47886265480508,145.35465300243268,146.5463409423828,22378700,84.05000305175781,84.09349822998047,80.51000213623047,81.6084976196289,128336000,3.8603623976914765,3.872014620828446,3.6580596786916066,3.6883058547973633,661552000,37.145127995415336,37.2211215121317,36.2450554347819,36.40654754638672,121576000,53.99503486799835,54.1692273740354,52.77766377420555,53.127540588378906,32270000
2019-01-23,99.29083682779277,100.15163013452457,98.56102635808371,99.84286499023438,25874300,147.25136684550517,147.76776380069634,142.06757725141557,143.29898071289062,20098400,82.80000305175781,82.87149810791016,80.5999984741211,82.0009994506836,104504000,3.74359206301233,3.832347373085581,3.669959840656427,3.701197624206543,591020000,36.60840409054777,36.84351614102213,36.02656509052752,36.55378341674805,92522400,53.466489085018985,53.84266547650446,52.59303909686968,53.378150939941406,19340000
2019-01-24,99.98323015996412,100.1142201573207,98.56104284806484,99.3656997680664,23164800,143.63665754438068,145.42417429642154,141.5313684547223,144.8184051513672,20955500,82.05349731445312,82.86299896240234,81.58899688720703,82.74649810791016,81798000,3.7857385189506694,3.930771492182378,3.781028025703517,3.9131693840026855,708972000,36.59891278758119,36.68678131637326,36.03607297019486,36.26405715942383,101766000,53.423321753115125,53.57195673369403,52.640193815905654,53.29528045654297,27226000
2019-01-25,100.33877991502806,100.93759340983307,99.36570620136492,100.27328491210938,31225600,146.45693311810984,148.7906373268188,145.52345143462625,147.976318359375,22237200,83.5250015258789,84.17400360107422,83.08049774169922,83.52850341796875,98918000,3.853668466718467,3.9885368677664954,3.7510296946117756,3.9704387187957764,1154572000,36.92426561509673,37.55360472379612,36.64878503179591,37.46573257446289,134142000,53.846139819622955,54.29279058460313,53.68832308978666,54.143409729003906,22382000
2019-01-28,99.42182004104043,99.62766345656675,97.92478675323694,98.31775665283203,29476700,147.02298460125706,147.92667559513444,145.19575226302138,146.44700622558594,15508500,82.17949676513672,82.25,80.70449829101562,81.89450073242188,96754000,3.38534753923327,3.511538775931837,3.2477520997881224,3.421543836593628,2511528000,36.997883309964045,37.1261275746307,36.49204140125868,37.11900329589844,104768400,53.60346345868098,53.74688847310223,52.79403219791114,53.10569763183594,25686000
2019-01-29,98.1306485627345,98.21486049936881,95.59504621025587,96.31549835205078,31490500,147.06271366266958,147.07265399174207,142.43503589121408,143.1897735595703,17632100,81.5634994506836,81.61900329589844,79.53600311279297,79.69400024414062,92656000,3.375430457917276,3.423775014606278,3.24799960382134,3.262626886367798,1153932000,37.107122292669665,37.55359634769264,36.598903290698956,36.73426818847656,166348800,53.234726883584095,53.357308320221286,52.40023789854855,52.63621520996094,20436000
2019-01-30,97.8874076913372,99.53414154052734,97.61606916042692,99.53414154052734,49471900,145.20570905237417,149.90289396345435,144.68931192159462,149.37657165527344,44613200,81.1500015258789,83.84750366210938,80.98400115966797,83.52149963378906,115676000,3.338739140024388,3.4205527333160104,3.2591567835616333,3.4061734676361084,974228000,38.7695241919444,39.45823098230422,38.05231666544547,39.2444953918457,244439200,53.023811217245914,54.14390832638265,52.945396960596895,54.047630310058594,25596000
2019-01-31,97.12015498445695,98.44877192271318,96.54005131327679,97.70960998535156,55636400,164.4512865764665,170.48909803374212,163.8554425424077,165.53372192382812,77233600,84.64250183105469,86.82050323486328,83.9540023803711,85.9365005493164,218206000,3.4029498077234956,3.599550418493891,3.381132774408837,3.563849925994873,842852000,39.44872512778767,40.13505822707616,39.08062179799805,39.527095794677734,162958400,54.73944689238962,55.45061236586029,54.36277068162671,55.40296936035156,30766000
2019-02-01,97.10142593470664,97.40083263186976,95.76345069522982,96.16577911376953,35535700,164.6896042747698,167.9270001387855,164.51086016477612,164.56051635742188,30806500,81.94400024414062,83.65299987792969,81.10050201416016,81.3115005493164,230124000,3.5824443461450226,3.6392180550777917,3.5348438408869116,3.588146448135376,625048000,39.65059485362112,40.13031312607623,39.405981367304726,39.54610061645508,130672400,55.20594024470282,55.831251319646604,54.83323589739587,55.124053955078125,29244000
2019-02-04,96.24997839156146,98.99142350219462,96.1564080110287,98.9352798461914,31315100,164.55056567822874,168.12559918268684,162.484992448202,168.07594299316406,20036000,81.1500015258789,82.48149871826172,80.67500305175781,81.66549682617188,98582000,3.604013176778542,3.735658738515899,3.58194835790834,3.6984708309173584,528592000,39.75746683302016,40.76678067534809,39.72659254412772,40.669410705566406,125982000,55.21884972913294,56.218353271484375,55.038205382402374,56.218353271484375,51530000
2019-02-05,99.23471445753725,100.36684642440053,99.14115118906636,100.320068359375,27325400,167.97662020423076,170.7869906441095,167.5198196559899,169.97268676757812,22557000,82.16699981689453,83.26300048828125,82.125,82.94049835205078,89062000,3.7103705414609145,3.7542523918614923,3.676653501631688,3.717560291290283,542424000,41.051762882070676,41.578981228642604,40.93064652495009,41.36524200439453,144406400,55.82331730347729,56.91562304557691,55.446542645184145,56.87294387817383,71044000
2019-02-06,100.11419771119601,100.11419771119601,98.73879590890468,99.20661926269531,20609800,170.0124242051095,171.27361876679637,168.09581941914755,169.30735778808594,13281200,83.5374984741211,83.61299896240234,81.66699981689453,82.01300048828125,78798000,3.7507817335825715,3.857635433064282,3.7453276522844168,3.7931761741638184,702464000,41.476867706127805,41.695357695040244,41.04939643117397,41.37950134277344,112958400,56.55433288109731,56.92306542976768,55.22430814890697,55.34639358520508,42112000
2019-02-07,98.42069048440256,98.79494349864189,97.57860692552671,98.49553680419922,29760700,167.03319689457643,168.0659909207822,164.10366401684539,165.225830078125,17517600,81.25,81.2770004272461,79.64550018310547,80.71849822998047,92532000,3.746814560403445,3.7490457966738466,3.6119461753718007,3.6548361778259277,637120000,40.94251782527925,41.30824769496477,40.45329804715444,40.59579086303711,126966800,54.79701317277384,54.83076045905902,53.895771692620734,54.52654266357422,40896000
2019-02-08,97.6721775146076,98.97272611049542,97.55054598968673,98.86980438232422,21461100,163.32911940962472,166.2089968698947,163.07092841103727,166.16928100585938,12561400,79.30000305175781,79.42949676513672,78.33799743652344,79.41100311279297,113150000,3.5876501960683105,3.6840910594863083,3.5732709327499834,3.6734306812286377,461604000,40.30480305960627,40.70310440951638,40.168853996357676,40.64347839355469,95280000,53.94540192945804,54.536469800399416,53.92307033444429,54.345401763916016,21516000
2019-02-11,99.36569116800037,99.72124153441216,98.2148495567697,98.4768295288086,18914100,166.73528682263577,167.13252115057335,163.93485678714177,164.63992309570312,12811200,80.04900360107422,80.4645004272461,79.30000305175781,79.55000305175781,66346000,3.6293006777195345,3.6835951208731545,3.582443767980608,3.6307883262634277,495180000,40.79613104681893,40.83429258000177,40.366822896722226,40.409751892089844,83973600,54.43919259473224,54.88559347194579,54.23621667275103,54.34291458129883,21304000
2019-02-12,99.30954121272741,100.24518792258044,98.6920180962017,100.01127624511719,25056600,165.7025238740615,167.17225314697893,163.3588941482486,163.8951416015625,16292300,80.19999694824219,81.97000122070312,79.94400024414062,81.90049743652344,97172000,3.669215815585946,3.7634254380090555,3.6548363165244897,3.7478063106536865,591060000,40.5695636403469,40.784215952805525,40.474159782032444,40.75798034667969,89134000,54.92803062303724,55.84589774594937,54.880883623167165,55.65110778808594,32182000
2019-02-13,100.58201510021571,100.84399502065554,99.84285338845055,99.93641662597656,18394900,164.23279511932705,165.06696456175467,162.59423176497805,162.931884765625,14205100,82.3499984741211,82.81900024414062,81.85549926757812,82.0,71206000,3.777309097494787,3.8633373669012747,3.763673421971473,3.79020094871521,605372000,40.877218430046,41.137187031192965,40.52661710438461,40.588626861572266,89960800,55.83075986372551,56.314133985446745,55.508674522217035,55.59105682373047,20996000
2019-02-14,99.46862498781465,100.38556213988164,98.86046018094277,100.02066040039062,21784700,162.057960646752,163.72629928800146,161.12447896050742,162.81268310546875,12755200,81.2249984741211,81.8949966430664,80.3030014038086,81.13249969482422,82410000,3.7892092195145453,3.8593705746819253,3.7460709578493763,3.8311076164245605,827264000,40.476531198600185,40.84620963108841,40.39782441124615,40.73649978637695,87342800,55.486344215230446,55.9915539370861,55.10892588609724,55.66599655151367,18952000
2019-02-15,100.96564332268883,101.33054498087621,100.45103475938963,101.25569152832031,26606900,163.3688238211578,163.55750825622047,159.74414915254195,161.37277221679688,15504400,81.39299774169922,81.44550323486328,80.2249984741211,80.39749908447266,86878000,4.039856373086544,4.062664778284348,3.8779646451867205,3.900773286819458,1516748000,40.84382522454604,40.951151336695425,40.48606909119235,40.64586639404297,98507200,56.08336579651373,56.162272274065785,55.119097593173336,55.26797866821289,28996000
2019-02-19,100.85338008809605,101.66739545996238,100.84402162034972,101.20892333984375,18038500,159.3866386820332,163.01131318901503,159.21781976159522,161.16421508789062,14345400,80.05000305175781,81.69999694824219,80.02799987792969,81.37899780273438,73634000,3.8901136997362227,3.9639939616401203,3.8710239381349454,3.8834197521209717,551892000,40.476537768089266,40.889148896685995,40.42406656800364,40.76750946044922,75891200,55.086834902214626,55.67691068102704,55.086834902214626,55.51165008544922,20928000
2019-02-20,101.34986182391424,101.42503496017578,99.87462307707938,100.6827163696289,21607700,161.12451060831282,162.58431478260812,160.13144736881628,161.43235778808594,11770700,81.5,81.74649810791016,80.50599670410156,81.1050033569336,66752000,3.9126732028340387,3.997957645844248,3.901517020739179,3.9307713508605957,540988000,40.82952646483924,41.337541474435355,40.78182636217737,41.029869079589844,104457600,55.582622578701894,55.75235102516929,54.85259753624892,55.27542495727539,21756000
2019-02-21,100.44779243788744,102.87207199556747,100.41960430773598,102.8062973022461,29063200,160.80671363518204,161.11457594978071,158.48294942821414,158.92982482910156,15607800,80.99250030517578,81.1780014038086,80.04550170898438,80.97200012207031,69668000,3.943415826169995,3.967959665754317,3.8472227384773094,3.8618500232696533,448548000,40.9750096836761,41.11095514343004,40.61725349372424,40.79851531982422,68998800,55.12853110154367,55.18312197051622,54.21934967408047,54.44019317626953,28302000
2019-02-22,103.40768616347147,104.48826957682799,103.19156517945707,104.27215576171875,27763200,159.46608794412768,161.28339538964576,159.19795664155836,160.76699829101562,15858500,81.17500305175781,81.74700164794922,81.05850219726562,81.5780029296875,61924000,3.9136658391931403,3.9654810370975246,3.9000301612456805,3.946639060974121,401740000,40.92253824934637,41.26121367050578,40.87483815215059,41.254058837890625,75652800,54.63522353475482,55.14837689206565,54.37219689524838,55.105201721191406,20990000
2019-02-25,105.01445812900903,105.40910629726162,104.54463683283099,104.8547134399414,23750600,161.93882203567452,164.91801161246232,161.76998795840112,163.47805786132812,18737100,82.07250213623047,82.7300033569336,81.51950073242188,81.6500015258789,63690000,4.030187545300304,4.097621624687247,3.9255650885708473,3.9342424869537354,656020000,41.537879662607395,41.945719682081254,41.48779219461515,41.55457305908203,87493600,55.384605457608735,55.510658936855016,54.95135436376531,55.057064056396484,28262000
2019-02-26,104.54464916002046,106.40513769767531,104.4600775889062,105.57825469970703,21536700,163.19997456980633,165.08680341690865,162.66372720137176,162.99143981933594,13784100,81.29900360107422,81.99949645996094,80.80650329589844,81.81999969482422,53316000,3.9295321987965566,3.9855620786700827,3.861354055127313,3.8948233127593994,488464000,41.43055496170665,41.80977566356522,41.30176069059117,41.578426361083984,68280800,54.87592029624514,55.558798327150576,54.58659022648473,55.3414306640625,29426000
2019-02-27,104.94869475986418,105.5782536441448,104.18757930306504,105.39971923828125,21487100,161.76997507082143,162.79282886512982,159.297257616962,161.68060302734375,12697500,81.40899658203125,82.09049987792969,80.75499725341797,82.05449676513672,62976000,3.8804437188639986,3.9069710078849105,3.795902865732788,3.8529245853424072,500256000,41.311296503110974,41.738217238147755,41.19681191554491,41.707210540771484,111341600,54.9354741337875,55.48286700411467,54.640188219702644,55.387088775634766,19368000
2019-02-28,105.27758691245779,106.06688347391623,104.98629991985852,105.2681884765625,29083900,161.24364857022354,162.3658147073559,159.74412876407033,160.3300323486328,11114200,81.76249694824219,82.5885009765625,81.69149780273438,81.99150085449219,60518000,3.846721107689097,3.8690569455378117,3.806020426433088,3.8283560276031494,324944000,41.57603864043286,41.71675519338844,41.24213069934181,41.2969856262207,112861600,55.15135986007955,55.9627752602043,55.136968134644654,55.57915115356445,30850000
2019-03-01,106.0762709305597,106.19842190893111,104.92990561279369,105.73799896240234,23501200,161.47206908746014,161.9983913278936,160.56837801315342,161.15428161621094,11097800,82.75650024414062,83.71299743652344,82.55000305175781,83.58650207519531,99498000,3.878238618181043,3.9248955454090013,3.819917459146095,3.8827059268951416,357188000,41.56650682581731,41.774004290989986,41.234986172142804,41.731075286865234,103544800,55.82629382092888,56.7230674946276,55.8188499561449,56.62480545043945,29006000
2019-03-04,106.19842972621002,106.41455073190467,104.11242866089601,105.48430633544922,26608000,162.76305382891104,166.33808744105988,162.69354728383865,166.208984375,18894700,84.25,85.47149658203125,83.71800231933594,84.80850219726562,123348000,3.921173432292454,3.9440055830096816,3.83431190187829,3.8908960819244385,409992000,41.9027983896276,42.39411639965305,41.4925709243222,41.94095993041992,109744800,56.9225656024718,57.48286592922289,56.11363415918252,56.962764739990234,28920000
2019-03-05,105.47490578004857,105.60645520038206,104.5164732649181,104.95809936523438,19538300,166.20896097648483,170.6876851146643,165.39465713959575,170.0719757080078,28187900,85.14749908447266,85.38999938964844,84.45050048828125,84.62149810791016,73630000,3.875261101862644,3.922662627458118,3.820910691259915,3.884443759918213,362924000,41.96240775342075,41.97671741570895,41.62849986313485,41.864620208740234,78949600,57.07492816047068,58.04515225537699,56.883118015438725,57.668975830078125,28864000
2019-03-06,105.11781797895127,105.86013647723293,104.70437294980606,105.00505828857422,17687000,171.70060271596694,172.36596832285446,170.08192017840042,171.3133087158203,21531700,84.79850006103516,84.88749694824219,83.41400146484375,83.44750213623047,79920000,3.875508989020271,3.8839468185347172,3.770778935941451,3.7735087871551514,403524000,41.65951913111731,41.85509427950601,41.4854121219237,41.62374496459961,83241600,57.69180004509437,57.94371010689203,57.34440708877357,57.4620246887207,21986000
2019-03-07,104.67621413016087,104.81716199037346,103.23856172758565,103.7271728515625,25339000,170.3103420898974,170.54868271756052,166.44732677339292,167.956787109375,18306500,83.36849975585938,83.48750305175781,81.02549743652344,81.29750061035156,99140000,3.749932281292625,3.7596112541016375,3.6581073609446326,3.704267978668213,450104000,41.468717309443846,41.60466642807359,41.0274867951546,41.1419677734375,99185600,57.35582404305863,57.40718898322487,56.323069182032164,56.73944854736328,23332000
2019-03-08,102.57140379290612,104.02784572228255,102.233131836775,103.83992004394531,22818400,165.04706910839386,168.44334278170976,164.818668859087,168.42349243164062,13184800,80.20050048828125,81.13600158691406,79.32849884033203,81.04000091552734,93340000,3.614924877014932,3.7491879337455924,3.5935816709617354,3.738516330718994,422416000,40.622021328865515,41.27790762437119,40.42644621389484,41.23974609375,95997600,55.9171111598587,56.927038378433075,55.74689049655078,56.69081115722656,24248000
2019-03-11,104.2909359937175,106.13263473234959,104.28154472880374,106.01988220214844,26491600,170.4096172090387,173.09088428392428,170.38975170617525,170.87635803222656,18884000,81.30599975585938,83.614501953125,81.30049896240234,83.53099822998047,77528000,3.7620923932120682,4.0219318804126765,3.714938917047594,3.9990999698638916,859728000,41.855095772839455,42.72086338701754,41.82170533647012,42.668392181396484,128044000,56.79651660653413,58.37170424005521,56.79651660653413,58.35036087036133,34384000
2019-03-12,106.01048242184132,107.10986259076586,105.85074489348224,106.76219940185547,26132700,170.89625118525132,172.59439601133246,170.03229100603852,170.72743225097656,12155300,83.44999694824219,84.2135009765625,83.04900360107422,83.65499877929688,72290000,4.0268957547605755,4.079756975177056,3.9507058339743053,4.033348560333252,579576000,42.93074174869042,43.56754731458191,42.7804829879991,43.14778137207031,129870400,58.47442919763344,59.55333897587974,58.47442919763344,59.21586990356445,40262000
2019-03-13,107.24140285294936,108.05889446141938,106.91252939054318,107.58907318115234,35513800,171.12463901704464,172.8227684160407,170.9260142766056,172.16734313964844,11973300,84.1500015258789,85.0,83.96749877929688,84.54049682617188,71040000,4.070823294632877,4.214020495872586,4.063377858129775,4.1847357749938965,768900000,43.46737934842093,43.71780942231808,43.15016840672244,43.33858871459961,124130000,59.58534723715807,59.599492851162665,59.153338065130164,59.221824645996094,28718000
2019-03-14,107.626659563531,108.24681992461454,107.42933548641788,107.67363739013672,30763400,168.58240343942427,169.96276068181822,166.99351141060052,168.98956298828125,18037400,84.55999755859375,85.0999984741211,84.21700286865234,84.31099700927734,58932000,4.1939175520516105,4.20583005861231,4.101099784569755,4.108793258666992,519384000,43.86089971935373,43.90860344771917,43.54130511929298,43.82035446166992,94318000,59.28087895250521,59.44812736135317,58.78311312643447,58.83621597290039,23456000
2019-03-15,108.37838299765271,110.17310395301489,107.67365098942447,108.91398620605469,54681100,166.00043564853922,166.41752034277886,161.38268302450012,164.82861328125,37135400,85.1500015258789,85.94000244140625,84.65650177001953,85.61799621582031,151018000,4.151975822700674,4.256954137993463,4.148501380997638,4.214268207550049,661484000,44.08748706861486,44.678976254213644,43.82274735566281,44.390384674072266,156171600,59.22480254293871,59.38311529224077,58.69031337852478,58.78212356567383,49236000
2019-03-18,109.15829180317301,110.51137959842035,109.04553926617237,110.47379302978516,31207600,162.43532825853896,162.76302572620875,158.17507934355865,159.35682678222656,37524200,85.63500213623047,87.5,85.63150024414062,87.10749816894531,108582000,4.245786675218304,4.2996410007207375,4.165874034161741,4.192925453186035,486992000,44.31407212765884,44.931797007327894,44.311684756998986,44.84355163574219,104879200,58.72455471998491,59.05705994710976,58.43279385903887,58.77219772338867,25852000
2019-03-19,110.96239571068507,111.29127636919853,109.92879024238336,110.54895782470703,37588700,160.3598315511945,162.68361081425897,159.704421395247,160.44921875,25611500,87.67549896240234,89.20800018310547,87.67549896240234,88.09249877929688,127284000,4.28748022396908,4.405115656151409,4.270604564374885,4.360692024230957,854972000,44.92226139953133,45.07490392114361,44.34269438014027,44.488182067871094,126585600,58.99800358458469,59.55334011685571,58.85209853739669,59.49626922607422,30414000
2019-03-20,110.30466786430081,111.58258264750255,109.66571047269993,110.42681884765625,28113300,160.37967254292366,164.96761869799758,160.1214816211323,164.29234313964844,20211500,88.49700164794922,89.9749984741211,88.35150146484375,89.8635025024414,125312000,4.389729079589678,4.4430868609435015,4.293436844585684,4.328181743621826,719148000,44.416623003991106,45.19414879506152,44.05886680985221,44.87693786621094,124140800,59.421827049074516,60.900236876115834,59.36326435607966,60.742919921875,44548000
2019-03-21,110.06975798807444,113.52764380929062,110.0227729800983,112.96385955810547,29854400,163.74618514501432,165.23577989682886,162.61409373975295,164.9279327392578,16223000,89.81300354003906,91.1875,89.36399841308594,90.96299743652344,115356000,4.3512604169724955,4.5912458432935805,4.346296794347013,4.564939022064209,824312000,45.32055956507145,46.82552016805965,45.270472092327076,46.5297737121582,204136800,60.34738277373228,61.131006640875405,60.20594556245717,61.11859893798828,24080000
2019-03-22,112.28729773305633,112.371862131279,109.97577765254397,109.98517608642578,33624500,164.50090727031096,166.25863331571065,162.95173115691787,163.1999969482422,16389200,90.50849914550781,90.9489974975586,88.15550231933594,88.2385025024414,127260000,4.537641434281475,4.586283625511089,4.391217835477888,4.405115604400635,747644000,46.58939664841029,47.14988281885893,45.501818379976086,45.56621551513672,169630800,60.859548631857116,61.0421770070117,59.69354252325416,59.826297760009766,34284000
2019-03-25,109.52475970853203,110.88724603547367,109.29924744951963,110.5583724975586,27067100,161.86927340027478,165.38470984854575,160.87621037327924,165.13644409179688,12631200,87.8895034790039,89.13400268554688,87.375,88.71299743652344,102076000,4.364414279076793,4.428691450790533,4.246530826598151,4.312793731689453,525212000,45.67593565660519,45.7880329159187,44.5048828613594,45.015281677246094,175381200,59.40098394651485,59.870859920922854,58.91016594989514,59.20594787597656,29936000
2019-03-26,111.46040403020267,111.54496842027402,109.79723266976055,110.79325866699219,26097700,166.1891176934918,168.27454113490862,165.19605458245317,166.51681518554688,15437900,89.6500015258789,90.28849792480469,88.66799926757812,89.18800354003906,97318000,4.454502846597486,4.510590479838049,4.333144921833872,4.389481067657471,703508000,45.71170377934582,46.00267911768265,44.0230940523578,44.55018615722656,199202000,59.48038382087714,59.69378343433899,58.398002019611845,58.790061950683594,38024000
2019-03-27,110.76507269878586,111.07515649297636,108.54751547732783,109.7220687866211,22733400,166.685682388831,167.7681177583631,163.64689593642265,164.7194061279297,10620300,89.20649719238281,89.375,87.28399658203125,88.28500366210938,86496000,4.415042554142267,4.461450969360857,4.310808820912816,4.380297660827637,474372000,45.01765137448114,45.25853921871362,44.492943053204904,44.950870513916016,119393600,58.83374129533814,58.93592216149529,57.53696398730491,58.214385986328125,28004000
2019-03-28,110.35164104923355,110.48319045380126,109.12070423662882,109.87242126464844,18334800,163.42842882982748,165.56350878886235,162.1970249259016,164.40162658691406,10443000,88.5,88.89649963378906,87.67350006103516,88.6709976196289,60860000,4.406355483988158,4.464676873856275,4.345800795004741,4.3989105224609375,480264000,45.065356795101245,45.210844466944145,44.72668135098658,45.010501861572266,83121600,58.140931690309486,58.142173596481655,57.5399891960569,57.989566802978516,19234000
2019-03-29,110.94361551120056,111.17852619087778,109.90061151992131,110.82146453857422,25399800,165.23579990679875,166.03025356789604,163.666758093191,165.53372192382812,13455500,89.3290023803711,89.64299774169922,88.83149719238281,89.0374984741211,66416000,4.465669919201426,4.480560790355246,4.415290511200249,4.456239223480225,456896000,45.27524800364219,45.33487404742733,44.96757557971136,45.30386734008789,94256000,58.307685323417566,58.510665060326055,57.71116138918155,58.22877883911133,25398000
2019-04-01,111.77050611473281,111.92085240101274,110.97181118336091,111.8362808227539,22789100,166.66577934502337,167.72834896626037,166.11959161777997,167.5297393798828,10381500,90.00550079345703,90.78350067138672,89.9365005493164,90.70950317382812,84776000,4.548065204278134,4.554021459162338,4.4763425798006855,4.523744106292725,483824000,45.70693049851085,45.71646906225277,44.92940835895731,45.61153030395508,111448000,58.76425533754632,59.387578610414,58.66003366898269,59.27690887451172,25050000
2019-04-02,111.87386693612073,112.26852235153636,111.36645897536248,111.99602508544922,18142300,168.95977346919926,173.68674888047673,168.37386981364932,172.99160766601562,23946500,90.5510025024414,91.0,90.25599670410156,90.6989974975586,68962000,4.547817392898727,4.586036263076273,4.504882937079508,4.54161262512207,440920000,45.57574022852839,46.3795013903182,45.56620166735509,46.274559020996094,91062800,59.321081028044915,59.62033877377832,58.844158755532284,59.577659606933594,16558000
2019-04-03,112.62554348216274,113.1611393864456,111.95839820973343,112.7289047241211,22860700,173.28951363992826,176.72551868655825,171.7502627804468,172.33616638183594,27391100,91.33599853515625,91.5,90.48100280761719,91.03500366210938,78522000,4.591248058472342,4.740153495580749,4.5862844334520165,4.681087493896484,783504000,46.09092150507348,46.86605990037226,46.06706963719681,46.59178161621094,93087200,59.924559733800514,60.362274899116024,59.5781587559502,59.84714126586914,20286000
2019-04-04,112.85111071537747,112.97326888032512,111.2349237823695,112.15577697753906,20112800,174.79896545410156,176.765226085715,174.31235909577353,174.79896545410156,17847700,91.03250122070312,91.4375,90.20999908447266,90.94300079345703,72478000,4.665700189350782,4.71459089807257,4.609364517015921,4.672152996063232,457376000,46.45822993849623,46.835066998409054,46.06469947757885,46.67288589477539,76457200,59.8481255743759,60.33100365918349,59.758299414213624,60.297752380371094,19000000
2019-04-05,112.18394146701624,112.97324506346261,112.16515176731973,112.65376281738281,15826200,175.6530097136569,175.77217243925097,173.8853585702884,174.5010528564453,9594100,91.44999694824219,91.92900085449219,91.2594985961914,91.86399841308594,72810000,4.715334649049337,4.756283835055177,4.67885300844419,4.738911151885986,481744000,46.854127808619374,47.00915765087475,46.7301046626718,46.98530578613281,74106400,60.29725649134607,60.35829920576716,59.80296271375987,59.908172607421875,18144000
2019-04-08,112.57860837940491,112.77593251906461,111.47922795748396,112.69136810302734,15116200,173.99459382775456,174.2825754617936,173.0213810717539,173.71652221679688,7297400,91.6614990234375,92.51000213623047,91.25550079345703,92.49299621582031,75056000,4.708386430130973,4.78482463745691,4.684313372175127,4.759758949279785,424192000,46.846984690122916,47.75568491902388,46.82790392141536,47.72468185424805,103526800,59.94490365892221,59.98460679411624,59.54639186392823,59.74391174316406,17204000
2019-04-09,111.46982005559761,112.32489842374908,111.42284221809051,112.0805892944336,17612000,174.4017493068618,177.94699210206062,174.33224276439555,176.34815979003906,19751000,92.27449798583984,92.65450286865234,91.58899688720703,91.79199981689453,74288000,4.726254704563654,4.737422621771342,4.654780129105895,4.696969985961914,439972000,47.77714861794036,48.380563770007704,47.51717635283578,47.581573486328125,143072800,59.354827758992535,59.66698542386209,59.209914723385914,59.41686248779297,17528000
2019-04-10,112.5316146577548,113.0860004239597,112.3248921114055,112.93566131591797,16477200,176.94397498376352,177.54974407779716,175.3153521141725,176.58648681640625,11701500,92.05000305175781,92.4000015258789,91.44049835205078,92.36650085449219,59280000,4.696224286543477,4.79326060305794,4.691757215386249,4.767450332641602,444772000,47.38599150967466,47.87731299886768,47.266739463025445,47.848690032958984,86781200,59.587087297892126,59.741182110398846,59.3764175999248,59.66053771972656,14492000
2019-04-11,113.26454672774663,113.5558337087832,112.68196559676768,113.06722259521484,14209100,177.00360310473656,177.1624817120633,175.77219919206038,176.27865600585938,8071000,92.43499755859375,92.49749755859375,92.0155029296875,92.20349884033203,53096000,4.769933926780318,4.801452422506862,4.704167557143568,4.753554344177246,374600000,47.90356138801222,47.939335555847514,47.32876549622773,47.450401306152344,83603200,59.74987179915886,59.948379916507555,59.55979577110092,59.782623291015625,14204000
2019-04-12,113.35850094397703,113.67798320725163,113.10480055544288,113.64978790283203,19745100,176.7652446884336,178.38394250839818,176.71558849922496,177.8576202392578,12329800,92.41999816894531,92.57499694824219,92.06500244140625,92.15299987792969,62288000,4.792268116714469,4.796239109727124,4.706895790478029,4.715581893920898,471708000,47.51002317734974,47.73421764754132,46.796898139641456,47.43131637573242,111042800,60.049621227165595,60.464012787063226,59.95582322713504,60.44019317626953,18668000
2019-04-15,113.64037501060399,114.24174568348323,113.29270467797846,113.74373626708984,15792600,177.2617919059532,179.24791842590784,175.64309394324846,178.40380859375,10834800,92.0999984741211,92.34249877929688,90.94499969482422,92.24349975585938,74488000,4.707889508057011,4.712853132130294,4.544093700496634,4.583801746368408,440092000,47.362139943698025,47.665041139824325,47.226190873249585,47.51716613769531,70146400,60.44664183808456,60.75433167265763,60.005450872909854,60.600486755371094,23748000
2019-04-16,114.29812057637399,114.30751900927952,112.85107017178767,113.48062896728516,14071800,177.7583144919515,178.92019662865758,177.06317327592333,177.62921142578125,11215200,92.56749725341797,93.4885025024414,92.4000015258789,93.1520004272461,60892000,4.623013712545587,4.68977270489064,4.590254551042735,4.6709113121032715,394964000,47.57203341989984,48.02757352365968,47.357377528133505,47.52194595336914,102785600,60.79403240924438,61.082866461399966,60.551849350175274,60.89973831176758,17126000
2019-04-17,113.92228619962457,114.4954688566591,113.2645391352761,114.42029571533203,19300900,178.35411382315183,179.48620499236088,177.12271029668622,177.539794921875,9973700,93.64949798583984,93.82350158691406,93.02200317382812,93.24099731445312,57870000,4.705904242952725,4.7267508960104765,4.625743560344529,4.6480793952941895,351004000,47.591105635180504,48.5069641281486,47.36929857312662,48.44733810424805,115627200,61.191054918182104,61.56623930337003,60.93398034943935,61.3568115234375,24438000
2019-04-18,114.81495776471891,116.06467725927541,113.97867623356736,115.92373657226562,27991000,177.55971684869405,177.63916372915824,176.1098377978732,177.04331970214844,11655600,93.43949890136719,93.54100036621094,92.9739990234375,93.08450317382812,54998000,4.654778417227584,4.688778234727213,4.5957124500088335,4.623507976531982,380988000,48.44495416346428,48.69061310818153,48.30185387954341,48.6214485168457,96783200,61.497760086351896,61.63770929318938,61.27096073865519,61.358306884765625,26636000
2019-04-22,115.21897678480951,116.51568097615808,115.17199178782204,116.29016876220703,15648700,177.01350733740526,180.40978150835906,177.01350733740526,180.18138122558594,13389900,92.7699966430664,94.4209976196289,92.28199768066406,94.3655014038086,67476000,4.599931638327254,4.692997426218995,4.568413630814926,4.677362442016602,279936000,48.37579748500796,48.87904139023964,48.258929140631615,48.781253814697266,77758000,61.33945013398801,61.9895729550132,60.95830983712329,61.977169036865234,16146000
2019-04-23,116.60967219916809,118.00034672316242,116.35597179280253,117.8687973022461,24025500,181.47237838856762,182.94210771224044,180.22110903272127,182.50515747070312,19954800,94.55999755859375,96.46299743652344,94.47899627685547,96.1884994506836,92808000,4.690516467511366,4.763232174587185,4.680837733630485,4.731961727142334,346856000,48.7573982436491,49.54923371338613,48.63099134409102,49.48483657836914,93292000,62.068971198724924,62.97765652921605,61.85507557806055,62.756813049316406,26398000
2019-04-24,118.19766478071544,118.2540410528095,117.00431444941829,117.4647445678711,31257000,183.21023086609895,183.85571586957178,180.3899199289335,181.3134765625,37289900,96.25,96.4844970703125,94.90799713134766,95.0875015258789,73516000,4.742385203991273,4.785071607469191,4.6815824746477706,4.744370937347412,318204000,49.45621984620272,49.72334332507646,49.38228414324906,49.40851974487305,70162400,62.73547628310465,62.92852833473088,62.2828696157719,62.332496643066406,20376000
2019-04-25,122.20992139664241,123.44085098045554,121.05416494575493,121.35484313964844,38033900,195.61356856649695,197.1031632421695,190.78728121120022,191.91937255859375,54148800,95.8499984741211,96.12249755859375,95.0155029296875,95.11250305175781,121982000,4.704166830267816,4.726502664307757,4.5589843823654235,4.638648509979248,499296000,49.32981476661857,49.55162188369278,48.92197106068636,48.96013259887695,74172800,62.767735317163094,62.89865420171174,62.135480062619415,62.70222854614258,22146000
2019-04-26,121.87165937363677,122.6421732953985,121.23270919854578,122.0501937866211,23654900,191.1646705296128,191.56188975784806,187.77832130066778,190.16168212890625,22075000,96.44999694824219,97.55000305175781,94.9000015258789,97.53150177001953,168652000,4.484779613458914,4.48924715908201,4.300881746120929,4.419757843017578,868988000,48.86949112233834,48.89334298926619,48.20644998172418,48.72639083862305,74596400,62.97766221756169,63.1796461588382,62.54689111976673,63.13547897338867,24828000
2019-04-29,122.05959040494422,122.32268923420278,121.54279835035042,121.93744659423828,16324200,189.62541440438395,194.0544829295468,189.32749241474613,193.42884826660156,19641300,97.44999694824219,97.81700134277344,96.70449829101562,96.92150115966797,80426000,4.427698148824204,4.478326058517963,4.3554790012746984,4.450530529022217,391920000,48.75024745696415,49.12470072433398,48.621456815525065,48.80033493041992,88818800,63.22579596040781,63.983612414789135,62.84341380357096,63.89973831176758,49988000
2019-04-30,121.97502798927064,122.81130949689336,121.58037973893519,122.71735382080078,24166500,192.8429390329577,196.02073814020946,190.94618474522846,192.05841064453125,23494700,96.50499725341797,96.7854995727539,95.34750366210938,96.32599639892578,70120000,4.418268862320098,4.517538980248465,4.399159429705511,4.491977214813232,362920000,48.43063553973298,48.5117260495488,47.48854519755136,47.86061096191406,186139600,58.808920138441984,59.1965122273465,58.312642331366526,58.981624603271484,124140000
2019-05-01,122.6515612573132,122.76431379392501,119.99237067900941,120.16150665283203,26821700,193.42885491689998,194.81913737908678,191.67112875525197,191.6909942626953,15996600,96.65450286865234,97.18199920654297,95.52749633789062,95.57599639892578,62340000,4.544341497677258,4.58653134894412,4.478574672452426,4.478823184967041,354280000,50.05724216362862,51.352317692477015,49.90221231353754,50.20988464355469,259309200,58.96028683685597,58.96028683685597,57.924556021175,57.96921920776367,52784000
2019-05-02,120.25545648126503,120.27424617791269,117.94392950389799,118.59228515625,27350200,191.66119892728008,192.6542621341572,188.4337435049295,191.1944580078125,13209500,95.66649627685547,96.07749938964844,94.09349822998047,95.04100036621094,79258000,4.488503212501073,4.588021379389225,4.4453207188032415,4.546328067779541,394684000,50.04770517932468,50.71790119448601,49.63986515980281,49.88313674926758,127985200,57.95334050111244,58.27244602583083,57.320187947635795,57.697757720947266,38896000
2019-05-03,119.67289822124388,121.61795120944885,119.56953694781589,121.11994171142578,24911100,193.03163940114104,194.7992907740631,192.36628884193487,194.11407470703125,14575400,97.44999694824219,98.22000122070312,96.80000305175781,98.12300109863281,127632000,4.554765241338322,4.564692015477626,4.480312305186082,4.541860103607178,336824000,50.29813642228416,50.5247146205948,50.14072282120273,50.50325012207031,83569600,58.2456417660397,58.89824827153737,58.01487441110194,58.82876968383789,39614000
2019-05-06,118.76143338539762,120.80045620549538,118.49833459169527,120.41519927978516,24239800,189.91339396075503,192.93229913751748,189.22817799273233,192.5350799560547,13994900,95.89900207519531,97.94999694824219,95.5250015258789,97.52749633789062,108356000,4.355479918183428,4.47559715026055,4.318253687149516,4.463436603546143,422176000,48.72401368842716,49.809208354157676,48.53559700159812,49.72334671020508,129772400,57.87890197570329,59.099249063254305,57.87890197570329,59.02679443359375,31278000
2019-05-07,118.8272209441428,119.50376486911462,116.7224231978234,117.94395446777344,36017700,191.20435655346952,191.56185986426914,186.54690349038725,188.45358276367188,16253000,96.99949645996094,97.45500183105469,95.16899871826172,96.05000305175781,118042000,4.415042020907966,4.415042020907966,4.248019839387,4.296165943145752,555220000,49.103233348565844,49.47052812168986,47.898786717614094,48.38294982910156,155054800,58.58410819275789,59.07889801258723,57.61983996461566,58.267982482910156,31028000
2019-05-08,117.86877272757172,118.74264065226775,117.22041702472826,117.9345474243164,28419000,188.07622054586224,189.39699629173043,187.24205117571614,188.2251739501953,12505700,95.94349670410156,96.76850128173828,95.5,95.88849639892578,81572000,4.268618415510849,4.396428635343332,4.256705909243241,4.316267967224121,419168000,48.153990033807155,48.974444953507046,48.11821586434312,48.392494201660156,105358000,58.164256766702366,58.58182500986882,57.853091109309574,57.87939453125,26186000
2019-05-09,116.78818130803312,118.1976452284744,116.11163747919663,117.9251480102539,27235800,185.90144613786595,188.45362608415766,184.96796421436537,187.3413848876953,12967000,95.0,95.47000122070312,93.80000305175781,94.99349975585938,106166000,4.247275591504085,4.256954326196563,4.104823002024501,4.223698616027832,660248000,47.796216467342845,48.10150140045921,46.90421353185238,47.87253952026367,139634400,57.52008771782323,58.04763279372119,57.11413207006215,57.68634033203125,23714000
2019-05-10,117.37077860990028,120.20849654284365,116.34656429097183,119.45677947998047,30915100,186.94412100331766,188.68198135793017,183.30950656782252,187.0334930419922,12578500,94.9000015258789,95.18949890136719,92.80000305175781,94.4990005493164,114360000,4.192927484770503,4.258445837541826,4.070080336645542,4.189701080322266,569500000,47.266813330080936,47.60918957732427,46.15349960538394,47.2093505859375,164834800,57.74639644932622,58.193543288636164,56.699745860506205,57.78014373779297,26290000
2019-05-13,116.6190452489835,117.97213290547487,115.61362794003622,115.90491485595703,33944900,182.22708052722422,184.14368505445333,179.5855290202056,180.28067016601562,16833300,91.8280029296875,92.3270034790039,90.9000015258789,91.13400268554688,115668000,4.057669762177069,4.08075018730162,3.916457833647851,3.9323410987854004,656912000,44.94201315243579,45.365788479732885,43.77841929201786,44.46556091308594,229722400,56.67294731138533,56.969721266099185,55.68783543491599,56.180145263671875,37212000
2019-05-14,116.39354397156978,118.28222063925863,116.23379926400752,117.2016372680664,25266300,181.25389466676603,182.2171671572789,176.86455725832838,179.47630310058594,17628100,91.9749984741211,92.62200164794922,90.7874984741211,92.00599670410156,92582000,3.9720499026159475,4.056678149293447,3.9333347151910654,4.021437168121338,524880000,44.63077462238211,45.41847349035006,44.39135198547642,45.16947555541992,146118800,56.437208802500564,56.59651355442407,55.56078277117502,55.604949951171875,36732000
2019-05-15,117.19221642263173,119.50285997371107,116.66406377447252,118.85210418701172,24722700,179.16843456416336,185.98084772755877,178.77121540334053,184.9778594970703,16746900,91.39749908447266,93.72149658203125,91.1500015258789,93.55750274658203,93852000,3.9658445479217614,3.9968664867634973,3.9065307580109603,3.9603848457336426,502320000,44.59725372096499,45.909288693023,44.53739806425962,45.710567474365234,106178800,55.47741527362779,58.13051708777836,55.4176636788489,57.777164459228516,45786000
2019-05-16,119.54056868491078,122.0209811451514,119.2670627727902,121.59656524658203,30112200,183.76635649182998,187.27186853394844,183.76635649182998,185.69290161132812,12953100,94.2969970703125,95.87550354003906,94.114501953125,95.37850189208984,94156000,3.9549248575161338,4.018209640365021,3.912486963102783,3.9755232334136963,781088000,45.46875522341543,46.08167660785888,45.2125712406131,45.509456634521484,132125600,57.79204904306433,58.965748862513145,57.70917073453454,58.51016616821289,30628000
2019-05-17,121.0118470204102,123.0395657012684,120.64403042485117,120.78550720214844,25770500,183.5577869499637,186.2787854054957,183.00167401667332,184.0146026611328,10485400,94.65249633789062,95.52649688720703,93.36650085449219,93.44999694824219,94732000,3.933581938973891,4.062881357317828,3.8452314704252637,3.8846912384033203,1022068000,44.75527077928806,45.70577891917145,44.71456937030482,45.250877380371094,131516400,57.988578693294606,58.5682308655447,57.56872729397723,57.682376861572266,24172000
2019-05-20,119.323657671578,120.33279678540593,118.60689094084681,119.04072570800781,23706900,180.61832998306934,182.95201928620904,180.11185808033548,181.45249938964844,10352000,92.6344985961914,93.38899993896484,91.7770004272461,92.94850158691406,75964000,3.7859177135199875,3.841012711110579,3.741246042678183,3.766063690185547,572064000,43.938841538280705,44.13756275712424,43.1631109114661,43.83588790893555,154449200,56.79899869047599,56.91299659681361,56.151011388409415,56.51860427856445,27066000
2019-05-21,120.18189025295149,120.27620089890222,119.38023896920862,119.68203735351562,15293300,183.2896523311387,184.4118032609007,182.61436158527627,183.5379180908203,7502800,93.739501953125,93.94999694824219,92.30000305175781,92.8759994506836,80102000,3.8268666510277507,3.864092885462268,3.7881512346758224,3.8482096195220947,361848000,44.345849947567366,45.011444418513406,44.221349184762765,44.67625427246094,113459200,56.997006358336044,57.20633568410605,56.4734331481779,57.05358123779297,23196000
2019-05-22,119.41798379648361,120.94584240922411,119.32366593998285,120.40825653076172,15396500,183.44853562154393,185.44460207862736,182.33630983849153,184.03445434570312,9213800,92.58899688720703,93.57450103759766,92.55000305175781,92.98400115966797,58732000,3.809494300630132,3.8355526164462623,3.7663115767827158,3.777231454849243,325868000,44.2117848841149,44.4631793828225,43.70660297552515,43.76166915893555,118994400,56.910658536515314,57.49477469325968,56.86797558615537,57.142417907714844,18290000
2019-05-23,119.02184997391286,119.10673459317054,117.64489437806272,119.00299072265625,23603800,181.15456144129655,182.62429052609255,178.42363802849073,179.6153106689453,12768800,91.82949829101562,92.19999694824219,90.20999908447266,90.77400207519531,88486000,3.714938721475612,3.714938721475612,3.5963109198118848,3.656121253967285,591844000,43.048186530660814,43.22535692609775,42.571734215795686,43.01466751098633,146118800,56.60048425961687,56.87209442628911,56.040880610022434,56.61388397216797,23978000
2019-05-24,119.69146673049035,120.17245316801507,118.80493085707167,119.0595703125,14123400,181.06517985722493,182.35616479671708,179.57558534695065,179.80398559570312,8807700,91.79450225830078,92.08799743652344,90.89250183105469,91.16400146484375,67394000,3.674983230659197,3.710224205905764,3.595567135089519,3.6022679805755615,357584000,43.143957042131575,43.608437527210064,42.76566884967899,42.84946823120117,94858800,56.94093203513834,57.0602875476308,56.161776008515325,56.25160217285156,22240000
2019-05-28,119.7574743168929,120.71945430237123,118.88037174390962,118.98411560058594,23128400,180.2807045606769,183.42872855183134,180.19133250050925,183.031494140625,14843300,91.63749694824219,92.4635009765625,91.36750030517578,91.82150268554688,64000000,3.6198880482974656,3.65264720758781,3.5551140839343893,3.5570995807647705,428356000,42.83748915813703,43.237324443115924,42.595673658588964,42.67228698730469,111792800,56.27790693498067,57.15070952271948,56.23423197163944,56.28535079956055,27300000
2019-05-29,118.24850256738999,118.25793579164933,116.98472394342744,117.83353424072266,22763100,182.22710365088653,183.27974825567972,180.09202375648093,180.9261932373047,12797700,91.15599822998047,91.5,90.37650299072266,90.95950317382812,85580000,3.509450005571907,3.544442703052247,3.4481507160128766,3.4828953742980957,559800000,42.23892942786569,42.94043945879135,42.138372386702336,42.46877670288086,113924800,55.95631340455926,56.03472765883103,54.99849710862128,55.407432556152344,30764000
2019-05-30,118.13531483111679,118.60687523673867,117.68261367572585,118.57858276367188,16829600,181.81000020834674,182.20721940037117,179.63518952260196,181.740478515625,8581500,91.27449798583984,91.47350311279297,90.3915023803711,90.81600189208984,62938000,3.4861255389026726,3.5219036202131853,3.4180477843987265,3.456310510635376,394300000,42.605253206009266,42.91171385804956,42.29879255396897,42.68905258178711,84873600,55.36177883544807,55.73845505047299,55.19205038975909,55.481380462646484,19038000
2019-05-31,117.16390672521642,117.53172328222298,116.3056632952404,116.64518737792969,26646800,179.02941170398958,179.28760265096253,175.93105972855378,176.23890686035156,15226500,89.50050354003906,89.77950286865234,88.63500213623047,88.75350189208984,92376000,3.407364133260645,3.4746964495150117,3.3638837931577723,3.3656229972839355,389720000,42.19344552965514,42.61483166128946,41.89656383142089,41.91571807861328,108174400,54.65458040296678,55.06698791846135,54.599493533190234,54.77070999145508,30156000
2019-06-03,116.80549852118618,117.29592531994498,112.24079773755105,113.0235824584961,37983600,173.7860640540099,173.83572024575662,159.89310410686156,163.01132202148438,56059600,88.00050354003906,88.31449890136719,83.5999984741211,84.6344985961914,181974000,3.3768034255081956,3.4155630321221095,3.294563718797367,3.3238818645477295,478644000,42.042612284986966,42.59807084717863,40.766489319881806,41.491939544677734,161584400,52.878406563336355,52.878406563336355,50.86847975132516,51.42580032348633,102612000
2019-06-04,114.38170556827066,116.26794743369845,113.7875419710199,116.15477752685547,29382600,162.57435623385263,167.11264642725297,159.72425501753312,166.3380584716797,46044300,84.96199798583984,86.54100036621094,84.04450225830078,86.47799682617188,113582000,3.387983648434124,3.5581780071440128,3.365870880848056,3.5529603958129883,641836000,42.00430204941067,43.05536713031265,41.78403369307506,43.0098762512207,123872000,51.75681450745354,52.40942105495793,51.29974381474591,52.260536193847656,56670000
2019-06-05,117.84293881634606,118.71061540420028,117.1450314524864,118.67288970947266,24926100,166.31820201241834,167.5496056986477,163.48798129866876,167.00341796875,19758300,87.4800033569336,87.5999984741211,85.76249694824219,86.92500305175781,84796000,3.6267526623672257,3.632218832975695,3.473950577102758,3.510225534439087,511616000,44.12079739285381,44.290789049992995,43.36901055867717,43.704200744628906,119093600,52.18559878268545,52.285352626025706,51.14093606725862,51.72306823730469,43368000
2019-06-06,119.24820888329099,120.69118270883583,118.45598358576275,120.54971313476562,21459000,167.13253231557897,168.52281467388545,166.06994746441947,167.16232299804688,12446400,86.885498046875,88.0,86.30650329589844,87.71800231933594,73786000,3.514449406044464,3.596937662493112,3.5119647614833687,3.572340250015259,408140000,43.833480166416635,44.405699905307486,43.6108152988894,44.34584426879883,90105200,51.860536858225295,51.98460631483639,51.30024028262379,51.828277587890625,34064000
2019-06-07,121.84178969499521,124.72773730669587,120.96467978681957,123.92607879638672,33885600,168.98955795129433,172.66388865254888,167.66878211581948,172.1475067138672,16917300,88.18499755859375,90.3125,87.97450256347656,90.20149993896484,96164000,3.578303980574537,3.649363027683111,3.559172498165559,3.6150758266448975,348856000,44.65471631575565,45.94999370524611,44.477545896123075,45.526214599609375,122737600,52.14043665252835,53.14738398314855,52.02976312802505,52.90519714355469,36048000
2019-06-10,124.86918750943556,126.45363792839265,124.49194494776454,125.05782318115234,26477100,173.53777811371978,176.62620498555225,172.59437119175834,173.6072998046875,14767900,91.0999984741211,94.24349975585938,90.9000015258789,93.03150177001953,107420000,3.6712270050970766,3.7564484705340457,3.6712270050970766,3.6878738403320312,402780000,45.923645296205336,46.77598911152849,45.878154420674264,46.108001708984375,104883600,53.249614943728666,54.226290828748546,53.216961899214574,53.61686325073242,29284000
2019-06-11,126.26502719756093,126.60455128778611,123.81290716916996,124.58627319335938,23913700,177.2419167024295,178.73151151091156,175.5636374604023,176.86456298828125,15266600,94.1624984741211,94.68499755859375,92.9000015258789,93.18499755859375,80854000,3.7477519086437514,3.785517746959614,3.706011018229893,3.745515823364258,383872000,46.65389004356182,46.92683167348995,46.35221886941992,46.64191818237305,107731600,54.29180921300469,54.6893252533781,53.47905346302912,53.534488677978516,28734000
2019-06-12,123.92607925212228,124.463665067317,123.2753379260357,124.01097106933594,17092500,177.14260218714344,178.0264277478102,171.68075508903763,173.8257598876953,17699800,92.6989974975586,93.25,92.21900177001953,92.76599884033203,53566000,3.702035660701794,3.7082472722594373,3.617311316814816,3.632467269897461,358892000,46.436014126524086,46.919648817978434,46.30193805046919,46.49347686767578,73012800,53.49875394140717,53.64416298850756,52.97964470342267,53.45061492919922,21220000
2019-06-13,124.4730825597942,125.4350698315583,124.0769735398635,124.79375457763672,17200800,174.3123620514931,176.79501976333336,173.3987458318887,176.23890686035156,12253600,93.33599853515625,94.15450286865234,93.11100006103516,93.51499938964844,55916000,3.654579721664152,3.702035339887835,3.636939125487163,3.6836495399475098,308080000,46.61559280520904,47.11598530535575,46.35223006195814,46.483909606933594,86698400,53.778646703684636,54.30122792349193,53.60544623622099,54.03323745727539,21154000
2019-06-14,124.73713320239096,126.18010665966557,124.15240299878089,124.91632843017578,17821700,179.25785487447052,180.57863091163864,178.75139803509748,180.07217407226562,16773700,93.19999694824219,93.80000305175781,92.94999694824219,93.4834976196289,57024000,3.590477951340887,3.614826806092271,3.5489853797836237,3.593707799911499,394428000,45.86140682062975,46.34982739236637,45.56212852455843,46.14632034301758,75046000,53.91662064358467,54.227786329421974,53.60654541207461,53.863521575927734,22230000
2019-06-17,125.08612188262495,126.12354617432133,124.99180404206983,125.29360961914062,14517800,183.72662997983622,188.18548951360862,183.13080111008134,187.69888305664062,29459900,93.82499694824219,94.78450012207031,93.77249908447266,94.30149841308594,52686000,3.5919688602794255,3.6404184879933794,3.56911064850605,3.603398084640503,276040000,46.18462782305793,46.677841551890964,46.00985031110577,46.42165756225586,58676400,53.90966384844653,54.54986266252101,53.90966384844653,54.21834945678711,18832000
2019-06-18,126.55738539657996,127.54766513777695,125.97265509206896,127.47221374511719,25934500,192.65426662359522,193.18058892326965,185.9808805056353,187.16262817382812,37571400,95.06749725341797,96.08350372314453,94.989501953125,95.06849670410156,77914000,3.664766754332175,3.853843793364638,3.653834650270297,3.7984375953674316,581920000,46.93879971823583,47.95394916644094,46.73768561849317,47.51341247558594,106204000,55.07145603702866,55.403961278289025,54.540438904196655,54.769222259521484,27734000
2019-06-19,127.32134346837475,128.19843914908748,126.19902710118595,127.97209930419922,23744400,185.7027925912343,186.79516802059396,183.2697911199585,186.17945861816406,21417100,95.39199829101562,95.97899627685547,94.62349700927734,95.43949890136719,57906000,3.83371930484844,3.8451482919579565,3.778312862447239,3.804401159286499,331644000,47.80790034833085,47.85578778829949,47.240469987030195,47.37454605102539,84496800,54.86848045078965,54.93795905013546,54.26699266803887,54.706199645996094,26776000
2019-06-20,129.63202208406514,129.83008389253564,128.00042623585185,129.16046142578125,33042600,189.6254189510527,189.83396889468216,186.33838211519756,188.21527099609375,14635700,96.66649627685547,96.76000213623047,95.29000091552734,95.90950012207031,64344000,3.895088440949179,3.909002072454372,3.814339382029556,3.828749895095825,350168000,47.9731017236882,48.03056445872031,47.41285375699523,47.75522994995117,86056000,55.58262171269389,55.589073566895024,54.825797254364154,55.157310485839844,25240000
2019-06-21,128.81144370863893,129.89602689853749,128.6982738149818,129.17926025390625,36727900,187.44066662882705,190.66812181581346,187.44066662882705,189.8140869140625,22751200,95.80500030517578,96.29750061035156,95.37899780273438,95.56500244140625,78672000,3.8138425849617086,3.863037414829606,3.7641506365729565,3.7706105709075928,434428000,47.59722340535266,48.08804056701421,47.44159649134794,47.59243392944336,191202400,55.04912316487453,55.787088047219626,54.99155248373891,55.67641830444336,38952000
2019-06-24,129.20754323305147,130.52790653163552,129.20754323305147,129.94317626953125,20628800,191.085202551967,192.63437858512927,190.24110799694424,191.2639617919922,15509000,95.63300323486328,95.84300231933594,95.06500244140625,95.69499969482422,45660000,3.79197784795457,3.822538313320386,3.7447705479752598,3.792971611022949,282948000,47.53497671112899,47.92284393233339,47.44639148964471,47.5445556640625,72881600,55.56375854909301,55.68236815683203,55.136959334269626,55.360782623291016,27912000
2019-06-25,129.44335089910558,129.76400856956087,125.18044015880965,125.84062194824219,33327400,191.54205940081084,191.80025041082513,186.8250085965731,187.5300750732422,16750300,95.59200286865234,95.81950378417969,93.62100219726562,93.91349792480469,60246000,3.7979414306905883,3.872976002654023,3.760921026312456,3.7636539936065674,311868000,47.50862823550264,47.707349446417524,46.75684136270738,46.823883056640625,84281200,55.21884849387336,55.302718811100675,53.786589887993486,53.913143157958984,30938000
2019-06-26,126.70829536768395,128.0192328088685,126.00095471112647,126.31217193603516,23657700,188.2251789710033,189.43671720169758,186.01065243418444,186.3582305908203,12808600,94.6240005493164,95.19000244140625,94.36599731445312,94.8915023803711,48838000,3.8911128190805,4.018075406564828,3.8781929518012483,3.95695424079895,584072000,47.350608010173595,48.12154906442843,47.25005095787499,47.83663558959961,104270000,53.9205865948346,54.24167613731191,53.21289317249232,53.58808135986328,36218000
2019-06-27,126.51023492157603,127.04782073357877,125.91606415902196,126.51966094970703,16557500,188.5628547237149,197.5004239720452,186.96402228539588,188.18548583984375,11159000,95.0999984741211,95.56199645996094,94.9020004272461,95.21399688720703,42834000,4.042672669367494,4.074723779025369,4.006646033577113,4.0555925369262695,445440000,47.953952766753574,48.26041706742118,47.78157184924549,47.82227325439453,83598800,53.79651401448616,53.95035892011897,53.364254962343416,53.399986267089844,20086000
2019-06-28,126.9157812911296,126.94407376571549,125.58597742206376,126.3404769897461,30043000,189.22819208587794,191.8598034531795,188.62242293962004,191.66119384765625,16378900,95.45500183105469,95.64700317382812,94.19999694824219,94.68150329589844,60748000,4.099569377409736,4.108762514185865,4.033727960268221,4.080438137054443,397668000,47.568480245909996,47.764808530798014,47.17822389353572,47.38652038574219,124442400,53.41884629533865,53.647629635074736,53.26896942985287,53.643165588378906,33864000
2019-07-01,128.8586229198593,128.92463390459372,127.29303865361554,127.962646484375,22613500,193.8558701439833,193.92537668709272,190.59860897104744,191.66119384765625,14181800,96.14900207519531,96.49099731445312,95.73300170898438,96.1094970703125,63842000,4.287652175434721,4.321939600528105,4.091121234543973,4.128638744354248,709756000,48.64349397414677,48.95953359072476,48.04014794005199,48.25563049316406,109012000,54.49130674937056,54.96674099702669,54.27805479864713,54.48882293701172,28726000
2019-07-02,128.3776052214973,128.8208731713169,127.6419721113461,128.8114471435547,15237800,191.66118211012622,193.64730834960938,191.37320047269503,193.64730834960938,9050000,95.96900177001953,96.739501953125,95.33149719238281,96.71549987792969,52918000,4.111992879592277,4.133112123655125,4.0175787457339345,4.030746936798096,400228000,48.22211480224925,48.633922035339324,48.21014293958858,48.538150787353516,67740800,54.70172936180596,55.1746836077292,54.49974542749203,55.14887619018555,19832000
2019-07-03,129.0189399602624,129.90547589480042,128.53793909869498,129.6414031982422,13629300,192.8131262326434,196.03064083024432,192.8131262326434,195.83203125,10246100,96.79450225830078,97.07949829101562,96.5250015258789,96.94999694824219,33806000,4.05410206361352,4.0598167941486585,3.983788462677283,4.043666839599609,246636000,48.66982377146037,48.94755485247247,48.52856532024344,48.940372467041016,45448000,55.45457416791242,55.91859646761291,55.27839767606755,55.661521911621094,15340000
2019-07-05,128.2078692560517,129.5188068521493,128.00038148767214,129.26416015625,18141100,194.8191225498302,195.70296330494557,192.82307106256712,195.03759765625,11164100,96.43000030517578,97.29499816894531,96.26499938964844,97.14550018310547,52568000,3.9852791083025343,3.9897512792010867,3.9176980046329453,3.98105525970459,396552000,48.686580826337675,49.10078084743417,48.57883774773992,48.89727020263672,69062000,55.47393625735853,56.222324844227884,55.39155395431283,56.158302307128906,25286000
2019-07-08,128.6416705891053,129.30186665783538,127.67025732222461,129.16983032226562,16779700,193.83600045304996,195.31565486225594,192.29674952582613,194.40203857421875,9723900,96.70600128173828,97.80000305175781,96.4124984741211,97.61599731445312,57668000,3.92142491548064,3.9403078358017027,3.875957055501114,3.906020402908325,329788000,48.07846649289215,48.21972499350005,47.50385353767013,47.88932418823242,101354400,55.83969268415039,55.8798918251512,55.14689076046542,55.4019775390625,24728000
2019-07-09,128.26443079833118,129.1792591398545,128.07580951356877,128.69827270507812,19953100,193.61753161396024,198.07639079781725,193.5380847403057,197.828125,14698600,97.38999938964844,99.50050354003906,97.17400360107422,99.41500091552734,86914000,3.863782307750123,3.9365807835488655,3.851110999361085,3.9085049629211426,342860000,47.69298375237137,48.2460494035654,47.599609079485354,48.1814079284668,82312000,55.176171831851825,55.98138143649293,54.946396458176686,55.82282257080078,26608000
2019-07-10,129.33019849629915,130.6977211861397,129.22645460171066,130.00924682617188,24204400,198.6126115290454,201.55208484696877,198.28489890166972,201.32366943359375,20571700,99.82550048828125,101.24700164794922,99.7699966430664,100.87049865722656,98638000,3.951985699840806,4.03422540705508,3.938072067724618,3.9768316745758057,452076000,48.327459058921235,48.777571116582486,48.25802445075848,48.657859802246094,71588400,56.13994418593404,56.677413192379966,56.12753648233123,56.59949493408203,24190000
2019-07-11,130.3393175235527,131.30130495972793,130.02808587094057,130.52793884277344,22327900,201.85000814613915,202.38627072676124,198.82117769502122,199.83409118652344,13678500,101.28099822998047,101.79000091552734,99.76499938964844,100.05349731445312,86356000,4.049877722006697,4.1721195797212465,4.0126090016490865,4.131372451782227,682560000,48.67701511228483,48.93559199528535,48.293941090035496,48.30351638793945,80767200,56.73696011510128,57.224306053867195,56.55482776100763,56.784603118896484,23910000
2019-07-12,130.95233667105637,131.21640935958496,130.16010421458833,130.99948120117188,18936800,198.29485211662364,203.87587759376112,197.7784701637469,203.4488525390625,15366300,100.41349792480469,100.8499984741211,100.19349670410156,100.55000305175781,50186000,4.159199179305226,4.235476287931402,4.159199179305226,4.164416790008545,506392000,48.4711108844908,48.842216692964875,48.41125522677883,48.67462158203125,70380800,56.773692275454636,56.93994490519269,56.51512966113453,56.818851470947266,17280000
2019-07-15,131.5087745225358,131.60307797364902,130.58452011268565,130.99948120117188,16651500,202.83315175591684,203.90566179408077,200.42001553475404,202.49551391601562,16030300,101.06999969482422,101.1449966430664,100.07749938964844,101.04949951171875,59626000,4.185536558037907,4.201686036695759,4.127645714579826,4.155969619750977,289840000,48.86376782295718,49.2899398482274,48.8422206612221,49.13192367553711,67789600,56.91611694071192,57.112644806390485,56.54589638049259,57.08882141113281,18076000
2019-07-16,131.05606105346814,131.14093846411384,128.75484420342866,129.28298950195312,22726100,202.4756510626103,204.04469270457696,201.69113781809776,202.42599487304688,12132700,100.52899932861328,101.31600189208984,100.06099700927734,100.49500274658203,52364000,4.141062031922187,4.178330750463174,4.095593939397551,4.151248931884766,341444000,48.983465032723174,49.34738837923282,48.722495295890674,48.961917877197266,67467200,56.87343454162901,57.497753613040786,56.823807519395906,57.24961471557617,24776000
2019-07-17,129.86774472105847,130.0846584980588,128.47192982206073,128.5190887451172,20211000,202.76364191357328,202.9424011735208,200.19161179871563,200.40016174316406,12083700,100.35250091552734,100.5999984741211,99.60150146484375,99.60150146484375,51176000,4.15298958045273,4.223551990126137,4.12367142952488,4.21659517288208,348204000,48.85418720836417,49.10318513012988,48.667437853715064,48.68659210205078,56430000,57.12008745529851,57.48683597124616,56.86202465872768,56.89080810546875,23400000
2019-07-18,127.84004239085728,128.8491742825783,127.01009138392182,128.66055297851562,30381800,198.76158764327712,201.0655014737429,197.99693991161416,199.38722229003906,11937900,99.00050354003906,99.375,97.57749938964844,98.8949966430664,69738000,4.227028922277097,4.291131137034786,4.170380166878811,4.228271007537842,442192000,48.84221591801951,49.292331625927645,48.77038839924491,49.23965835571289,74162400,56.662028748612755,56.953092949750676,56.21488192336091,56.88982009887695,25814000
2019-07-19,132.24442337232145,132.66882493002737,128.68885329114553,128.84918212890625,48992400,200.77750217621409,200.9264707418014,196.69602714029972,196.9840087890625,12098300,99.56050109863281,99.80000305175781,98.11150360107422,98.22599792480469,63712000,4.2665337653431346,4.27299346141532,4.179075991876641,4.185039043426514,344896000,49.27078274847426,49.44077442780858,48.449564859019844,48.50463104248047,83717200,56.98212386418661,57.12852491424634,56.06053481992066,56.08435821533203,32944000
2019-07-22,129.59430105125114,131.27305581092855,129.5188496204816,130.5562744140625,25074900,198.5232637841171,201.16481547740912,197.43088822585602,200.9165496826172,13589000,98.55699920654297,99.44999694824219,97.91300201416016,99.28150177001953,58000000,4.20640702377409,4.269515478899345,4.198953090120873,4.256595611572266,315940000,48.75841111322735,49.615544461109494,48.74883581666229,49.61315155029297,89111600,56.25061336420676,56.53845542515183,55.79354264689984,56.47989273071289,26030000
2019-07-23,131.81057756395577,132.02750574187212,130.17898236509546,131.3673095703125,18034600,201.43291910530678,202.82321656149048,199.56597074851473,200.9562530517578,14583700,99.79949951171875,99.8895034790039,98.65650177001953,99.72450256347656,54070000,4.295852695096325,4.366414615941003,4.280199385711847,4.364427089691162,428176000,49.91003660607573,50.017776044989866,49.62990895028045,50.001014709472656,73420800,56.77418761681771,56.91810864975121,56.16872802526974,56.88386535644531,21874000
2019-07-24,130.9995311558828,132.73488513052777,130.95238660778944,132.7160186767578,20738300,196.25909257676287,203.38927935225882,195.85193301247276,203.24032592773438,32532500,98.46499633789062,100.06500244140625,98.29350280761719,100.04049682617188,52626000,4.407657750189458,4.444678142132087,4.331629440557488,4.438963413238525,366236000,49.720889297382925,50.07523371101221,49.60117800125017,49.96031188964844,59966400,56.17368949866682,56.77418522619384,55.93001462753775,56.46698760986328,31796000
2019-07-25,132.44243473151045,132.61220394299596,131.39558455601656,132.21609497070312,18356900,205.2661415712743,207.21255193193846,196.884686508005,199.3177032470703,39889900,100.05000305175781,100.05999755859375,98.63600158691406,98.69100189208984,82730000,4.397471510474665,4.4101430552782395,4.284422791957234,4.3077778816223145,392700000,50.0129885793759,50.09678795373076,49.49583486785246,49.565269470214844,55638400,56.467486690097324,56.660042743377936,55.62877967581696,56.184608459472656,44196000
2019-07-26,132.38586137494275,133.62134731371992,132.31985040255805,133.30068969726562,19037600,198.80131483540052,201.472657138913,194.88864359181278,198.36436462402344,24434000,97.0999984741211,97.54499816894531,96.22550201416016,97.15249633789062,98542000,4.33486124181273,4.396478829436491,4.33486124181273,4.34976863861084,274160000,49.67539580143556,50.21409660563263,49.59399300114856,49.737648010253906,70475600,60.746391440646434,62.806441206796734,60.74440741977182,62.055076599121094,96116000
2019-07-29,133.4515839365404,133.46100996316883,131.44273216690158,133.00831604003906,16605900,197.61956609094344,198.24520072198155,193.94523548064475,194.58079528808594,16530800,96.5,96.61150360107422,94.5270004272461,95.62249755859375,89864000,4.342563594499486,4.359707314446263,4.255354586781505,4.343557357788086,248160000,49.910033358512514,50.4319728369032,49.90524388391939,50.202125549316406,86693600,61.590560822079084,61.904206497577476,60.95433001842405,61.50917053222656,44474000
2019-07-30,132.16895793894258,133.1875302038515,131.84830029745711,132.3670196533203,16846500,194.03459346818443,197.33157014804775,192.15770486400248,195.6731414794922,11903600,94.55599975585938,95.49449920654297,94.17400360107422,94.92649841308594,58218000,4.2970948393221455,4.371383965273635,4.282684089069796,4.3592095375061035,197772000,49.98187052779291,50.3170644259433,49.634708419919015,49.98666000366211,135742800,60.8143831427052,61.283861556588356,60.7096692451428,60.80098342895508,29066000
2019-07-31,132.34815728682352,132.49906008425108,127.3967725744344,128.5190887451172,38598800,195.58379301180506,197.3812349683282,191.3434089309462,192.88265991210938,14593500,94.90550231933594,94.97750091552734,92.47200012207031,93.33899688720703,89414000,4.327654954078514,4.328649191087962,4.149758561811245,4.1919965744018555,359416000,51.81584527199262,53.0009865627098,50.590002572472564,51.006595611572266,277125600,60.69477968279282,61.240684534568935,59.93864813305677,60.38113021850586,34510000
2019-08-01,129.20758463289823,132.92348389495535,129.1415592513733,130.20729064941406,40557500,192.82304909397212,197.09322320620495,189.55587835228602,191.39303588867188,17777000,93.58599853515625,94.89600372314453,92.20050048828125,92.76599884033203,94266000,4.202431691299694,4.292870766755365,4.0454057500594125,4.0975823402404785,421212000,51.21249694274107,52.20131353212769,49.4982337605151,49.902854919433594,216071600,60.24961921445477,61.24614673357335,59.83721168876102,60.00048828125,33970000
2019-08-02,130.23556695184885,130.4524951291536,127.56653296881987,129.11325073242188,30791600,189.77435901773782,191.2838039762447,186.76537912344043,187.7087860107422,15297000,92.25350189208984,92.31800079345703,90.4010009765625,91.16200256347656,99124000,4.004907131195068,4.074227441107557,3.957451742759622,4.004907131195068,428348000,49.20852309178124,49.42400195472412,48.2747764812972,48.84699630737305,163448400,59.59005878761747,59.89576836323222,59.00445083735113,59.25507354736328,32902000
2019-08-05,125.7180313887167,126.31218782918423,123.34136245419361,124.69003295898438,42749600,183.40884942322145,184.382047140757,178.09595510906217,180.46937561035156,23086700,88.51100158691406,89.43350219726562,87.43900299072266,88.25650024414062,121164000,3.8212962750592467,3.822538597461443,3.6995515230292635,3.7465102672576904,589156000,47.403272193424044,47.561288300596566,46.10799531556545,46.289955139160156,209572000,58.06649011603183,58.32455670789354,56.58262046487473,57.18708801269531,51950000
2019-08-06,126.18956138723085,127.96261864176837,125.63312358902175,127.02893829345703,32696700,182.41576813725678,184.50119161121094,181.81992420016087,183.23007202148438,18035700,89.61150360107422,89.6884994506836,87.66999816894531,89.3915023803711,101406000,3.8212963770223247,3.86676424080182,3.737565787860047,3.7852697372436523,361272000,47.001046156589894,47.42243223605077,46.45755587635723,47.1662483215332,143299200,57.73249776637787,58.55880082040126,57.56822916602135,58.06202697753906,34188000
2019-08-07,126.18014801887524,127.93435359557651,124.33163897987284,127.58540344238281,33414500,182.3263953857101,185.0771693254237,179.96290030478437,183.86563110351562,15833200,88.69950103759766,89.94650268554688,87.8499984741211,89.66999816894531,90538000,3.7243967785187824,3.8354579700331706,3.707004741035037,3.8235318660736084,372560000,46.78557668796127,47.77917913440648,46.404895585633525,47.65467834472656,133457600,57.36971426618547,58.4836094205948,57.053289453906565,58.26251983642578,28886000
2019-08-08,128.8303559262844,131.08441491804373,128.19845208650713,130.99009704589844,27496500,185.32542951379364,189.01962543093387,182.77326524504144,188.84088134765625,14828900,90.30000305175781,91.71299743652344,89.90550231933594,91.64450073242188,74024000,3.8811750812250887,3.933351439972002,3.823781110298362,3.9321091175079346,309300000,47.93240408773638,48.72968178909559,47.73847236505692,48.70573806762695,108038000,58.70122803573656,59.801973392962765,58.2143818866247,59.79155349731445,29360000
2019-08-09,130.72600039635486,131.45220758475168,128.69829603356456,129.877197265625,23466700,188.6820005104404,189.65519816498647,185.82197375902513,186.5469207763672,11058800,91.44750213623047,91.55449676513672,90.11100006103516,90.37899780273438,57596000,3.8911128407726174,3.8945912483711345,3.7803002052439703,3.830737352371216,341816000,48.37888473817284,48.729767784636486,47.89581454791173,48.30438232421875,98478800,59.45358734544703,59.74589343170104,58.739589755917585,58.95830154418945,21314000
2019-08-12,129.2736144826552,130.01867381043257,127.54770116413657,128.06640625,20484300,185.55386615955348,186.28872323433745,183.18044570259855,184.08412170410156,10930900,89.79949951171875,90.04900360107422,88.8499984741211,89.24600219726562,58110000,3.778561054705098,3.83073740636705,3.7410437744003078,3.7629082202911377,279200000,47.97514537991318,48.55915493199695,47.86218887533691,48.18183135986328,89927600,58.52158326873438,58.80694532425747,57.94897736669752,58.29825973510742,20060000
2019-08-13,128.3116067188556,130.90518930291927,127.32132685403637,130.71656799316406,25154600,184.23307824070483,190.05242885559556,184.0841096777259,187.1427459716797,13577000,89.1500015258789,91.58699798583984,89.0,91.21700286865234,79880000,3.7614172480245873,3.9231639105801226,3.7224093240755445,3.8771989345550537,351956000,48.31159574878954,50.98408951762822,48.181814264515985,50.22223663330078,188874000,58.13696438308925,59.79055868591504,58.13696438308925,59.41785430908203,25888000
2019-08-14,129.03222800207743,129.562132169998,126.4867820737109,126.78012084960938,32527300,184.51112963455034,184.6998140507041,178.06614456883665,178.46337890625,18903700,89.65049743652344,89.78250122070312,87.86100006103516,88.14800262451172,97872000,3.7889960142298094,3.800176677162124,3.684891877381991,3.7286205291748047,419880000,48.825908333667165,49.61419794208263,48.68891716975622,48.72737121582031,146189600,58.37765948884187,58.674933229525564,57.59503136102458,57.78113555908203,31574000
2019-08-15,127.16807543092283,127.34786741626806,125.14307650956779,126.49622344970703,28074400,179.694771834787,181.92916389583752,178.7811555659548,181.32339477539062,12925900,89.09950256347656,89.4000015258789,88.0979995727539,88.80599975585938,75182000,3.7475040811256988,3.7673807659323457,3.6620342890673627,3.696321487426758,477200000,48.898010052333305,49.30176654519396,47.98714860628682,48.48463821411133,108909600,57.74192763129633,58.35433507945226,57.67294503979034,57.92852783203125,24374000
2019-08-16,127.63171815109331,129.12681261342365,127.48031289037117,128.81454467773438,24449100,182.4753306202536,183.81597176353728,181.09497362331183,182.42567443847656,12654600,89.64450073242188,90.14550018310547,89.22750091552734,89.62850189208984,60360000,3.9591910241168424,4.0136032294484005,3.897821528919343,3.9644086360931396,1007960000,49.09508591989218,49.78724417334973,48.989339112593925,49.628623962402344,110481600,58.538454937885376,58.69577568334873,58.154334850586785,58.441680908203125,26266000
2019-08-19,130.44214181631492,131.10452191896815,129.53372450495954,130.9720458984375,24355700,184.71966156532704,186.1993310376985,183.56771988687515,184.87855529785156,9691200,90.90399932861328,91.30000305175781,90.63050079345703,90.80599975585938,56326000,4.077705679120632,4.259080475618772,4.061555725655108,4.243178844451904,815112000,50.61878875414958,51.125890062869516,50.47699357474702,50.55390167236328,97654400,59.06152621172046,59.900233121575305,59.06152621172046,59.47641372680664,24632000
2019-08-20,130.78281008619717,131.25594084277455,129.86493526333263,129.88385009765625,21170800,184.1635656533056,184.70975343868577,181.12479471475274,182.53494262695312,10083400,90.7249984741211,90.84100341796875,89.99400329589844,90.06900024414062,38590000,4.237713125338106,4.2382102438581395,4.149758689607738,4.170877933502197,463188000,50.68127875978292,51.27489985948379,50.546693252789694,50.556304931640625,107537200,59.317613505307676,59.35781264910393,58.665502896201104,58.69428634643555,18310000
2019-08-21,131.1045105249062,131.99399848779527,130.58406390419427,131.33160400390625,14970300,183.71668722924588,184.6104380248602,181.86958911909363,182.27674865722656,8398200,90.96949768066406,91.47899627685547,90.75,91.177001953125,40636000,4.236967207520183,4.309517121630065,4.215351321436691,4.254359245300293,427244000,51.18836961984207,51.34698612513652,50.85430792354824,51.104251861572266,86141600,59.2133888453167,59.50371091340738,58.92951484485984,59.11909484863281,14814000
2019-08-22,131.20861495757995,131.71958978297036,128.96596552260124,130.3759002685547,18697000,182.15754819707544,182.8328389513788,178.66197716718156,180.77719116210938,10821400,91.4000015258789,91.47049713134766,90.00499725341797,90.23300170898438,53070000,4.2640498876687145,4.306536222939866,4.22131475619423,4.260571479797363,303488000,51.236450027486164,51.536865440033296,50.65003855544533,51.06100845336914,89014800,59.25904470871033,59.454679007196304,58.490312362011,59.03373718261719,18950000
2019-08-23,129.81765272722077,130.91531983043652,125.6635641923693,126.22185516357422,38508600,179.58552914612656,181.85965215329884,175.43453262042144,176.5169677734375,17323400,89.65149688720703,90.24500274658203,87.2614974975586,87.48100280761719,105416000,4.184046095850396,4.238458537186339,4.016087804575927,4.035964488983154,568056000,50.33278606566632,50.96245911325128,48.306786768888905,48.700931549072266,187272000,58.65954390584143,59.25954364020348,56.96029055948105,57.13597106933594,33740000
2019-08-26,127.73587028796715,128.27523194121622,126.70443407595137,128.171142578125,20312600,178.15552416270623,179.24789969571253,177.00358241773918,179.10887145996094,8773600,88.34549713134766,88.5,87.17549896240234,88.44349670410156,61600000,4.114726201585745,4.138826734402694,4.072488188579572,4.110750675201416,318208000,49.47479876304336,49.794441106144575,49.28253222326784,49.6262092590332,104174400,57.43224637916817,58.0382019349265,57.21884676358638,58.00941848754883,24522000
2019-08-27,129.06063624585883,129.37290434813033,127.42360750256408,128.44557189941406,23102100,180.6679472771127,182.763310847566,179.75433112049433,180.04232788085938,14399600,88.7864990234375,88.97000122070312,87.33399963378906,88.09149932861328,60394000,4.149012307613659,4.151745274110044,3.9907443080013145,4.020062446594238,290968000,49.95546709208185,50.12129694945658,48.91482789577303,49.06623840332031,103493200,58.58708869645985,58.67989089594126,57.640188212595795,57.95730972290039,21544000
2019-08-28,127.63175662569438,128.464456933083,126.37322708930843,128.27520751953125,17393300,179.2776972802624,180.6878451980161,177.67886493109415,180.49916076660156,9386100,87.75,88.39299774169922,87.20249938964844,88.2125015258789,48394000,3.993701381786324,4.062343667583897,3.954405792400483,4.009618282318115,255612000,49.05181915815829,49.441156273048314,48.864360275642376,49.39549255371094,63755200,57.65308922132062,58.383114224891315,57.43423355085018,58.1151237487793,16040000
2019-08-29,129.8743586381188,131.0004118538232,129.55263327328925,130.69760131835938,20168700,182.4951983485579,184.78917153699635,182.19727640720262,184.28271484375,10128700,89.1500015258789,89.92749786376953,88.86250305175781,89.31999969482422,60302000,4.101140712822491,4.185700354271746,4.097658861975754,4.153368949890137,357976000,50.109296746551,50.30637104076502,49.66708608704055,50.23186492919922,83962000,58.61636564420114,59.35780634309758,58.61636564420114,59.19850158691406,21768000
2019-08-30,131.6722853937389,131.70067208437703,128.9470620208401,130.4516143798828,23940100,185.4843196606987,185.5041851649924,182.18735813612565,184.38201904296875,10774500,89.87449645996094,89.98699951171875,88.22850036621094,88.81449890136719,61174000,4.1996280139551665,4.2493691499726784,4.147897384294275,4.16605281829834,290616000,50.508233068974185,50.57792781692434,49.79684790345952,50.166961669921875,84573600,59.478897959106185,59.478897959106185,58.74952038547454,58.9627685546875,22596000
2019-09-03,129.26879191180686,129.82708276526384,128.40769042940715,128.7294158935547,18869300,182.72360325274315,184.38201674652126,180.8467146732755,181.12477111816406,9779400,88.5,90.04000091552734,88.4000015258789,89.49199676513672,70860000,4.093182863925962,4.12626045181507,4.060105276036855,4.082985877990723,296140000,49.611789494397975,49.74397297835489,49.08065722319765,49.43634796142578,80092000,58.413394768960984,58.902724772222435,57.727040878966534,57.9846076965332,29598000
2019-09-04,129.9217254578633,130.29076691820134,129.1457839860308,130.23399353027344,17995900,183.3691098814042,186.4476117964774,182.61438732066918,185.8418426513672,11308000,90.25,90.38150024414062,89.8115005493164,90.03099822998047,46482000,4.143669611988816,4.204602483677924,4.143669611988816,4.197141170501709,227728000,50.08283798713356,50.34479926242044,49.825684383710225,50.27510452270508,76752400,58.39751659942411,58.733497712826896,58.114142337689394,58.630767822265625,21378000
2019-09-05,131.63446797500657,132.836224397966,131.3032705986703,132.52395629882812,26101800,187.22220493936683,190.03257562956537,186.63630128476942,189.5757598876953,13876700,91.09750366210938,92.0999984741211,90.77899932861328,92.03600311279297,66216000,4.299359372760523,4.476437136282169,4.297618447020891,4.470219612121582,695676000,50.950450645100226,51.42390559777108,50.83268649087719,51.25807571411133,95654800,59.13299124803879,60.20048532751562,59.13299124803879,60.11810302734375,28162000
2019-09-06,132.50495495202037,132.64688835679075,130.77329521982114,131.62493896484375,20824500,188.89055569151398,188.89055569151398,185.05733117901133,186.18942260742188,15226800,91.91100311279297,92.03250122070312,91.31999969482422,91.67549896240234,49938000,4.446839453881401,4.503792848168668,4.405057249946579,4.443109035491943,376976000,51.44312612414458,51.53204789572798,51.07301235316033,51.25326156616211,77449200,59.95681286988234,60.14961501210618,59.67849715993348,59.79800033569336,21442000
2019-09-09,132.08865205699325,132.24005737690638,129.12686309477516,130.12989807128906,25773900,186.42775339899964,187.66908241967977,184.5608048558974,187.4506072998047,14722400,92.05000305175781,92.5,91.23049926757812,91.56749725341797,59990000,4.474198806687141,4.575670589296728,4.472706449022284,4.489120960235596,417524000,51.63298798303403,52.017521111519436,50.72693789572652,51.47196578979492,109237600,59.751850151072006,60.54589390402892,59.18708575085717,59.77219772338867,29438000
2019-09-10,129.4485670781148,129.53372714187452,127.28162030820413,128.7672576904297,28903400,186.13974967623687,186.79517495819528,183.26979792662678,184.87855529785156,15455900,91.13749694824219,91.29049682617188,90.26699829101562,91.02749633789062,52278000,4.456292856416611,4.582386194655336,4.446593478329048,4.555775165557861,352812000,51.39745530418963,52.099225036483446,50.88074243182706,52.07999801635742,127111600,59.31264375237108,60.049616622919956,59.28435631021641,59.851104736328125,25202000
2019-09-11,128.60637744017552,128.94703208756022,127.83043623937644,128.80508422851562,24726100,185.1665477681105,188.1258714909659,184.7891789503919,187.18246459960938,11761700,90.60700225830078,91.6709976196289,90.4540023803711,91.14949798583984,48656000,4.570446072859448,4.632622242415525,4.5413474812997805,4.584373474121094,361512000,52.40926915409926,53.76474325009253,52.32755338078154,53.73590087890625,177158400,59.722573612515326,60.67493015732203,59.66252290304623,60.5543327331543,26140000
2019-09-12,130.44216612905763,130.98152772788984,129.51481937369425,130.12989807128906,27010000,188.54297605938436,189.60554578300966,185.93121504567904,186.1695556640625,11419800,91.88150024414062,92.68299865722656,91.71399688720703,92.17749786376953,56470000,4.630882618044122,4.685597491850589,4.574923954851905,4.582882404327393,327840000,54.026707807498056,54.416045003484264,53.5604625066759,53.61573791503906,128906800,60.75929590720306,61.63075815575841,60.69577316172808,61.25309371948242,34518000
2019-09-13,130.3759155389344,130.64086761851087,129.23094714622312,129.94064331054688,23363100,186.03052298681473,186.66608280106655,185.24599460727404,185.89149475097656,11441100,92.10050201416016,92.30599975585938,91.75849914550781,91.96700286865234,39426000,4.51622918760056,4.553286233268547,4.481161635519684,4.524933815002441,324592000,52.87310442243304,53.06296532020904,52.15691521661223,52.572689056396484,159053200,61.109169347626434,61.58211976938112,60.893781930249766,61.5166130065918,26028000
2019-09-16,128.53068401082606,129.35392678481404,128.36982131009293,129.00381469726562,16731400,185.6332890133977,186.48732393614006,184.48134726534857,184.92822265625,8444800,91.20099639892578,91.28450012207031,90.01000213623047,90.39199829101562,73510000,4.449825006992703,4.516477786278243,4.439379454039742,4.481907844543457,231832000,52.32754329567108,52.904342934889065,52.286687250476454,52.849063873291016,84632400,61.0183588958632,61.51662079094786,60.82431103633032,61.106693267822266,21066000
2019-09-17,129.59998094212014,130.12988507006756,129.098449065165,130.00686645507812,17814200,185.36518165577485,187.01367021432628,184.25294056113165,186.77532958984375,9671100,90.35399627685547,91.19950103759766,90.20500183105469,91.12750244140625,39648000,4.488622793250782,4.507524404776446,4.442114943097713,4.503296375274658,223048000,52.86349251065767,53.07017842826459,52.661610598516674,53.04133605957031,73274800,61.062023283262015,61.29031062556814,60.72902204815212,60.9999885559082,19102000
2019-09-18,129.97844433753696,131.21804425014176,129.19304577668646,131.07611083984375,23982100,186.78522845966341,187.7683663501272,184.7196554638932,186.8348846435547,9681900,90.85199737548828,91.10299682617188,89.7750015258789,90.87300109863281,50112000,4.49633310869276,4.512001438992079,4.389638562797423,4.476187705993652,258152000,53.12784479754824,53.55804156408755,52.73850773924166,53.538814544677734,101360000,60.91860620827062,61.320590082311966,60.37369330419021,61.161781311035156,22702000
2019-09-19,132.7604950650766,134.7192489168912,132.54285895683168,133.48912048339844,35772100,187.35130042111714,189.7743769691644,186.84482850888054,188.82102966308594,10392700,91.0510025024414,91.62850189208984,90.8949966430664,91.07499694824219,40630000,4.482155801934214,4.500560275515015,4.389886289055321,4.400580883026123,245476000,53.35615908872847,53.7767405072033,52.962014363244926,53.10381317138672,88242400,61.14440488412211,61.75879630187581,61.14242086332365,61.474430084228516,19920000
2019-09-20,133.4323394729439,134.03794630330162,130.82066272430222,131.94671630859375,39167300,189.33741952737788,191.76049598296788,186.81503069786078,188.6124725341797,19934200,91.08550262451172,91.53150177001953,89.0459976196289,89.70800018310547,106838000,4.399586870249028,4.423213649169267,4.284685309889253,4.294881820678711,350244000,53.20476404800031,53.48835439269536,52.26506390489358,52.32754898071289,221652400,61.19700903545717,61.70321453427306,60.69874719257586,61.0386962890625,45400000
2019-09-23,131.7480018777286,132.12651519064434,131.00046154778065,131.662841796875,17139300,188.02660224255817,188.7813400510802,183.92526110322308,185.5240936279297,13327600,88.8499984741211,89.63500213623047,88.36599731445312,89.26499938964844,58446000,4.295132285619378,4.393867938171524,4.291401390810437,4.348354816436768,249712000,52.6207470415799,52.834642604048994,52.30831437342142,52.56547164916992,76662000,60.843664241820754,61.49329101475808,60.75284606078018,61.2421760559082,21248000
2019-09-24,132.81726115740835,133.1295291766946,129.52427526854157,129.99740600585938,29773200,186.6760275309446,186.73560890212448,179.13868101783225,180.0225067138672,18546600,89.53050231933594,89.7854995727539,86.77749633789062,87.08049774169922,92320000,4.379691260654187,4.409286999994071,4.255338872554902,4.290903568267822,317268000,53.120647346665386,53.471534114069954,52.1977722057156,52.31553268432617,124763200,61.53845029941724,61.87294334059735,60.08336411030615,60.48435592651367,31664000
2019-09-25,130.1110004087332,132.43881084184926,128.71999437653145,131.8710479736328,21382000,180.191310553298,182.14764622549615,176.63614255897195,181.53195190429688,18068300,87.36799621582031,88.6500015258789,86.1500015258789,88.41649627685547,69864000,4.290406086558118,4.452313143606244,4.245639149597959,4.4326653480529785,308432000,52.52462435934759,53.23360390363498,52.18575493970242,53.12064743041992,87613600,60.33845338023603,61.95036436778528,60.054087144032835,61.86202621459961,29060000
2019-09-26,131.9466728201857,132.6468969139585,131.00041155720535,132.04129028320312,17456600,180.07213389841695,180.1416404359486,176.43751931254107,178.860595703125,16083300,88.1395034790039,88.16850280761719,86.57499694824219,86.99199676513672,70736000,4.422966091309706,4.431670721024697,4.359546104109924,4.4105305671691895,234564000,52.87309730935552,53.09901022097145,52.59190900463546,52.84666061401367,75334000,61.635720761539886,61.786589645462605,61.154728223540516,61.6074333190918,30760000
2019-09-27,132.61850263875013,132.81722384567163,129.30658840792643,130.32855224609375,22477700,179.2379739614707,179.5060901026951,174.44147711355396,175.87149047851562,14656200,87.4000015258789,87.45600128173828,85.69100189208984,86.27249908447266,78144000,4.3687470450950885,4.419482924890661,4.211068061333984,4.27175235748291,362056000,53.002880023860584,53.10382280973313,52.21939810228417,52.58951187133789,101408000,61.687829813041134,61.7379528423924,60.27045898259754,60.798500061035156,27078000
2019-09-30,130.63135342724468,131.73847722976586,130.37585887626312,131.55868530273438,17280900,176.63613086533923,177.43058438545017,175.62321740131483,176.8446807861328,10740000,86.34950256347656,86.87300109863281,85.46099853515625,86.79550170898438,52894000,4.297618374726057,4.339400591774361,4.266281237573151,4.3292036056518555,186184000,53.08939905865949,53.973823753885995,53.06296236123528,53.82722091674805,103909600,60.59403908437005,60.84366603485259,60.16376777696534,60.496273040771484,28082000
2019-10-01,132.15485377623224,132.71314446589233,129.63779530714615,129.70404052734375,21466600,177.90726629549687,178.59248232826286,173.66689733978754,174.59043884277344,17073000,87.30000305175781,87.77999877929688,86.42050170898438,86.78250122070312,61690000,4.352332764161488,4.501555696663208,4.322737030392912,4.327462196350098,366008000,54.09159276622988,54.84863804778662,53.88250117060058,53.97623062133789,139223200,60.49627199916591,61.10321961099574,59.731011628552125,59.80644607543945,25470000
2019-10-02,128.92811704834605,129.04166379707252,126.40160081755963,127.41409301757812,30521700,173.62716519034058,175.3054444125561,171.8893046009598,173.3888397216797,16151700,86.38700103759766,86.44450378417969,85.25,85.6614990234375,66022000,4.305576930574959,4.317514842701942,4.231214259477042,4.303587436676025,293372000,53.60851764627017,53.73349145834526,52.37561187967944,52.6231575012207,138449200,59.40346284592329,59.40346284592329,58.12852497691889,58.39353942871094,32302000
2019-10-03,127.69798295878286,129.40125649881327,126.06095465252228,128.95651245117188,24132900,174.35208292631143,178.5924511415462,172.4255382294334,178.13565063476562,16086300,85.6500015258789,86.25,84.25299835205078,86.22100067138672,69364000,4.3080623887340534,4.515481990979785,4.277720483720872,4.5092644691467285,450588000,52.49577373492866,53.103817725877704,51.70268021152755,53.07017135620117,114426000,58.56078719902371,59.01041405960488,57.68882512518281,58.949371337890625,32424000
2019-10-04,129.40122800555733,130.8206199032417,129.08896005541064,130.69760131835938,22897700,178.30447623198512,179.72454914057343,176.86453781928694,179.19822692871094,10430200,86.3010025024414,87.02899932861328,85.96150207519531,86.98249816894531,49438000,4.511503618614806,4.5550272306781165,4.446343196125105,4.525680065155029,265524000,54.22857296123739,54.67318912519149,53.80799149102436,54.55782699584961,138478800,59.15086170261687,60.12108201447584,59.015872553332414,59.99999237060547,23248000
2019-10-07,129.77028730301623,130.75439280203412,129.65674055588423,129.75135803222656,15303700,178.7513506848282,179.92315782146213,176.85459660474476,178.43356323242188,9178300,86.58149719238281,87.3915023803711,86.18499755859375,86.63300323486328,43094000,4.590590996203396,4.684103818598174,4.581886370414868,4.584373474121094,480984000,54.37998241718254,55.25959571661038,54.276637636700606,54.56984329223633,122306000,59.771705771191215,60.45676473220043,59.73944649916045,59.93448257446289,16858000
2019-10-08,129.7134735621551,130.35692418072975,128.33192600051157,128.37924194335938,25550500,177.02342450439554,179.11878827226818,176.48717709237766,176.5169677734375,9466900,86.12449645996094,86.3499984741211,85.25,85.27549743652344,50840000,4.492602702362428,4.492602702362428,4.389639038964574,4.40779447555542,444436000,54.27183612343445,54.81017807266463,53.91373971335013,53.93056106567383,111820000,59.433744551266486,59.85508399090553,59.00793727788576,59.013893127441406,20786000
2019-10-09,130.07312014264156,131.24647523396857,129.60944678115573,130.8112030029297,19749900,177.9172009811592,179.46637710021028,176.7056627028364,178.6024169921875,7556900,85.98049926757812,86.49749755859375,85.71800231933594,86.09950256347656,40870000,4.484643905690134,4.543835851922609,4.455794348513797,4.494343280792236,292412000,54.56263732910156,54.74528854203184,54.22857560601276,54.56263732910156,74770400,59.521079353845636,59.96773015078462,59.43572102242367,59.6679801940918,17354000
2019-10-10,131.04771905411067,132.16430034177134,130.82061116767795,131.62493896484375,17654600,179.069155247645,180.35020004933247,177.92712352849358,178.78115844726562,8605000,86.26200103759766,86.91449737548828,85.6875,86.01300048828125,51504000,4.492105779850534,4.603027898601413,4.486883002268991,4.552043437957764,309124000,54.7789426913344,55.38217914780831,54.62753582686087,55.29806137084961,113013600,59.482870173687076,60.297757538546065,59.42133144893541,59.983612060546875,16932000
2019-10-11,132.59017027887273,133.45127179698633,132.0034927094708,132.17381286621094,25446000,180.8864503864508,185.19635606125178,180.87652520980797,182.9123077392578,14930500,87.14600372314453,87.27249908447266,86.49299621582031,86.59600067138672,65100000,4.636105018822595,4.708975321941879,4.617203406372779,4.625659465789795,446404000,55.98540102647654,57.11255994872208,55.83158852183792,56.76888656616211,166795600,60.655576320948164,60.962274158707906,60.235228915298784,60.320091247558594,25454000
2019-10-14,132.18327254253708,132.75102078482652,132.02240981861482,132.05079650878906,13304300,182.9222375371105,183.33932226076854,181.30355483283003,182.0086212158203,7006000,86.44550323486328,87.09449768066406,86.0999984741211,86.82150268554688,38204000,4.616954212886972,4.659980212895733,4.585866122915701,4.639089107513428,200040000,56.45404933835654,57.230325218831695,56.3987739424967,56.687171936035156,96427600,60.165749932029854,60.860043679703296,60.13696648288434,60.403961181640625,17350000
2019-10-15,132.53335543373728,134.17038344068737,132.29679010861958,133.96221923828125,19695700,182.5250088892556,189.05936619482304,182.38598065521973,187.57969665527344,15039100,87.10700225830078,88.82250213623047,87.03099822998047,88.36900329589844,62234000,4.729370030649054,4.956437509264949,4.715442150062767,4.883815288543701,664124000,56.81215396701269,57.11497135397821,56.44925350323164,56.55500030517578,87360000,60.56574691584611,61.90222350775951,60.56574691584611,61.68783187866211,27634000
2019-10-16,133.2241324920144,133.41339631785604,132.03184835874671,132.86456298828125,20751600,187.0136440920193,188.38406082078185,185.60348120198177,188.235107421875,10516900,88.66649627685547,89.31199645996094,88.5260009765625,88.87149810791016,55268000,4.8497416495673775,4.954695253064103,4.818653562070151,4.830093860626221,428944000,56.08633553766423,56.53575933506916,56.04547949556907,56.32666778564453,73903200,61.59651188475595,62.26996199964419,61.461526530437325,61.719093322753906,21892000
2019-10-17,133.37557302255559,133.8203171409652,131.5492950187598,132.18328857421875,21460600,188.97991811545484,189.51616554246363,187.46053272716543,189.0692901611328,9603000,89.82450103759766,89.94249725341797,89.10099792480469,89.3740005493164,52948000,4.874613049096965,4.9196285467818335,4.777617876928295,4.832084655761719,263436000,56.49971591783996,56.75446755281839,56.122396137875576,56.545379638671875,67585200,62.08087848148535,62.69601198266688,62.03174746512266,62.18708038330078,19048000
2019-10-18,132.24950858402207,132.47661655322608,129.2214745219951,130.0258026123047,32273500,188.91039727390913,190.16166653080458,182.6441712718929,184.560791015625,16874200,89.38999938964844,89.6989974975586,87.45999908447266,87.87550354003906,67250000,4.832582173077812,4.865162625950303,4.663214290756473,4.737576961517334,307440000,56.37954905370019,57.09814389578318,56.307448635792866,56.81695556640625,97433600,62.20644124803805,62.4759197463978,61.59204980908252,61.810909271240234,27056000
2019-10-21,131.00994185189631,131.05725782912714,129.6473225649797,130.9910125732422,20078200,185.74253147505578,188.59263312031226,185.4545498186692,188.44366455078125,8122600,88.48300170898438,89.29399871826172,88.25,89.28299713134766,42608000,4.799005754453119,4.888291029812565,4.780104144199307,4.874860763549805,261868000,57.083727362633255,57.91768071421455,57.03566163738293,57.80231857299805,87247200,62.14688422051665,62.264452597681135,61.568224110309316,61.843658447265625,20544000
2019-10-22,131.50197289462216,132.4860785845,128.9375976603927,129.04168701171875,27431000,188.68200177508743,189.32748677261512,180.24096485357035,181.07513427734375,19537600,89.40750122070312,89.48899841308594,88.0999984741211,88.2864990234375,42234000,4.931815295939197,5.037017491288982,4.8572040588339185,4.8649139404296875,328720000,57.95854116803715,58.20848515863878,57.58842735440891,57.670143127441406,82293600,61.92803286131868,62.06450623999693,61.606939519696475,61.67741012573242,20476000
2019-10-23,129.5242744928379,130.06363602197183,128.32251838438262,129.86492919921875,29844600,180.74740776329116,185.0871037755713,180.73748258743825,184.8586883544922,12300400,88.06500244140625,88.50250244140625,87.0999984741211,88.1084976196289,42764000,4.782840802817358,4.866156658213106,4.751006533420689,4.851980686187744,279916000,58.1844522125686,58.458430892193235,57.97295861174259,58.444007873535156,75828800,61.65557599330808,62.5255502604924,61.65557599330808,62.48783493041992,18230000
2019-10-24,131.89936843543958,132.87401646667143,131.21805911124613,132.41981506347656,37029300,183.33929649207744,185.43466014569555,181.5319296102549,185.08709716796875,11413500,88.55449676513672,89.41699981689453,88.01349639892578,89.03900146484375,88922000,4.893264715786042,4.92957557871951,4.859192388663499,4.896000862121582,232020000,58.763649338023576,58.83334775862676,58.11475286162288,58.54014205932617,69275200,62.575667512372604,62.72951620881226,62.21909278278817,62.580135345458984,20562000
2019-10-25,131.85208588941208,133.5553596314757,131.719609844963,133.16738891601562,25959700,184.54091659611936,187.6889247860834,183.80604445142222,186.5866241455078,8061200,84.87750244140625,88.21050262451172,84.75,88.06649780273438,192528000,4.976581143670677,5.107897195960004,4.968871263754706,5.087006092071533,423092000,58.43920289088229,59.29718729410837,58.37191014032259,59.261138916015625,73477200,62.085845181491635,63.00743425318063,62.03522614418525,62.78559875488281,24262000
2019-10-28,136.64014358049613,137.84189962947013,135.79797149234983,136.44143676757812,35280100,185.9014303449765,188.21526944839934,183.7961411834682,188.08616638183594,13657900,87.40299987792969,88.93499755859375,87.125,88.85399627685547,74178000,5.130778363782464,5.195441650413245,5.101431198094903,5.142965316772461,330792000,59.46301260952673,59.90282112444377,59.294780746023385,59.85475540161133,96572800,63.297758858864796,64.48187862250542,63.1533418196026,64.01984405517578,52264000
2019-10-29,136.3373217944861,136.73474978438668,134.98416070712858,135.1544952392578,20589500,190.3602755149658,191.19444491491296,187.1626109955606,187.9967803955078,13574900,88.7405014038086,88.8499984741211,87.79049682617188,88.135498046875,45538000,5.12903683665235,5.135503401740243,5.027316989858623,5.04671573638916,211236000,59.835529194446124,60.02298808307294,58.29740403976976,58.47043991088867,142839600,63.33646780609009,63.60247048888422,62.39264557891239,62.661033630371094,37728000
2019-10-30,135.80743054115874,137.20789327099118,135.11664937220178,136.83885192871094,18496600,188.24504787238885,189.1288734678127,184.68987998491397,186.9441375732422,28734600,88.01200103759766,89.11900329589844,87.95600128173828,88.99949645996094,48988000,5.073576144485224,5.0792965313522265,4.980560443479402,5.048705577850342,205960000,58.82372472112932,58.953506199746954,57.970548101650635,58.463226318359375,124522000,62.182120598894436,62.995519916111114,62.133981589742454,62.59502410888672,28178000
2019-10-31,137.11329108302127,137.14167777405734,135.30594251890233,135.66551208496094,24605100,195.3355288423279,196.71588608726947,186.9441478143187,190.320556640625,42286500,88.79949951171875,89.5999984741211,88.5739974975586,88.83300018310547,55624000,5.027815025140034,5.048706132637017,4.919628593911619,4.999462604522705,209732000,59.41975843149152,59.88359800446322,57.0212394670206,59.78506088256836,139162000,62.5945275902726,62.91164908456663,62.07656185187581,62.53646469116211,29114000
2019-11-01,136.5076789591139,136.65908426461232,135.28700797569383,135.9967041015625,33128400,191.5122230579954,192.76347709692703,188.59261514754806,192.27687072753906,21711800,89.40049743652344,89.87249755859375,89.260498046875,89.5719985961914,55808000,4.964147642045386,5.070842215088706,4.939028498677243,5.038510799407959,283640000,59.972513844449246,61.50823692360431,59.88119007430968,61.48180389404297,151125200,62.77914354245675,63.256561800485166,62.555820040422255,63.212890625,33402000
2019-11-04,137.04704127218403,137.20790397867506,136.41304786231828,136.78208923339844,16912000,193.20044377387438,196.00087404852658,192.46557156913653,193.3692626953125,16371300,90.05049896240234,90.75299835205078,90.05049896240234,90.23300170898438,55438000,5.119586059422818,5.247669303433241,5.096456894056255,5.235233783721924,376716000,61.84470699366309,61.969684482565675,61.37606341335742,61.88556671142578,103272000,63.347377100103145,64.22479511570099,63.34266315775771,64.08782196044922,30020000
2019-11-05,137.17951805379514,137.22683401215616,136.17648326727598,136.69692993164062,18250200,194.0147194406447,194.39208824121576,192.25700878658756,192.97201538085938,9942000,90.45800018310547,90.51249694824219,89.69999694824219,90.08550262451172,37710000,5.2349848518961615,5.261098729925604,5.165098801384125,5.213099002838135,300868000,61.777419240231836,62.051401602500036,61.6019813425593,61.79664993286133,79897600,64.16326174475189,64.4630154770298,64.08082643933614,64.1205825805664,25654000
2019-11-06,136.61177443727,136.75372233210163,135.50465016384854,136.3184356689453,16575800,192.68404484979035,193.02168268945965,190.02264283883264,190.22125244140625,10973000,90.05000305175781,90.125,89.42900085449219,89.78849792480469,40596000,5.188975642702698,5.214591915289873,5.07631214409579,5.163856506347656,269012000,61.71011025859934,61.883149774964124,61.37364656965626,61.82306671142578,75864400,63.99304320026914,64.20495481143975,63.64763424085217,64.10916900634766,23060000
2019-11-07,136.11021665536822,137.0943364549838,136.04398587511005,136.5076446533203,17786700,190.57874480422507,192.09813014811667,188.15566839482025,189.0990753173828,13473000,90.18800354003906,90.29499816894531,89.17400360107422,89.41000366210938,53022000,5.250405579746332,5.265079162637917,5.136747335773103,5.181514263153076,280340000,62.3702628523427,62.758363326737026,62.218397769161385,62.536590576171875,94940400,64.23224125268659,65.69427525573451,64.23050712764996,64.95581817626953,40600000
2019-11-08,136.2427399192445,138.14473495924582,136.0345612139826,138.11634826660156,16732700,188.68200487891073,191.00576909176607,188.38408289325045,189.51617431640625,10760800,89.39450073242188,89.49400329589844,88.7020034790039,89.29399871826172,42466000,5.164603039575898,5.1991729847474,5.127048379340189,5.1675872802734375,189100000,62.358224995286456,62.780069259509496,61.914686765954706,62.70775604248047,69986400,64.77814571550945,65.4094126239267,64.7327328457393,65.08037567138672,25028000
2019-11-11,137.52964485568222,138.5516090225391,136.95242475510946,138.25827026367188,14362600,188.61248058679345,188.76144915404416,187.23212338674205,188.29470825195312,8631200,88.9000015258789,89.0,88.35649871826172,88.5824966430664,38920000,5.166841889457222,5.200665661020841,5.080541297434083,5.177536487579346,243436000,62.26419187702616,63.26938943205793,62.25937344945544,63.204307556152344,81821200,64.67393759231845,64.83498406616032,64.38758731433586,64.4759292602539,20238000
2019-11-12,138.41911715730924,139.63980245539213,138.21093849312152,139.1666717529297,18641600,188.68199356191622,193.70689054493673,188.42380260473226,193.12098693847656,17615500,88.73300170898438,89.31099700927734,88.59549713134766,88.9000015258789,40752000,5.2158346746745705,5.269057651734468,5.180767128201791,5.213099002838135,283504000,63.04763233897205,63.34654411916957,62.895774590870325,63.14646530151367,87388800,64.51612440870433,65.01240228877128,64.30619680568894,64.45657348632812,21718000
2019-11-13,138.85443720556756,139.53574673633975,138.41915050137166,139.393798828125,16919200,193.34938864772855,194.3424517791015,191.4029933958844,191.84986877441406,10860700,88.66950225830078,88.75,87.36599731445312,87.65550231933594,59790000,5.181762106581593,5.209368342980656,5.120829721787799,5.187233924865723,300188000,62.94636529570704,63.826209989304445,62.93190265958911,63.75148391723633,102734400,64.2218226391682,64.72951236472149,64.19403120243683,64.41686248779297,16534000
2019-11-14,139.11937943216773,140.43468243093935,139.10045015798815,140.10348510742188,19729800,191.59167503124263,192.68405060745135,190.1219457447506,191.81015014648438,9040500,87.57150268554688,88.32949829101562,87.47799682617188,87.7300033569336,45296000,5.196187787124285,5.219815039843929,5.136250141306643,5.217576503753662,518080000,63.5779452383564,63.85033723289111,63.18020790529742,63.31037902832031,89182800,64.392052173737,65.35979248379357,64.3002419814828,65.08485412597656,23870000
2019-11-15,140.92670766500572,141.92975690816033,140.3021860954687,141.91082763671875,23485700,192.9124280472035,193.9452221338092,192.0385428426987,193.74661254882812,11524300,88.00250244140625,88.08399963378906,86.64299774169922,86.97450256347656,78552000,5.215337393215381,5.267068016404041,4.990010900645512,5.078301429748535,1053628000,63.56107338652864,64.06728791082074,63.39957143680535,64.06246948242188,100206400,65.45606373875358,66.24713522850479,65.22479658423292,66.24663543701172,35652000
2019-11-18,142.00544512907695,142.45964652590888,140.9740093029432,142.26092529296875,21534000,193.21035926758856,197.2521334616759,191.71083940318275,196.03065490722656,16167200,86.91500091552734,87.68499755859375,86.135498046875,87.62650299072266,56790000,5.070840850936042,5.306115318852646,5.067856610412986,5.279504299163818,574588000,64.07210837908097,64.46502731928551,63.69365943729218,64.38548278808594,86703200,66.11511969377833,66.2793390562151,65.38459872749078,65.54341125488281,29748000
2019-11-19,142.7719160538957,143.19773077049012,142.12845083247115,142.30824279785156,23935700,196.03063778436965,198.61260774624662,195.49439041074814,197.9373321533203,19056800,87.84950256347656,88.03399658203125,87.15149688720703,87.6395034790039,45416000,5.24841605089638,5.272042829358788,5.114612880246556,5.172809600830078,414564000,64.57832448794083,64.60243134404664,63.9732843310493,64.19023132324219,76167200,65.8908145969329,65.8908145969329,65.1513578481253,65.28337097167969,25384000
2019-11-20,142.71653051718937,143.21975444233186,140.9599988217842,142.06138610839844,25696800,197.20250807935489,198.2054965376986,194.07434965370769,196.13992309570312,12355400,87.45700073242188,88.1259994506836,86.70600128173828,87.27649688720703,55800000,5.149929247041148,5.335960191924732,5.137245157265,5.2521467208862305,472588000,64.00942141500776,64.13958515679752,62.77040148157469,63.44294357299805,106234400,65.09874754847438,65.26053612388678,64.07691619865,64.66748046875,26172000
2019-11-21,141.8525065510423,142.2323077802058,140.99797913931158,141.928466796875,18576100,196.05053480104607,197.70894852394719,195.49442183443753,196.55699157714844,12131000,87.1500015258789,87.34349822998047,86.51799774169922,86.7354965209961,53258000,5.247668860700385,5.3033784663339745,5.205637614045377,5.2272748947143555,288388000,63.5634845963379,63.64062358695327,62.95843713304087,63.15851593017578,121395200,64.58956647833071,65.14093498063947,64.16872686416106,64.58311462402344,19910000
2019-11-22,142.48867469225863,142.7070513485023,141.30182299190173,142.0329132080078,15901800,197.0038761974461,197.91749249402721,196.24913849157457,197.44082641601562,9959800,86.95099639892578,87.32150268554688,86.55000305175781,87.28600311279297,49582000,5.2499078159765284,5.29641566752283,5.22130682973307,5.24493408203125,224100000,63.29832613946704,63.44054702045154,62.87648192495427,63.10307312011719,65325200,64.79503231551286,64.94937704184521,64.08982639929134,64.28485870361328,27714000
2019-11-25,142.42221452931787,143.70402025525647,142.3462542763498,143.59007263183594,22420900,198.1359671072724,199.57590566726876,197.86783580965027,198.40408325195312,15272300,87.6624984741211,88.87100219726562,87.66200256347656,88.69200134277344,69724000,5.37301794112032,5.506572567464583,5.3600852815336015,5.501598358154297,506476000,63.32726038211015,64.2263939691162,63.28145955811588,64.20951843261719,84020400,64.47541353236007,65.0773971818501,64.42330648799071,64.8481216430664,20724000
2019-11-26,143.71347397293835,144.7199217195957,143.67550109990344,144.34962463378906,24620100,198.6126519187791,198.76160534654107,196.66624126268024,197.5897979736328,11735500,88.99600219726562,89.85150146484375,88.9175033569336,89.84700012207031,63624000,5.483938819047379,5.488664459135034,5.390425982090966,5.396892547607422,385244000,64.34690190752454,64.39993403773599,63.27662244789559,63.70811080932617,105207600,65.00544757983046,65.25061047671463,64.76872813097796,65.1885757446289,21394000
2019-11-27,144.634474337647,144.79588440466082,143.86539687625552,144.62498474121094,15184400,198.51331622136922,201.73084625969688,198.0366501555603,200.5987548828125,12736600,90.05000305175781,91.2249984741211,89.8655014038086,90.92549896240234,60512000,5.442439433136044,5.476785657980302,5.405355042614716,5.431736946105957,215784000,64.01907401320656,64.59760910005717,63.95399212630652,64.56385803222656,65235600,65.26052806389356,65.42727667098855,64.99402562386204,65.16077423095703,19912000
2019-11-29,144.41612593217906,144.6060193135359,143.63754423429873,143.7324981689453,11977300,200.20154085441672,202.3862767947864,199.81424682477365,200.2412567138672,7985200,90.88899993896484,91.2344970703125,90.03949737548828,90.04000091552734,38468000,5.400874317283866,5.429247178104151,5.3705095456751675,5.394402980804443,141556000,64.26493974297915,64.60241356645375,64.09619915305304,64.42162322998047,46617600,64.86947340814588,65.02256864341578,64.71314467307579,64.76227569580078,11740000
2019-12-02,144.14075664622644,144.15975032921867,140.82707611687533,141.99493408203125,27418400,200.72784846873833,200.77748950119235,196.67614921819447,198.314697265625,11503400,90.22000122070312,90.27749633789062,88.13400268554688,89.08000183105469,78512000,5.3874339606619195,5.40087413615053,5.192803490574967,5.2079854011535645,372036000,64.42644300309937,64.66267836265502,63.50562312760783,63.6767692565918,94487200,64.56574579959208,64.80544125620217,63.57319018436453,64.015869140625,30218000
2019-12-03,140.03901078734793,141.88099245305773,139.24143543533958,141.76705932617188,24066000,196.22928813832425,197.5500488177166,193.72676471111598,197.44082641601562,11595300,88.0,88.64350128173828,87.36150360107422,88.49800109863281,67618000,5.024306296013905,5.172394608073015,4.986973159959638,5.168412685394287,465232000,62.26661508192712,62.560701052764436,61.77968898703024,62.541419982910156,114430400,63.50222355249014,64.43974157818509,63.473936109556284,64.28187561035156,22876000
2019-12-04,142.5551589478826,142.59313183508579,141.66264397525163,142.27981567382812,17574700,198.61264892215945,198.64243960726236,196.6761786257569,197.33160400390625,8456300,88.70050048828125,89.45449829101562,88.01100158691406,88.03450012207031,53402000,5.252039891448717,5.274439872857708,5.183595714795328,5.212217807769775,273424000,62.93192000275179,63.47187818362995,62.83790548569971,63.093421936035156,67181600,64.86400676656977,65.79651166274121,64.7578010758322,65.53546905517578,30750000
2019-12-05,142.46969103125002,142.72605507318448,141.92847966360355,142.35574340820312,17869100,198.47359760463056,199.89367060595066,196.83504950265495,197.97706604003906,9740400,88.17500305175781,88.17500305175781,87.0,87.02400207519531,56476000,5.234120027389068,5.2497999186570175,5.164679898566728,5.195293426513672,184884000,63.58757726755583,64.09379166553936,63.33206085496577,64.01905822753906,74424400,65.9056880393753,65.97308415851272,65.33198804096517,65.91213989257812,24254000
2019-12-06,143.36218544473041,144.1977191296033,142.67855775569407,144.0837860107422,16403500,199.109161967281,200.17174681328623,198.67221175594955,199.6553497314453,12270600,87.55999755859375,87.72000122070312,87.00650024414062,87.58000183105469,62348000,5.264484189049856,5.313515297936631,5.254528431528692,5.280661582946777,232236000,64.477092231049,65.32559921087861,64.43369694330708,65.25569152832031,106075600,66.17566145384248,66.69973066887884,66.17566145384248,66.53199005126953,26296000
2019-12-09,143.43812729439733,144.52053524859164,143.28620683010584,143.71347045898438,16687400,199.2581128667402,201.73084553899562,198.82117781385858,199.94332885742188,11954800,87.53299713134766,88.34449768066406,87.28050231933594,87.47550201416016,48856000,5.257764100194735,5.335417299879885,5.24905304972204,5.280661582946777,211880000,65.08452157936348,65.27736166371423,63.85755870346598,64.34207916259766,128042400,66.4039635018308,67.46649761564638,66.39403582425842,66.67790985107422,27086000
2019-12-10,143.64700791362546,144.21670244283945,143.14378402425768,143.49510192871094,16476100,200.2611060844321,200.64840008286976,198.7615711227595,199.47657775878906,9475700,87.37000274658203,87.53350067138672,86.75,86.96050262451172,50286000,5.3107766616725405,5.3774790918331785,5.258012385749654,5.325710296630859,256388000,64.74705730032277,65.10140670875774,64.08656483345956,64.71813201904297,90420400,66.5756620337067,66.99625927521282,66.30469932988669,66.73249053955078,21882000
2019-12-11,143.88439542695198,144.19772600669825,142.73553112248442,144.03631591796875,18856600,198.8907031522265,201.22440781164835,198.8907031522265,200.85696411132812,8036800,87.08350372314453,87.5,86.7854995727539,87.43599700927734,41952000,5.3361656283737,5.414814332438053,5.333676688247493,5.409338474273682,233796000,64.7976705897848,65.34968584475796,64.72294450121728,65.27013397216797,78756800,67.03919263532063,67.05705639529288,66.63373299132144,66.75035858154297,17008000
2019-12-12,143.98883361683096,145.6884132602261,143.39067024851747,145.49851989746094,24612100,200.94632170150078,202.2472319209089,192.75355123432666,195.38516235351562,23734800,87.5,88.19999694824219,87.27200317382812,88.0165023803711,61918000,5.380466249132867,5.595007801220223,5.3715064467402796,5.576838970184326,404348000,64.54940876294314,65.70164603420217,64.4385260360903,65.43648529052734,137310400,66.79602237754818,67.28411427972895,66.52605163199475,67.01091003417969,25620000
2019-12-13,145.2706225700529,147.06514144581269,145.10921250574927,146.72332763671875,23845400,195.03758127831333,195.43481559887462,191.8299917985981,192.7634735107422,18798000,88.25,88.44950103759766,87.75,88.0469970703125,54914000,5.579825576915695,5.699043065992247,5.520838711177942,5.57484769821167,454704000,65.43646152513958,66.36210722075081,65.30870330727501,66.3259506225586,133587600,66.89577597677577,67.15101044268953,66.6932922389307,66.88982391357422,30992000
2019-12-16,147.27405586689932,148.02413977443967,146.99871264431604,147.67283630371094,24144200,193.91543174757714,197.73871551131217,193.45861606378233,196.5470428466797,14911500,88.3499984741211,88.4749984741211,87.85250091552734,88.46050262451172,62904000,5.622385087709869,5.6761448460180475,5.594260501579074,5.603718280792236,320976000,66.7718934682827,67.68548930512532,66.76707504123782,67.4613037109375,128186000,67.32008241623066,67.72604184801332,67.1300101944443,67.55184936523438,27946000
2019-12-17,147.59687527988865,147.84374970704792,146.6473939149644,146.87527465820312,25425600,197.4606846170567,197.61957836702268,194.76949180936435,197.01380920410156,10175700,88.90049743652344,89.5999984741211,88.86949920654297,89.53299713134766,72888000,5.622385140255545,5.704518236970812,5.612927360953992,5.6818695068359375,321196000,67.3914334748193,67.92174758501162,67.20581728332861,67.59391784667969,114158400,67.63720639572155,67.7419202854571,67.06315800656236,67.25159454345703,37080000
2019-12-18,146.5049702330823,147.62535123386945,146.39102262315123,146.57142639160156,24129200,198.70200527065927,202.88280786728532,198.70200527065927,201.0952911376953,23274400,89.7509994506836,89.91000366210938,89.11799621582031,89.20149993896484,67028000,5.716712489549037,5.772712424182313,5.708250192810405,5.71223258972168,343548000,67.44685094529272,67.95306540143068,67.28293612524905,67.43238830566406,116028400,67.32504898518096,67.517105224757,67.04713462541275,67.12752532958984,30452000
2019-12-19,146.22011539685346,147.90070129927008,145.98274507965075,147.84373474121094,24958900,201.37335390124366,204.86894059795554,201.10522259519556,204.63059997558594,16514600,89.0250015258789,89.64949798583984,88.7030029296875,89.61399841308594,53056000,5.746829591877591,5.87376265328227,5.741851713065646,5.86032247543335,445360000,67.37452499510937,67.77949354081964,67.2419483714801,67.49987030029297,98369200,67.08783629852672,67.39949418691485,66.94713740732615,67.2972640991211,29398000
2019-12-20,149.4008886645591,150.4832967693194,148.3944263145759,149.45785522460938,53477500,206.04071887731888,206.26913429060508,202.0188104648311,204.86891174316406,27306900,89.98100280761719,90.14849853515625,89.12249755859375,89.32499694824219,103016000,5.926776931914575,5.983025645107874,5.907612616648065,5.957639217376709,603044000,68.03261909048223,68.13385757058333,67.14794837558046,67.36007690429688,275978000,67.6600470885077,67.67443502731811,66.94788198038908,66.97716522216797,66300000
2019-12-23,150.1319788357844,150.1319788357844,149.32492842184706,149.45785522460938,17718200,205.2661376501532,207.14302628393207,204.2532090556398,204.74974060058594,13348900,89.41300201416016,89.6500015258789,89.22550201416016,89.6500015258789,42728000,5.986260244364152,6.018366756693051,5.933247210027286,5.943949222564697,355060000,67.62284751640941,68.51956828211395,67.58427801121577,68.45930480957031,98572000,67.28881851204474,67.48385077360925,66.82430020535129,66.93993377685547,17662000
2019-12-24,149.52433703673594,149.7427282049792,149.1825231298524,149.4293975830078,8989200,204.86890476672147,205.35549595032708,203.57791980565872,203.69708251953125,6046300,89.69049835205078,89.77850341796875,89.37899780273438,89.46050262451172,17626000,5.928517306160932,5.95614391368666,5.894170610379411,5.938970565795898,138864000,68.6256064889227,68.67382019117778,68.19894391383995,68.52436065673828,48478800,66.92307275069706,67.01041511005613,66.63919872388126,66.67790985107422,6950000
2019-12-26,149.60025013137175,150.7111413565533,149.44832966777443,150.6541748046875,14520600,204.14398566921528,206.3783776106005,203.88577956921796,206.34857177734375,9350700,90.05049896240234,93.52300262451172,89.9749984741211,93.4384994506836,120108000,5.942454939158113,5.981281535234037,5.923539381476258,5.953157424926758,182852000,68.65694062384628,69.90077903385306,68.62801534674483,69.88390350341797,93121200,66.80744342722119,67.55965247319763,66.72307709396614,67.51364135742188,13350000
2019-12-27,151.39477141853968,151.48972533181646,150.22691362248713,150.92953491210938,18412800,207.222486482387,207.48067744731281,205.15691330415703,206.6564483642578,10284200,94.14600372314453,95.06999969482422,93.30049896240234,93.48999786376953,123732000,5.968340337367276,5.981780516027428,5.869033880243233,5.895416259765625,254644000,70.17558415289048,70.86258898425908,69.45242272121374,69.85739135742188,146266000,67.64216196411259,67.71859219401192,66.96325585084938,67.09129333496094,20768000
2019-12-30,150.95805156097413,150.98653484366739,148.81221434517386,149.62876892089844,16348400,206.4180996272291,206.45781548452317,202.48556302573147,202.99203491210938,10524300,93.69999694824219,94.19999694824219,92.03099822998047,92.34449768066406,73494000,5.873513855366277,5.878740485662543,5.750811944449215,5.782171726226807,258056000,69.77541776891532,70.55402404481653,68.75335220312694,70.27198791503906,144114400,66.99751910774671,67.14640399806173,66.20446341841148,66.30967712402344,21018000
2019-12-31,148.85017423808296,149.79965545375853,148.54633329485864,149.73318481445312,18369400,202.58487351077193,204.1340495307956,202.18765432977014,203.82620239257812,8953500,92.0999984741211,92.66300201416016,91.61150360107422,92.39199829101562,50130000,5.746829450735264,5.865798187948946,5.727665139968271,5.856340408325195,231004000,69.88871821326251,70.79266985648837,69.7898852841712,70.78543853759766,100805600,66.01040740618228,66.4019713183176,65.95953469090176,66.35333251953125,19236000
2020-01-02,150.75861913365446,152.6101045190427,150.3313555044007,152.5056610107422,22622100,205.3157881988708,208.33469324197424,204.83912217163126,208.32476806640625,12077100,93.75,94.90049743652344,93.2074966430664,94.90049743652344,80580000,5.9422061261104835,5.971076965332031,5.8916820387936255,5.971076965332031,237536000,71.4097927692221,72.46079141879511,71.15668916006118,72.40052795410156,135480400,66.57814561345798,67.89774654696777,66.57814561345798,67.85953521728516,28132000
2020-01-03,150.32191762939865,151.8695626184331,150.0750431677832,150.60675048828125,21116200,205.77262467099823,208.940483432474,205.51441855073767,207.2224884033203,11188400,93.2249984741211,94.30999755859375,93.2249984741211,93.74849700927734,75288000,5.851362780060624,5.919309450404571,5.8264738602636355,5.875504970550537,205384000,71.62915285765841,72.45596582996416,71.47246932030643,71.69664764404297,146322800,66.89130003014904,68.1141308205774,66.77636312898343,67.52653503417969,23728000
2020-01-06,149.14451665528264,151.06247283904833,148.60330538796924,150.99600219726562,20813700,205.26616212003222,211.30398824470248,205.0874180159547,211.125244140625,17058900,93.0,95.18450164794922,93.0,95.14399719238281,81236000,5.782172726621705,5.905372161901227,5.756039570618986,5.900145530700684,262636000,70.81920068576198,72.30649856939735,70.5685026643333,72.26792907714844,118387200,66.99750440375196,69.30519319306404,66.99750440375196,69.1915512084961,34646000
2020-01-07,151.27138077488013,151.60369056590727,149.3724180103726,149.61927795410156,21634100,211.34370579308143,213.09149147322898,210.28112095451584,211.58203125,14912400,95.2249984741211,95.69450378417969,94.60199737548828,95.34300231933594,80898000,5.9285175131814745,6.017370697897998,5.883468804691061,5.9715752601623535,314856000,72.27756311117845,72.5330795245145,71.70867973246871,71.92803955078125,108872000,69.37666760347787,69.62728276362967,69.00147561904272,69.14837646484375,30054000
2020-01-08,150.901085184897,152.6766254104449,149.97059738789642,152.0024871826172,27746500,211.52246449364458,214.73999476071972,211.13517044646403,213.72706604003906,13475000,94.9020004272461,95.55000305175781,94.3219985961914,94.59850311279297,70160000,5.967344548549254,6.02409122818226,5.92727371561059,5.982775688171387,277108000,71.63155918060959,73.38643082203993,71.63155918060959,73.08511352539062,132079200,69.08583956646167,70.05358738047906,69.02430463002621,69.69329071044922,30560000
2020-01-09,153.66404265039787,154.02485016301017,152.89496515282673,153.9014129638672,21385000,216.03093740438726,216.86512191418717,214.77968336909768,216.78567504882812,12642800,95.49449920654297,95.89099884033203,94.79000091552734,95.05249786376953,63346000,6.069139231981593,6.12090802671999,5.994721708224297,6.048481464385986,255112000,74.06138991692809,74.83035236373952,73.81069918448344,74.63751220703125,170108400,70.499739797411,70.83522105043521,69.98856668958533,70.4630126953125,30018000
2020-01-10,154.59455860928736,154.97434534980923,153.0373953045155,153.18931579589844,20725900,217.6794087300019,218.35469945623274,215.91175778469207,216.5473175048828,12119400,95.26850128173828,95.34700012207031,94.0,94.15799713134766,57074000,6.155752274996009,6.18611657317149,6.06665034190896,6.080836772918701,316296000,74.87131024106992,75.37029336253585,74.30483235122053,74.80622100830078,140644800,70.84664818594364,71.21235933028036,70.3895811952227,70.954345703125,36414000
2020-01-13,153.58805000082654,155.05974853136001,153.11330947406935,155.03126525878906,21626500,218.07666265158258,220.43021734781135,217.68936864900138,220.37063598632812,14463400,94.56549835205078,94.9000015258789,94.04000091552734,94.56500244140625,55616000,6.163965815587761,6.296622997009059,6.141316611691496,6.271485328674316,319840000,75.1220256778742,76.43094632364196,75.0039042885127,76.40442657470703,121532000,71.2719515924114,71.48981525869341,70.77021391646954,71.42579650878906,33046000
2020-01-14,155.13574856742852,155.33514601452856,153.55011653968288,153.9394073486328,23477400,220.0727192673675,220.83738211480784,217.113395404011,217.5404052734375,13288900,94.29399871826172,94.35549926757812,92.92749786376953,93.47200012207031,68818000,6.2286754476924235,6.254062338628805,6.141315737071839,6.154507160186768,359088000,76.34175230410106,76.5514679630278,75.24977872842311,75.37271118164062,161954400,71.41488160630941,71.55333901128671,70.88684425949981,71.01140594482422,31178000
2020-01-15,154.4046787799735,155.65800132949352,154.35721629474406,154.93638610839844,21417900,219.07965833729054,220.1422280098775,218.6129174526304,219.61590576171875,10036500,93.61250305175781,93.94300079345703,92.75450134277344,93.10099792480469,57932000,6.167201230265484,6.1896012087473915,6.086063614825088,6.111948013305664,263104000,75.17263768221467,76.05248268254357,74.61820946436237,75.04969787597656,121923600,70.97815395037745,71.53324061620381,70.97815395037745,71.42430877685547,25654000
2020-01-16,156.04728089791246,157.8418002450404,155.74343988204842,157.77532958984375,23865400,221.02606668863191,221.0856480515762,218.86118119969814,220.2316131591797,10015300,94.14949798583984,94.27950286865234,93.3010025024414,93.89700317382812,53190000,6.165458737258032,6.201547642568613,6.14206327909564,6.1955742835998535,284192000,75.59204701170188,76.10067426588142,75.23046637506901,75.98978424072266,108829200,71.83323541868478,72.0590427260816,71.50965829520423,72.04464721679688,23474000
2020-01-17,158.96215166642233,159.00962862726476,157.07267873319398,158.6583251953125,34371700,220.4897919973083,220.7479829401893,219.00019739381185,220.59902954101562,15905900,94.29450225830078,94.33200073242188,92.86250305175781,93.23600006103516,79946000,6.214737926364124,6.222204742953625,6.156747027530316,6.20428466796875,253792000,76.23808752279956,76.83349074089385,75.93195182564011,76.83108520507812,137816400,72.60097359932806,73.51338079134683,72.36822222612999,73.46846771240234,47924000
2020-01-21,158.25956853803012,159.6932948669055,158.02219816442164,158.0886688232422,29517200,220.6189068065152,220.82744157647545,217.59998643017602,219.90390014648438,14275800,93.25,94.7135009765625,93.0,94.5999984741211,74156000,6.167699485326466,6.2045351231948365,6.1368372069696315,6.170935153961182,217916000,76.45986173724447,76.90098699093934,76.1730071029982,76.31040954589844,110843200,73.40545344385005,74.03721268737883,73.01239767610865,73.66748809814453,40734000
2020-01-22,158.94320200384328,159.0286663522028,157.3100926165268,157.32908630371094,24138800,220.7678517590934,221.2048019404833,219.74499799490349,219.78472900390625,12212800,94.80449676513672,95.125,94.16699981689453,94.37300109863281,64326000,6.21623163515969,6.311555671349777,6.197316078810498,6.224942684173584,239240000,76.79491535128935,77.13480208755844,76.4887796776353,76.58279418945312,101832400,73.99503039104304,74.60117907976469,73.69378482934606,73.7444076538086,32216000
2020-01-23,157.79426154285446,158.37344557581127,156.92074069589083,158.2974853515625,19680800,219.21868788922464,219.95356006699245,217.74895868662998,218.2355499267578,11195000,94.25550079345703,94.4990005493164,93.63800048828125,94.22899627685547,49692000,6.265015025340445,6.301850188800662,6.176161835918426,6.2933878898620605,244516000,76.6358420591075,77.03116654175618,76.0886451198764,76.95162200927734,104472000,73.82827524843472,74.21933937263805,73.55333691999178,73.77913665771484,27024000
2020-01-24,159.04762811314887,159.06662179825054,156.14221727387803,156.70240783691406,24918100,219.26836890209546,220.24156664547655,214.61089982935755,216.42820739746094,11905800,94.56849670410156,94.74949645996094,92.37200164794922,93.08200073242188,75324000,6.408872256910902,6.458650095394929,6.179895054374351,6.234152793884277,373512000,77.19748815287878,77.93993070377184,76.53940855639385,76.72984313964844,146537600,74.12356276079099,74.2181066629572,72.71711146680417,72.7895736694336,35692000
2020-01-27,153.00892947269364,155.12628353197823,152.10692499513692,154.08184814453125,32078100,211.6217599875433,214.56121837952216,211.02591604576713,213.3794708251953,13810700,91.0,92.05000305175781,90.76699829101562,91.41699981689453,70570000,5.929514390537916,6.029318836497453,5.779932572099407,5.978296756744385,470536000,74.74114561147599,75.15334557711078,73.49248860994267,74.47357940673828,161940000,71.01736053217846,71.3682293216221,70.53100280630098,71.1612777709961,35104000
2020-01-28,155.50606002902032,157.386029114127,154.83193635911937,157.1011962890625,24899900,214.64067241586744,217.22264271252638,212.03885176597643,216.2792205810547,13413800,92.0250015258789,92.90550231933594,91.5009994506836,92.6624984741211,56160000,6.044249910391118,6.204036184462177,5.990987660795241,6.171680927276611,310976000,75.35342783283777,76.7515370876536,75.25459488094803,76.58039093017578,162234000,71.61289520522637,72.25805792416695,71.09031014666691,72.08733367919922,31548000
2020-01-29,159.36093366901352,160.22496510609736,157.3195547235763,159.5508270263672,34754500,219.9039116233613,222.64476052789837,216.93464727874002,221.68148803710938,33181300,93.19999694824219,93.73750305175781,92.7509994506836,92.9000015258789,41760000,6.1572454719838525,6.193334376160934,6.071378736202756,6.111201286315918,258848000,78.20992276333985,79.02950436307852,77.46988569545148,78.18340301513672,216229200,72.39700856741933,72.7260379651945,71.79849311259875,72.3885726928711,21554000
2020-01-30,165.2572370102274,165.2572370102274,162.16191844057855,164.0513916015625,51597500,205.09736342599948,209.96336756540964,203.32971195312356,208.07655334472656,48775500,92.9000015258789,93.64350128173828,92.53050231933594,93.53399658203125,126548000,6.0133896841235055,6.131362962972072,5.958385680709814,6.117922782897949,290504000,77.26739289963146,78.12313101118072,76.8359045055242,78.07009887695312,126743200,71.46202648613372,72.32157705806684,71.28535017791077,72.25011444091797,26788000
2020-01-31,163.51018671757376,163.69057600096366,161.0130461758437,161.6302032470703,36142700,206.98412922847427,207.24233532558097,199.66525922245705,200.50936889648438,31359900,102.57350158691406,102.78600311279297,100.1135025024414,100.43599700927734,311346000,6.072125422882761,6.084072140361419,5.842650750620133,5.884463787078857,370420000,77.36142037786921,77.78326467024122,74.31450314285442,74.60858917236328,199588400,72.89824316075375,72.9592858732218,70.89476848081826,71.17765045166016,48344000
2020-02-03,161.8200640230479,165.6844592239106,161.79158074783197,165.57052612304688,30107000,202.0287470324437,203.71695116776988,201.0952653515268,202.77354431152344,15495600,100.52999877929688,102.42500305175781,100.01249694824219,100.20999908447266,117834000,5.866296515119098,6.000945161876539,5.86007440324119,5.981532096862793,255564000,73.35267280813538,75.56795795185045,72.85128411079334,74.40367126464844,173788400,72.55581639579194,73.9453958183067,72.40643931507562,73.74390411376953,60736000
2020-02-04,168.19114861437248,171.51433379094814,167.40307724823202,171.02059936523438,36433300,205.18671118087346,209.1391135816442,203.77656327140565,208.37445068359375,19628900,101.49400329589844,102.98999786376953,100.76850128173828,102.4834976196289,105786000,6.123397571961286,6.169939741532912,6.073370982195707,6.150774955749512,271544000,76.00667569866678,77.05044280806926,75.60170706629567,76.8600082397461,136616400,72.31115822916287,72.92802972873821,70.78411331963115,71.81488037109375,78660000
2020-02-05,174.73308516483158,174.89449528670966,169.39700359144013,170.8117218017578,39186300,211.03585723878854,211.2543323571584,207.2622291642732,208.6525115966797,12538200,103.5510025024414,103.5510025024414,101.5999984741211,101.99349975585938,87524000,6.271734343043309,6.281938851591867,6.157743488432498,6.241121292114258,208220000,77.98574655750554,78.28465836318001,76.88413594573808,77.48677062988281,118826800,72.5766732572411,72.64714386938017,70.99552960009365,71.87245178222656,39724000
2020-02-06,171.82761744591156,174.5336447165649,170.96358605909285,174.35324096679688,27751400,209.0099907941408,209.72499743469822,207.88782464797202,209.38735961914062,10567500,102.0510025024414,102.81500244140625,101.23999786376953,102.5114974975586,63660000,6.275466906108434,6.327981948852539,6.194329304179947,6.327981948852539,218284000,77.75672634398214,78.39551744527337,77.19989265225486,78.39310455322266,105425600,71.97665864546519,73.5483665197424,71.93893953448685,73.26201629638672,33588000
2020-02-07,173.61268909833885,176.2522463728986,173.26137110969623,174.6001434326172,33529100,208.84116933586483,211.34369254725343,208.47372569124286,210.85708618164062,12242500,102.09950256347656,104.92649841308594,101.90499877929688,103.96399688720703,101906000,6.287913895982825,6.310065129026218,6.236393836411156,6.261780738830566,189752000,77.89294126547146,78.14181565091206,76.83703724788526,77.3275375366211,117684000,72.8188478961046,73.73894898231123,72.77170089384359,73.4109115600586,23446000
2020-02-10,174.30580444022337,179.30007159743232,173.99247382656716,179.16714477539062,35844300,210.0527206739885,212.31690343236147,209.19868576316776,211.58203125,11856400,104.25050354003906,106.77999877929688,104.24800109863281,106.69550323486328,101124000,6.2844286271790315,6.5457611128780195,6.2794507479977755,6.54501485824585,529608000,75.91404207954616,77.69482421875,75.83430875751218,77.69482421875,109348800,73.16723874540432,74.91313929966732,73.16723874540432,74.87244415283203,28398000
2020-02-11,181.0185845786521,181.06606153613225,174.2297998090583,175.122314453125,53159900,208.731966848272,209.39731740712023,205.07748621038232,205.75277709960938,25030800,107.54499816894531,109.29750061035156,106.80000305175781,107.54000091552734,114920000,6.653279257290554,6.782203253813362,6.591305960564864,6.667465686798096,638556000,78.19013597325772,78.26262078747321,77.00858188468877,77.22604370117188,94323200,75.02779132829747,75.91215742157826,74.72148723010751,74.87791442871094,26892000
2020-02-12,176.2047366998145,176.4611007006087,172.6631756017562,175.37869262695312,47062900,206.40818657433556,209.7548046184871,205.9612960241213,209.29798889160156,13813700,108.16000366210938,109.01249694824219,107.7645034790039,108.0,66686000,6.720231000027536,6.789671124211894,6.681404401745411,6.783199787139893,374644000,77.67548599053883,79.06483505188083,77.67548599053883,79.06000518798828,113730400,75.16028520253177,75.46872472681238,74.84415949040542,75.34837341308594,23352000
2020-02-13,173.83103662761303,176.8218969013737,173.63163918165944,174.42921447753906,35295800,208.06659993280633,212.84323136318875,207.72894693826518,211.66148376464844,15396600,107.24949645996094,108.51399993896484,107.0999984741211,107.49349975585938,60636000,6.725209186080892,6.806595557928401,6.697831327462878,6.739395618438721,528016000,78.3327054260137,78.82320573508036,78.12974054369347,78.49700927734375,94747600,75.07145776742543,75.79056696502592,74.66997368496737,75.16922760009766,18590000
2020-02-14,173.99244218660291,176.0433252005315,173.42274763120017,175.98635864257812,23149500,212.51550030278202,213.4390416989109,211.1748590761445,212.69424438476562,10741700,107.78399658203125,107.9520034790039,106.29450225830078,106.74349975585938,52124000,7.1495642020233,7.341457030032991,7.118204417599933,7.212532997131348,1041924000,78.46558016405162,78.76520124751363,78.00891111869721,78.51632690429688,80113600,75.21586434239704,75.47095489501953,74.8059368685173,75.47095489501953,23956000
2020-02-18,176.23320738570513,178.21761963094866,176.12876387343266,177.7713623046875,27792200,212.06863572470812,216.46789814380386,211.91966716254262,216.28915405273438,15609200,106.2509994506836,108.30349731445312,106.20549774169922,107.78350067138672,58912000,7.109244022181215,7.399697049462996,7.0898309582554475,7.381278991699219,620164000,76.19915236156656,77.25989377012822,76.0179329078446,77.07867431640625,152531200,75.18608730786443,76.01139450922071,75.06648568987477,75.4178466796875,22414000
2020-02-19,179.04712131399614,179.16136560083584,177.53332640335643,178.30450439453125,29997500,216.4778395538806,216.80555220875178,214.6108759999265,215.98130798339844,12135100,108.38999938964844,109.25499725341797,108.05599975585938,108.51100158691406,51224000,7.503730327929483,7.850182749130811,7.503730327929483,7.8325114250183105,694332000,77.32028463710277,78.42451672179727,77.32028463710277,78.1949691772461,93984000,75.68584470051003,76.03502479937897,75.5037085564664,75.76624298095703,18986000
2020-02-20,177.99041356214184,178.27603895996978,172.42078367829703,175.5816650390625,36862400,215.0180366270395,217.25242870566726,211.47279392220503,213.09149169921875,13109200,108.65350341796875,108.8395004272461,106.37249755859375,107.65499877929688,62626000,7.784477262238204,7.872832469799487,7.375802739932594,7.68317985534668,810052000,77.95576899229526,78.44385067885128,76.88777921917897,77.39277648925781,100566000,75.5334943788793,75.91265444804617,74.78014943857715,75.3424301147461,21932000
2020-02-21,174.3914624878726,174.70564877665674,168.7551839000676,170.0309600830078,48572600,211.99911146175108,212.75384913384843,207.38137399647866,208.7220001220703,14092300,107.10749816894531,107.22750091552734,104.4000015258789,104.79850006103516,92926000,7.570931672861622,7.596069343806653,7.234185718205437,7.319056510925293,768180000,76.9868493533589,77.4290289157497,75.0248480652508,75.6409912109375,129554000,74.84018559824868,75.04787927203816,73.4709612485606,73.70272064208984,34634000
2020-02-24,159.72958932936746,166.18465515217062,155.40716170842933,162.70005798339844,68311100,200.40016208020126,202.23731995692836,196.7953377201096,199.32765197753906,23080100,100.15899658203125,101.96499633789062,99.39849853515625,100.4645004272461,130940000,6.724711623637992,7.015413401615063,6.670205129276669,6.8016180992126465,856916000,71.82571246698684,73.49775945094957,69.88545691802558,72.04800415039062,222195200,70.77467716318912,71.31364175736718,70.04416367533321,70.55036163330078,57342000
2020-02-25,165.85142145386897,166.4607487234575,159.6153288264737,160.0152130126953,68073300,200.8470264942419,202.08835545897765,194.5907254813855,195.40504455566406,21433500,101.32099914550781,101.7300033569336,97.9209976196289,98.63700103759766,124382000,6.8767812267304445,6.938754529480886,6.420320327904951,6.522115707397461,1055496000,72.71731344350151,73.0990790994302,69.13641603822464,69.60758209228516,230673600,71.11662735224506,71.37171038618212,68.60546229213122,68.90570831298828,49566000
2020-02-26,161.5765954218968,164.95644881112133,160.14848344532092,162.01454162597656,56206100,195.82210607451668,199.8142237950678,194.13390191303057,195.83203125,16524500,98.51399993896484,100.7334976196289,98.02249908447266,98.97949981689453,104492000,6.522365711253271,6.855627272496365,6.520872727258311,6.661494255065918,747732000,69.23308056046676,71.97553646481957,69.22583207719232,70.71183013916016,198054800,69.28733511403237,70.2580590131553,68.43671263578089,69.14043426513672,44048000
2020-02-27,155.4928762121868,159.02506587788727,150.4087853173964,150.5991973876953,93174900,190.48937905519435,194.52121298477465,188.1854652937536,188.43373107910156,21682600,96.71900177001953,98.75,94.13800048828125,94.21499633789062,162880000,6.347955969591056,6.649291124091377,6.198284706095649,6.290677547454834,906416000,67.9210285159399,69.10499371673924,65.95419053994536,66.0895004272461,320605600,67.59602251823664,68.07463352890882,65.3682318779085,65.41389465332031,59566000
2020-02-28,145.1056977436323,155.8641439606252,144.7153436590033,154.24560546875,97012700,181.43264087587727,191.4030037393074,180.55875557704405,191.13487243652344,32568900,90.73149871826172,94.48799896240234,90.55650329589844,94.1875,189620000,6.038154250442662,6.785265631071536,6.021468903542134,6.725745677947998,1133252000,62.160678974985316,67.27106508637516,61.94562839291094,66.05084991455078,426510000,63.39948692858151,66.55779795953224,63.07690561160681,66.46797180175781,75782000
2020-03-02,157.38748705939656,164.6327770616493,154.53126258325238,164.50900268554688,71030800,192.68403059492923,195.20641933512508,187.53997105000778,195.0773162841797,24949000,95.32450103759766,97.72550201416016,93.5,97.69750213623047,135234000,6.895836871565735,6.913020490869271,6.49986787674665,6.884131908416748,890744000,68.20617210459764,72.83572613943491,67.10435837488609,72.20024871826172,341397200,67.07740421904745,69.02579596948837,65.84688724094975,68.93844604492188,48630000
2020-03-03,165.47060721979446,166.6130941024236,154.48365562186393,156.62582397460938,71677000,194.85882165998112,195.87175015546273,182.69379999814802,184.60047912597656,27984100,98.76850128173828,99.81649780273438,94.40450286865234,95.44950103759766,150690000,6.9399182276917,6.999687085177929,6.536228945565324,6.621648788452148,652792000,73.37455265692115,73.45428597286327,69.05669090258408,69.90721893310547,319475600,69.45011833670682,69.98262352182273,66.10421075689521,66.57022094726562,48046000
2020-03-04,160.4150561439755,162.51913289503506,157.68259213669793,162.37632751464844,49814400,187.85774920031216,190.499300744771,185.09703493000848,190.42977905273438,23062500,97.32849884033203,98.9000015258789,96.0999984741211,98.79149627685547,95458000,6.7289823117891885,7.094817764212099,6.654270899500302,7.085354328155518,597408000,71.62758575768213,73.30930003617219,70.82780458094045,73.14982604980469,219178400,67.45557700182988,68.8878356801187,66.65557734121802,68.8099136352539,38266000
2020-03-05,158.0920407719293,162.6810342565652,157.74929322526484,158.30149841308594,47817300,185.4843302930154,187.6790064786015,182.61437845213564,183.885498046875,19333400,96.6500015258789,98.03600311279297,95.5,96.20149993896484,94964000,6.885876565799117,7.052731462294098,6.761358000504376,6.805935859680176,540328000,71.40527520257908,72.37902717401828,70.41219640582361,70.77705383300781,187572800,67.0074215036757,67.43968049875788,64.7692040856026,65.46102142333984,51226000
2020-03-06,154.81688787610258,155.292925288608,148.523672701681,153.8267364501953,72821100,177.09296747095217,182.50515903917864,175.03731931321934,179.8338165283203,24559600,93.75,95.54350280761719,93.4749984741211,95.05449676513672,105472000,6.626378976418261,6.683906769581396,6.42515686299559,6.625382900238037,515412000,68.13852037839982,70.2696631046371,67.95247104471461,69.83715057373047,226176800,63.37765587779967,64.82479839546724,62.58311611834475,64.43721008300781,53212000
2020-03-09,143.76331289372783,150.1898186025534,142.81123797390183,143.40151977539062,70419300,168.42351586713144,173.78605080213518,164.04410375021178,168.32420349121094,29949000,88.69300079345703,93.13849639892578,88.06449890136719,90.03050231933594,156264000,5.974399911526816,6.460022441611554,5.931565785360691,6.112366676330566,614160000,63.72883776125021,67.19375264320037,63.54761831737935,64.3135757446289,286744800,59.816368521731185,62.27095833830953,59.553341867623764,60.3255500793457,67308000
2020-03-10,150.580089355693,153.3125382124834,145.26751250396114,153.2078094482422,65354400,173.45836197261536,177.05324621122898,168.32422661343773,176.95394897460938,24517800,93.54399871826172,94.7135009765625,90.90850067138672,94.59100341796875,142666000,6.388797656327091,6.501860618591309,6.126063912354889,6.501860618591309,580648000,66.96422060751131,69.21133903609883,65.08678222072572,68.94554901123047,285290000,62.531007914992486,63.580638273986885,60.48485383299144,63.54291915893555,52228000
2020-03-11,149.59950391858936,150.142178949303,143.90608668965464,146.26724243164062,56371600,172.80290373103875,174.6599420229584,166.49696216863526,169.05906677246094,20373900,92.89250183105469,93.56600189208984,90.07499694824219,91.04299926757812,112496000,6.361902064085401,6.390292375183355,6.040893330926484,6.138017654418945,499964000,67.0246098194062,67.95003374263217,65.68841155580724,66.55101776123047,255598800,62.0198369675017,62.57864549494632,59.35829965409747,60.31809997558594,52170000
2020-03-12,138.33645927607344,146.1149079701268,131.93851601607352,132.3955078125,93226400,158.433274615397,165.44431257801335,153.26934971148583,153.39845275878906,43266300,86.0989990234375,88.25,83.75,83.83049774169922,226924000,5.614791089429549,5.8802646697201535,5.374221317468399,5.386922359466553,816540000,61.8417392125565,65.23899909398826,59.92322879744106,59.97880172729492,418474000,55.88088571721534,59.24912479138592,55.250614507320506,55.33051300048828,84534000
2020-03-13,140.43102427946823,154.15042478211845,133.9854742160237,151.21803283691406,92727400,162.39560939830452,169.60524213215632,156.5067524209944,169.09878540039062,35028600,87.75,89.31549835205078,84.03099822998047,89.25,176194000,5.740304950543586,6.002291990483821,5.469103849526931,5.997809410095215,634836000,64.00430755021486,67.63594563074507,61.11928915474014,67.1647720336914,370732000,58.51116239893116,60.53398923649194,55.441336604698826,60.532501220703125,74002000
2020-03-16,133.29048207385222,142.1923879376455,128.5301077140718,128.9299774169922,87905900,151.26337195931941,158.0261289460297,142.10732937100707,144.99713134765625,39120400,82.07550048828125,87.97250366210938,81.30149841308594,84.4574966430664,178346000,5.289796324797989,5.630728426822699,4.831319167784375,4.891088008880615,726972000,58.46140203122849,62.60045234258284,57.99023213253557,58.524227142333984,322423600,54.39204904668074,57.184456166498244,53.32207493078379,53.81289291381836,85048000
2020-03-17,133.29047019596462,140.43103109931985,128.53009626039446,139.5456085205078,81059800,149.69434982189327,152.87214898033153,139.02884576991374,148.3834991455078,34255600,88.77349853515625,92.88899993896484,84.46199798583984,90.39199829101562,218342000,5.003403997386374,5.500233193091708,4.7566084388934895,5.410828590393066,833632000,59.804826482410455,62.24524591333619,57.60361433805932,61.09752655029297,324056000,54.24862392923676,56.122073478803294,52.40743364996148,55.57319259643555,77230000
2020-03-18,131.38627647927117,139.00287221719995,128.5490986345937,133.67124938964844,81593200,138.78057504637806,147.1520901174455,136.14896376320456,145.94056701660156,37553100,87.5,92.08300018310547,87.25,91.5,192904000,4.983232620140205,5.228284949788543,4.499602693892896,5.050970554351807,874268000,57.93463169457292,60.4064631336655,57.294320973205316,59.60184860229492,300233600,52.4322482549022,54.91314134067898,51.47790395076393,54.4317512512207,84668000
2020-03-19,135.92771236898116,142.95401395111134,132.3383865929663,135.87059020996094,85922700,145.602898898625,158.8205656112444,143.79553203514052,152.0677490234375,39862300,93.0,97.25,91.63249969482422,94.04650115966797,207998000,5.029552628734446,5.397380690382684,4.816128239884334,5.3037428855896,765512000,59.775834978401704,61.09269547807698,58.62086339938416,59.14519119262695,271857200,54.245643915523765,57.467477718543876,52.61080706975277,55.349365234375,73022000
2020-03-20,139.00291200117317,140.05020002588367,129.34887472137007,130.76747131347656,84866200,154.93772108236993,158.16517640687016,146.9733501618565,148.69134521484375,32568400,96.31549835205078,97.8499984741211,91.0364990234375,92.30449676513672,196358000,5.453911927886964,5.735821893342123,5.1084977163710255,5.123938083648682,804636000,59.72508515259065,60.84864774255849,55.09070239617697,55.39031982421875,401693200,56.36326517332851,56.77368866646518,52.87790844707976,53.21686553955078,72036000
2020-03-23,130.4437399557186,133.8331378449838,126.1689341603844,129.46310424804688,78975200,148.6218539023494,151.2534655292916,141.263251371694,147.0726776123047,29830800,91.38749694824219,95.97000122070312,90.5999984741211,95.1415023803711,156170000,5.122941742356388,5.391155078470453,4.943884109658483,5.296769618988037,643876000,55.110045472758834,55.21152792629808,51.37209184292637,54.2136116027832,336752800,52.67096482798128,53.1672426984631,50.29954854951737,52.437713623046875,80882000
2020-03-24,136.8607244581916,142.43036670801416,134.4995835056753,141.23074340820312,82516700,154.13334793934374,160.19102444618358,151.51166166344214,159.86331176757812,30440400,97.57499694824219,97.75,95.01699829101562,97.00499725341797,142942000,5.70294954037005,6.292171604857981,5.679291186682041,6.205506324768066,1101644000,57.110708614992014,59.848331019416534,56.6129597572638,59.65261459350586,287531200,54.77765494835936,56.32753108457433,54.12504842065362,56.30073165893555,66890000
2020-03-25,141.77344860070977,146.9336917873563,137.5176734833681,139.87881469726562,75638200,157.8175809789628,161.85935493992162,151.99823079323116,155.1263885498047,35184300,96.03450012207031,97.51300048828125,94.28900146484375,94.29199981689453,129582000,6.320561003595748,6.5202887570171155,6.068037414793704,6.116848945617676,793432000,60.58770003932158,62.399894457247456,59.029213577289134,59.323997497558594,303602000,55.90420584580776,57.01735505197963,53.89626330031822,54.71413040161133,81630000
2020-03-26,141.2878703475674,149.15201614833694,141.25930927065227,148.6283721923828,64568100,157.1522368550116,162.8623497265207,155.93077347488602,162.20692443847656,26556800,95.0999984741211,97.82450103759766,94.4645004272461,97.77449798583984,124426000,6.324046811064288,6.530249749180304,6.225926434654367,6.406229496002197,696108000,59.56562765348039,62.50379627651141,59.52696661828964,62.44580841064453,252087200,55.17616609299508,58.06301472918006,54.26946482358245,57.65507507324219,71434000
2020-03-27,144.4773760926674,147.46689090485182,142.04958202382878,142.52561950683594,57042300,157.1025847157249,158.9794734322402,153.6765199351577,155.70236206054688,24879900,96.54299926757812,96.989501953125,94.99600219726562,95.00499725341797,107758000,6.225926544778391,6.552663238248432,6.193053660221969,6.293913841247559,638828000,61.07095724785997,61.824829012114336,59.69369010665709,59.86041259765625,204216800,55.86450684722796,57.105201415370466,54.883862890441534,55.122074127197266,64170000
2020-03-30,145.1342633758814,152.90319608171725,142.82071439967373,152.55091857910156,63420300,158.07578629902892,165.59328168240037,156.96356041043316,164.798828125,22515200,96.1415023803711,98.68150329589844,95.61699676513672,98.19750213623047,122522000,6.3594106856467905,6.62339033184806,6.3153311111868184,6.614175796508789,602252000,60.5852833250574,61.74025490515105,60.2615017965214,61.56869888305664,167976400,55.83323740240344,57.15284218347833,54.415870376162985,56.91413116455078,51482000
2020-03-31,151.76072771768509,156.88289514179772,149.05683858683773,150.1517333984375,77927200,164.33209364212337,169.7442850366798,163.06097396184765,165.6429443359375,23676300,98.21749877929688,99.6510009765625,97.20050048828125,97.48600006103516,102472000,6.654271627041957,6.858482462958431,6.418931626352314,6.5646185874938965,949960000,61.75958725464871,63.424386025978244,60.88973245903772,61.44305419921875,197002000,56.937959165399484,58.32803087321486,56.48336847490198,57.70768356323242,49728000
2020-04-01,145.66741417445297,150.18976853607813,143.5918985143203,144.820068359375,57969900,160.498866115439,163.01131474567293,156.94369811683305,158.49288940429688,19507600,96.64849853515625,97.24800109863281,94.6500015258789,95.38500213623047,82438000,6.366634237437696,6.5130679036251715,6.008767820198306,6.053345203399658,656912000,59.56079010801558,60.09719995282628,57.78000823267317,58.21010208129883,176218400,55.68237203172245,56.06401208292626,54.464012814336535,54.869468688964844,46884000
2020-04-02,144.58204408545626,148.0285493634673,143.15393223732946,147.819091796875,49630700,157.99637310165318,160.23076547023314,154.83842400786313,157.09268188476562,20886300,95.08200073242188,96.37650299072266,94.5,95.94149780273438,86720000,6.082482203239504,6.37534998710841,6.034418319343871,6.362151145935059,675764000,58.07237254686632,59.23459262853542,57.241178794751,59.181434631347656,165934000,54.50420474017717,55.92355957359399,54.41189855214233,55.62480163574219,39298000
2020-04-03,147.66679583020962,149.83752504353316,144.89625489063627,146.45765686035156,41243300,156.0598724860615,156.81461019982638,149.78372107562265,153.1104736328125,25983300,95.55750274658203,96.31649780273438,94.4574966430664,95.32949829101562,72198000,6.32454562778288,6.366134774325188,5.936795093852247,6.074263572692871,663212000,58.66677342106095,59.3674871060243,57.741345715951596,58.33091354370117,129880000,55.53423221494732,55.75879763078969,53.588577914784345,54.4853515625,46268000
2020-04-06,152.63659910874486,158.52041286531838,150.02790960706554,157.349365234375,67111700,159.03907586298791,165.0471116481266,157.4104527141532,164.40162658691406,28453600,96.80000305175781,99.9260025024414,96.5009994506836,99.87950134277344,115464000,6.356423114393711,6.72101361117626,6.298895318897043,6.6841559410095215,727884000,60.62393834693367,63.57418859482583,60.25666962435699,63.419551849365234,201820400,56.476418829514394,59.28832920903145,56.12604604381692,58.90420913696289,53294000
2020-04-07,161.46230873925492,161.85266276546668,155.43567549415798,155.6546630859375,62769000,170.59831779332245,172.1872249496559,164.85841379930383,167.6588592529297,31411900,100.85549926757812,101.78600311279297,99.88099670410156,100.58000183105469,102280000,6.905798241334143,6.929457068369353,6.407724072179128,6.450807571411133,784520000,65.43229844270063,65.64976767726971,62.58111543792132,62.68501281738281,202887200,60.59552254277233,60.79403443287424,58.67145393292798,58.88386154174805,47746000
2020-04-08,157.73022420929914,158.68229897209625,155.66422371733032,157.2161102294922,48318200,170.0620497899859,173.7860362817374,166.57640388876482,173.07102966308594,21664200,101.05000305175781,102.19999694824219,100.55750274658203,102.1500015258789,79546000,6.559886380587937,6.672949345722739,6.489906918852568,6.648045539855957,542444000,63.484794969799864,64.60352421399418,63.1199448269442,64.28941345214844,168895200,59.87591869991545,60.49973800052175,58.965745375592086,60.06351089477539,39502000
2020-04-09,158.38716413076,159.3487544477742,155.5023786522089,157.2256317138672,51385100,174.6797824584038,175.85160472368048,170.37983283511795,173.97471618652344,23534300,102.21499633789062,102.6500015258789,100.88300323486328,102.13800048828125,92930000,6.773810171653583,6.796721352167685,6.485424937569646,6.548431396484375,525564000,64.92489377394622,65.25592013573771,63.95839000283478,64.75333404541016,161834800,60.74836967182484,60.822316091650016,59.39129952292257,60.1215705871582,43508000
2020-04-13,156.47348523081303,157.63501754538458,154.52172915944234,157.577880859375,41905300,172.46525836195048,173.78603403899962,168.27453107174628,173.57748413085938,19355400,102.0,109.0,101.9000015258789,108.44349670410156,134334000,6.488661761554823,6.728982602723563,6.40025370444109,6.720266342163086,398408000,64.83062173107986,66.13298841132821,64.23138705623904,66.02425384521484,131022800,60.00892133007347,60.57120570791183,58.93785676983282,60.424800872802734,34796000
2020-04-14,160.90061819618973,165.42297284963294,159.94854353230696,165.3753662109375,52874300,177.73844553201988,179.97283770987997,175.39481579712452,176.93406677246094,21011800,110.02349853515625,114.5999984741211,109.31050109863281,114.16600036621094,161744000,6.848520424449045,7.105526615595516,6.820877290444887,7.071408748626709,530948000,67.65523672307218,69.64864994794841,67.18406337493083,69.35869598388672,194994800,61.791055497434556,63.62628987900737,61.3860918633793,62.98906707763672,49408000
2020-04-15,162.99520547266337,165.2516326636138,161.12914697009398,163.6426239013672,40940800,173.97471957427308,176.95390874859473,171.6211649754997,175.74237060546875,17423000,112.88400268554688,116.66850280761719,112.25,115.38400268554688,137332000,6.903309821920208,7.076888845771525,6.85798525694071,6.993959426879883,366148000,68.23514673339383,69.18473466784468,67.80747158227939,68.72564697265625,131154400,61.81686062694709,63.54639293491426,61.55830181891083,62.653587341308594,33434000
2020-04-16,165.94659243587162,168.78377044964205,164.61367938579176,168.55526733398438,50479600,176.71557853489006,176.81489090770748,171.3133127571394,175.02737426757812,23593200,117.30000305175781,123.05000305175781,116.75,120.40950012207031,240764000,7.149356728799016,7.446208795471153,7.136157888607355,7.339122772216797,745620000,69.43843567778042,69.63657063800945,68.22305798705365,69.27171325683594,157125200,63.23075780873889,63.47393287631818,61.668473954955665,62.70321273803711,50362000
2020-04-17,170.89743466957376,171.37347209205166,167.44139833358108,170.0405731201172,52765600,177.95691205507052,179.02942206702005,175.4345383411281,177.99664306640625,20974800,118.61650085449219,120.0,115.8010025024414,118.75,158600000,7.421305667821515,7.442722969423419,7.145870875710724,7.279852867126465,539120000,68.78847886393716,69.33455576393993,66.89654391550201,68.33180236816406,215250000,63.76425887229123,64.23968934979733,63.088328693386195,63.684852600097656,38980000
2020-04-20,168.16497619786358,170.18337012056065,166.6035741104452,166.6702117919922,36669600,176.17934156160146,179.24790313648407,175.54378173554545,177.0035858154297,16110700,119.49749755859375,122.2490005493164,119.30249786376953,119.68049621582031,115414000,7.153343025175355,7.309240137666798,7.104282583304815,7.148611068725586,449388000,67.15992291899424,68.06118282102301,66.89413295001411,66.91345977783203,130015200,63.07691059844318,63.602967665943744,62.5989963266937,62.859046936035156,33910000
2020-04-21,165.18495298161926,165.34680393000076,158.14912184782517,159.7771759033203,56203700,174.03431657376942,174.16341963186656,167.17224658884817,169.6151885986328,24850500,120.83049774169922,121.41549682617188,113.98300170898438,116.40599822998047,149534000,7.030566314208489,7.091829035567349,6.652029823288924,6.711798667907715,735160000,66.75640021366904,66.99077762058634,64.1347578473476,64.84513854980469,180991600,61.88584276439419,62.24663922407477,60.035224617592846,60.3642578125,43060000
2020-04-22,163.17607112940274,165.66098650812486,162.63339614169652,165.20399475097656,34620200,177.21211504555205,183.49820656646574,176.90426789533163,181.0155487060547,33242000,118.44999694824219,119.69999694824219,117.55000305175781,118.17449951171875,84244000,6.904055709260202,7.169031464681237,6.858482252430744,7.12619686126709,483356000,66.11125999851906,67.14783719048366,65.77057396314187,66.7129135131836,116862400,61.81338559177496,63.80211649588622,61.637701311800775,62.6903076171875,41848000
2020-04-23,165.76574976299443,166.6702179488877,162.71911320274435,163.2046661376953,32790800,182.80302977260504,185.75242794824803,181.87947334897981,183.8457489013672,21426600,119.9990005493164,121.21099853515625,119.10399627685547,119.97250366210938,101332000,7.168284705768839,7.30027407803628,7.047750448452174,7.072903156280518,424160000,66.65734110784256,68.0781026916564,66.41571518879498,66.45437622070312,124814400,63.10420780735259,64.1841058371172,62.812397711164635,63.34043502807617,31324000
2020-04-24,163.81400538707817,166.19419264314408,162.52871298530863,166.18467712402344,34277600,181.95896221208622,189.0891637233697,179.57561664147886,188.75152587890625,28792000,120.8499984741211,121.02149963378906,119.0999984741211,120.51100158691406,76498000,7.062692442567916,7.213857577547646,6.987981026144072,7.211865425109863,352328000,66.9787077583751,68.3825537591584,66.93037962499518,68.37288665771484,126161200,62.589069381237785,63.54340992025842,62.007433219341216,63.48931884765625,32792000
2020-04-27,168.12686622876606,168.42200705863056,164.9945468868889,165.70860290527344,33194400,191.32353463768214,192.40596974690754,186.10995352195948,186.19932556152344,29197800,122.16000366210938,122.24400329589844,118.1500015258789,118.80000305175781,112912000,7.346345445854458,7.558275973158622,7.321690541502693,7.3983941078186035,479388000,68.09016237151883,68.75222222241877,67.64316044289428,68.42119598388672,117087600,64.3176109242683,64.32505478894481,62.97765848800471,63.319095611572266,32012000
2020-04-28,167.17475762497142,167.25092532811544,161.2718986425985,161.67176818847656,34392700,187.35128711181537,187.88753451574266,181.29359617203133,181.64117431640625,21731000,118.6050033569336,118.67500305175781,115.30000305175781,115.7040023803711,105388000,7.545823797580013,7.575708458016222,7.250466072354914,7.255944728851318,442904000,68.88271760948632,69.06393705890572,67.22033738750322,67.31214904785156,112004800,63.917112874248254,63.923064937095035,61.15135738104774,61.224308013916016,59026000
2020-04-29,164.9183938130075,169.1646391773293,163.64261710014011,168.92662048339844,51286600,189.60553061795113,195.5440588725942,188.68198920734758,192.84292602539062,45954500,116.50050354003906,119.59449768066406,115.5,118.635498046875,91832000,7.39067376810219,7.485557029064431,7.315464555147975,7.432761192321777,379160000,68.79814778505363,69.99178036647727,68.59518290617446,69.52302551269531,137280800,66.57369213251002,67.4932934908828,65.77369241327933,66.5746841430664,75872000
2020-04-30,171.3734399674679,171.75426402305968,167.78411440711412,170.62130737304688,53875900,205.48462382999278,208.2354129802487,200.17174510415327,203.2899627685547,46230100,120.99199676513672,123.75,119.80049896240234,123.69999694824219,190692000,7.378720402839211,7.432761694690941,7.26491073705107,7.2788567543029785,375916000,70.06183497622997,71.16606696831562,69.67282086621682,70.98967742919922,183064000,65.75085576369771,67.13745150028522,65.63223858566572,66.93099975585938,53378000
2020-05-01,167.37473740415624,170.07862610171935,165.67051553295815,166.2036895751953,39370500,200.20153184952505,205.8421231201503,197.66921785286402,200.86688232421875,30415600,116.83999633789062,118.12200164794922,112.90950012207031,114.302001953125,195452000,7.081370339120892,7.194682209159556,6.993958352233958,7.042271614074707,342096000,69.16541493960355,72.24614521202258,69.06876605288338,69.8468017578125,240616800,65.93051198943692,67.10023615579532,65.0620257968837,65.53894805908203,41450000
2020-05-04,166.12751167973556,170.42136314126972,165.47057784378438,170.26902770996094,30372900,198.8112387706745,204.48163600083174,197.38122541616488,203.8361358642578,19250700,112.81900024414062,116.3489990234375,112.81900024414062,115.79949951171875,97318000,6.994953247305761,7.267898050583051,6.994953247305761,7.2542009353637695,317556000,69.87098252239187,70.96312921364829,69.18234705743826,70.83506774902344,133568000,64.92454522500336,65.88881710460659,64.46647878714792,65.84613037109375,30080000
2020-05-05,171.96374075260462,174.84852615095244,171.27824575423404,172.09703063964844,36839200,205.58391925578505,208.92061174888724,205.06752222092857,205.63357543945312,21071200,117.0,117.55000305175781,115.35649871826172,115.88999938964844,64850000,7.358299567249931,7.477837263737754,7.254201764682971,7.315216064453125,368896000,71.29414381435919,72.7294023781066,71.14916678667844,71.89820861816406,147751200,66.39800641716683,68.18559405293584,66.37517503225688,67.0525894165039,33030000
2020-05-06,173.35377128207907,175.37216509231774,172.92534055240677,173.79171752929688,32139300,206.67631706780878,210.13218805994882,205.22645322019477,207.02389526367188,21857000,116.47200012207031,117.87249755859375,116.0,117.56300354003906,62356000,7.3946588804721864,7.520920683811323,7.356805134500558,7.416075706481934,323464000,72.59891973995855,73.27063948300304,72.21473542323028,72.63999938964844,142333600,67.5776669129263,68.04565356900488,66.86302554225563,66.86351776123047,24308000
2020-05-07,175.34359359711726,175.70538662746563,173.82979832935465,174.80091857910156,28316000,209.69521266717027,210.1321628657145,207.58990854263362,209.7945098876953,15152000,118.73899841308594,118.80000305175781,117.15550231933594,118.38050079345703,67928000,7.5552877802756075,7.6556497065405225,7.503986290733421,7.5923943519592285,373732000,73.26580616038919,73.73697961793019,72.96377378346223,73.39144897460938,115215200,67.78856640329671,68.36722649555365,67.25903732822962,68.11710357666016,27952000
2020-05-08,176.11477265228294,176.1338182138458,174.57241629834766,175.8291473388672,30877800,210.767715579033,211.73098798812205,209.38735849068996,210.876953125,12506000,118.60700225830078,119.36199951171875,117.8499984741211,118.98049926757812,64132000,7.664117885193962,7.788636455140251,7.63024891396868,7.782410621643066,339216000,74.05045567520663,75.19159229593362,73.72337622769179,75.13829040527344,133838400,68.64168276478011,69.41736683214643,68.26203049727442,68.9017333984375,27738000
2020-05-11,174.37246159084364,178.52350753297063,174.08685082562172,177.79042053222656,30892700,209.42707927255074,213.5085692726715,208.91068221102137,211.70118713378906,12911900,118.73500061035156,120.9834976196289,118.60549926757812,120.44999694824219,65184000,7.777428609621731,8.081254179162244,7.748789399788098,8.034435272216797,469060000,74.64646961486733,76.81487118254181,74.43810496971201,76.32062530517578,145946400,68.40097595451812,70.2992369662248,68.34499173726651,69.64067840576172,28242000
2020-05-12,177.84753055270363,178.07601914929393,173.56319503657724,173.76312255859375,32038200,211.81042141907403,213.7866224383497,208.54325049527515,208.64256286621094,14704600,120.59249877929688,120.94999694824219,117.75,117.84750366210938,61498000,8.09221181454888,8.141022875859981,7.762735725697156,7.7724480628967285,493060000,77.00386673715238,77.45451148487108,75.32729289469059,75.44843292236328,162301200,69.83224522503453,70.22330934832881,68.22678622430837,68.2749252319336,27812000
2020-05-13,173.801202738677,175.22931448751166,168.07922570074368,171.13539123535156,44711500,207.97718036371188,209.3178214977525,200.70796695926114,203.67723083496094,20684600,118.33999633789062,120.38500213623047,116.88999938964844,118.39600372314453,95658000,7.887005024962632,8.047384694158001,7.565498035666604,7.750034809112549,625852000,75.6276896528906,76.54835795686193,73.46170617265714,74.53742980957031,200622400,68.33994780324477,68.75840965966415,65.92555314041886,66.96426391601562,36252000
2020-05-14,169.03135805959138,172.03040247522281,167.26049830376897,171.87806701660156,41873900,201.15486320876076,205.4945441952128,199.2978400228768,205.37538146972656,17178900,118.05049896240234,119.56849670410156,117.6604995727539,119.44249725341797,72962000,7.81154475959337,8.005046640661277,7.657888765810947,7.999567985534668,602312000,73.77667808210235,75.0559160635201,73.05468108965971,74.99534606933594,158929200,66.25408100000243,67.36574604326661,65.7027200978283,67.30172729492188,32062000
2020-05-15,170.47849174244934,178.0950892658203,168.5172202045824,174.3820037841797,46610400,203.8460603538928,209.8739453013441,202.70402873312935,209.41714477539062,19383200,118.4260025024414,120.55000305175781,117.81849670410156,120.48899841308594,84700000,7.859361447082682,8.467758774357401,7.843672178972516,8.458046913146973,987660000,72.7687943111998,74.59800522378177,72.73487156458532,74.55197143554688,166348400,66.99750803892465,68.2123952154045,66.4515993888272,68.14837646484375,34154000
2020-05-18,176.84791142079615,177.27634221725572,175.1437037539868,176.0481719970703,35264500,210.6783265158623,213.15105904194039,209.47672867382445,211.71112060546875,20151900,120.21749877929688,121.6500015258789,119.20050048828125,121.31300354003906,87144000,8.726757624174741,8.882156904458133,8.64706583172189,8.716547012329102,774460000,75.8748339325949,76.68162311206635,75.18433442581173,76.30850982666016,135178400,67.5806469738576,69.09801428436471,67.20843853549151,68.681884765625,36448000
2020-05-19,176.1623818105435,177.65714607319842,174.69619315439488,174.82948303222656,26799100,211.7905905973803,218.9605080354322,211.35364036967425,215.37554931640625,31843200,121.49150085449219,124.25,121.44850158691406,122.46649932861328,86410000,8.756393994968642,9.052498925226844,8.728999759788941,8.771585464477539,717320000,76.32547436249678,77.17102926581177,75.83607138413613,75.86756896972656,101729600,68.83358594249799,69.08186872358338,68.16300964355469,68.16300964355469,25612000
2020-05-20,176.44291734540218,177.43584058632146,175.61231035129654,177.2544403076172,31261300,221.94960578752458,229.7352169578622,221.64175864692064,228.37472534179688,50162900,123.89350128173828,125.00050354003906,123.3635025024414,124.89700317382812,79962000,8.956369577080315,9.008169334494243,8.854513314184649,8.935450553894043,587536000,76.72523721961544,77.41331160943199,76.68647152801736,77.34305572509766,111504800,68.9617707495273,69.99602113426154,68.8461447400345,69.81239318847656,33108000
2020-05-21,177.0062082593817,178.2187144521653,174.9917356608991,175.12539672851562,29119500,233.0917836984901,235.55457606680287,229.59619716889247,229.78488159179688,47782600,125.0,126.27249908447266,122.12699890136719,122.33699798583984,102288000,9.016637131804204,9.017632732956065,8.703846419920787,8.741451263427734,761068000,77.20493698671349,77.7452239875939,76.5289737926269,76.76641082763672,102688800,69.87591784135887,70.24762641097432,69.15383271208206,69.61785125732422,27700000
2020-05-22,174.89633837713157,176.10884503151505,174.27575745211465,175.20184326171875,20826900,229.90404794790888,234.35298183865513,227.15327389009346,233.2804718017578,33925600,122.75050354003906,123.49250030517578,121.50650024414062,121.84400177001953,57342000,8.791258595026987,9.057978074056093,8.679690457394878,8.991484642028809,1038764000,76.50475370458611,77.34304783651851,76.40300024409417,77.26067352294922,81803200,69.31561194371935,70.11213560890721,69.0734251313408,69.99600982666016,26188000
2020-05-26,177.90370461198114,178.0564643243358,172.90094786009448,173.34967041015625,36073600,238.10674359332853,239.22889459168582,230.0629264267635,230.58924865722656,33178300,122.9000015258789,123.0999984741211,120.7030029296875,121.09300231933594,71364000,9.121479919777565,9.14638419522325,8.63859727639723,8.684170722961426,770780000,78.37756009740804,78.55684488586623,76.68160052806691,76.7373275756836,125522000,71.32852982304237,71.51364200837564,70.08088353827506,70.32356262207031,41212000
2020-05-27,172.04165612409858,173.75062415828282,168.60465058887516,173.57876586914062,39517100,227.48096953737505,228.9606238451392,219.59604617006673,227.55047607421875,34697600,120.24949645996094,120.67900085449219,116.5,120.51950073242188,101138000,8.591779842948718,8.599499552152,7.96594949684625,8.492414474487305,1175892000,76.59440888025136,77.21706291080646,75.85545038481993,77.07169342041016,112945200,70.33498214430881,70.55780587336358,69.0466407111212,70.3642578125,33716000
2020-05-28,172.55722391368937,175.81282928367528,172.21352188845154,173.1873321533203,33810200,222.74406970958594,230.02322448717675,222.44614773114347,223.89602661132812,29377200,119.21649932861328,121.84850311279297,118.9114990234375,120.05500030517578,63804000,8.379847440837468,8.72675644648104,8.346974557136903,8.454310417175293,734896000,76.74702903556799,78.36303980666368,76.47083369438819,77.10560607910156,133560800,69.32306222043862,71.5056894741877,69.28038305713285,70.30916595458984,33844000
2020-05-29,174.45710582638446,175.92739225979284,172.24214872717602,174.9535675048828,42130400,223.63780199775556,225.91192493062624,221.33390353773837,223.528564453125,23241500,120.7969970703125,122.11849975585938,119.91000366210938,122.11849975585938,70198000,8.52155059993802,8.841314315795898,8.452318320725862,8.841314315795898,745256000,77.34791150425532,77.80824215347661,76.67437321275025,77.03052520751953,153532400,70.31959129075078,71.09527529947499,70.14143075973779,70.91413116455078,36418000
2020-06-01,174.27576398700788,174.71494457453366,173.2446722158897,174.55264282226562,22622400,223.03204029092007,230.82759176743917,221.94960513746992,230.30126953125,18223800,122.4000015258789,123.84649658203125,122.20850372314453,123.552001953125,58578000,8.799229582685854,8.806700393114223,8.656033032800373,8.772333145141602,389876000,76.98447184749915,78.09896135300481,76.8536385740957,77.97782135009766,80791200,70.39154981988567,71.36276584768642,70.3721942585226,71.05805206298828,24342000
2020-06-02,175.90831405939235,176.6243587570561,173.13961372227922,176.53843688964844,30794600,229.33801584580564,231.38372359561376,224.9883942185433,231.1056671142578,20919000,123.3499984741211,123.67649841308594,122.2655029296875,123.62049865722656,50598000,8.762370225061078,8.80321172202104,8.624652366711704,8.791257858276367,391320000,77.71130947324757,78.36304326033381,77.27035810172477,78.33881378173828,87642800,70.99501792987367,71.44464853016092,70.41338179495615,71.42529296875,25562000
2020-06-03,176.45251757462225,177.52180634351802,175.26865174622563,176.9680633544922,27311000,230.49990100433388,231.03614846747342,226.9447329138443,228.5634307861328,15380300,123.40049743652344,124.4000015258789,123.05850219726562,123.91999816894531,53420000,8.788272829543292,8.832103043528745,8.666493101763388,8.735725402832031,365440000,78.65861858793946,79.03173182452788,78.08683399477036,78.77006530761719,104491200,71.3796488128832,71.78917499558794,70.95667369340917,71.28436279296875,25124000
2020-06-04,175.95604613904365,177.42631811528722,174.04659368949996,174.63851928710938,28761800,227.96756598637603,230.0232139054159,223.05190660350496,224.72024536132812,17041500,123.87149810791016,125.37699890136719,122.50050354003906,123.02999877929688,58974000,8.698351988030383,8.912870831436944,8.648023612555617,8.736721992492676,424280000,78.59321142956854,78.89121109253435,77.71857679947686,78.09169006347656,87560400,70.98756469580646,71.41237983519173,69.71362664167387,70.0833511352539,29686000
2020-06-05,174.35211372363253,179.2307657407467,173.7697300929723,178.72476196289062,39893600,225.1373554519171,229.74516790371774,223.7470579375046,229.169189453125,16750400,122.22550201416016,124.43250274658203,121.85649871826172,124.1500015258789,66128000,8.764624637150327,8.966436118041159,8.678418318204127,8.889698028564453,481748000,78.34123829521202,80.37638878570603,78.31216587865904,80.3158187866211,137250400,70.13249522653545,71.71463071575131,69.77666638275234,71.38410949707031,34698000
2020-06-08,177.52182405822072,180.0136604735111,176.0897344992715,179.83226013183594,33211600,227.4412299577658,229.94375309570484,225.83247265984625,229.79478454589844,15466500,125.01000213623047,126.5,124.36699676513672,126.2030029296875,79414000,8.847095164462296,8.859552513936833,8.6562459473122,8.775091171264648,387736000,80.01297082329648,80.82461031040765,79.30309219050388,80.79068756103516,95654400,70.58757831933313,71.86053217676319,70.58757831933313,71.79204559326172,28084000
2020-06-09,179.4885212183588,182.06627898183794,178.7820186031382,181.20703125,29783900,229.9139933117588,238.10676460503242,228.81169256800067,237.01438903808594,27462900,126.47200012207031,131.32150268554688,126.25,130.04299926757812,103520000,8.770107485305786,9.078804900685602,8.72152316013126,9.015271186828613,468488000,80.47086919688729,83.73437314923221,80.439371619184,83.34188079833984,147712400,71.73001024545158,72.8535870093647,71.62331232935081,72.2659912109375,28184000
2020-06-10,182.4768502186777,189.53227729601076,182.36227315153855,187.92832946777344,43872300,239.28849752320355,239.53676330471905,233.64789108764194,235.08782958984375,20720700,132.25,136.11749267578125,131.31300354003906,132.37249755859375,98920000,9.136609826741134,9.467730900066782,9.122407477646574,9.334933280944824,632180000,84.28919748972832,85.95365964938672,83.85067134903046,85.4860610961914,166651600,72.43373756383694,73.16421321276418,72.27145676024894,72.74689483642578,30504000
2020-06-11,184.38629115081167,186.89721136143893,177.6459259436924,177.8368682861328,52854700,228.3449256634376,231.27445870119334,221.99925322660053,222.87313842773438,26708200,130.1750030517578,133.56900024414062,126.8115005493164,127.89800262451172,116002000,9.11891841421048,9.229790438271351,8.756155499817682,8.76637077331543,583652000,84.63081897651477,85.05480894028344,81.28009011611704,81.38184356689453,201662400,71.58708074582259,72.1823626964432,69.57814614869571,69.66946411132812,39826000
2020-06-12,181.91356347610142,183.04014821353974,176.7962293435296,179.24034118652344,43373600,228.3052049440834,230.05300573100092,222.9426701639008,226.99436950683594,22091400,130.0605010986328,131.07400512695312,125.1675033569336,127.2509994506836,108722000,9.131377008933855,9.156042694305949,8.67368655031409,8.9021577835083,570908000,83.5187504243347,84.26496946856898,80.97481077374836,82.0844497680664,200146000,70.89279996444262,71.31513141979595,68.78511072989514,70.13299560546875,38928000
2020-06-15,176.2233940561889,182.1808918134006,175.67919303595784,180.38600158691406,32770200,223.52857512227231,232.14837092497856,223.24059348337713,230.88717651367188,15340300,126.33000183105469,129.1999969482422,125.4000015258789,128.63400268554688,77302000,8.78530408707632,9.151056977868004,8.714046204354432,9.142585754394531,400004000,80.73979728329574,83.75133543445982,80.57746645559173,83.09960174560547,138808800,69.02232557073431,70.70966726308433,68.87940033399192,70.4640121459961,30078000
2020-06-16,184.15717495617497,186.7253913064373,182.79192319499927,184.806396484375,42556700,235.49502004909658,236.80587082113811,231.38373877315058,234.01535034179688,15236700,131.0,131.0,128.8000030517578,130.7635040283203,71712000,9.193663162244485,9.235271292358194,8.808724754785406,9.037693977355957,535716000,85.15172088189794,85.57329308072946,83.51875616005826,85.30193328857422,165428800,71.72306848502453,72.20941865411798,70.76425629335561,71.5989990234375,34184000
2020-06-17,186.20027230184343,187.43187740792754,184.9209425343185,185.446044921875,25687800,233.36982645548687,235.94185622524807,230.1225059041128,233.89614868164062,19578100,132.375,132.75,131.59100341796875,132.0489959716797,59186000,9.08279175254697,9.267411803522828,9.039438621471167,9.204626083374023,408304000,86.04575148687181,86.10632149459083,85.062095153019,85.18323516845703,114406400,71.81933744745595,72.45655642551151,71.03620965078113,72.01586151123047,30992000
2020-06-18,185.21692771071227,187.5942017696125,185.21692771071227,187.43190002441406,23061600,233.35990727858544,234.50192380176196,230.53959651055766,234.30331420898438,15782500,132.35049438476562,132.98199462890625,131.8054962158203,132.69900512695312,49756000,9.1956557675876,9.250967262401565,9.08353774425731,9.186686515808105,254408000,85.13960882948713,85.63386205994001,84.60901508072114,85.2171401977539,96820400,71.91859436387979,72.03025989872235,70.81934084639603,71.26350402832031,31638000
2020-06-19,189.59907992231373,190.2673853746656,185.57013403646454,186.3148193359375,44441100,236.14045137371943,239.15937147232088,233.91599988310708,237.13351440429688,30081300,133.9040069580078,134.8715057373047,132.9499969482422,133.75050354003906,115540000,9.211102283168469,9.41291375503679,9.195903884184563,9.229787826538086,524160000,85.92216897764727,86.38734236256319,83.62292711838043,84.73014831542969,264476000,71.66252059899932,71.85110861072593,70.53845153890116,71.05309295654297,63158000
2020-06-22,186.92585117478592,191.6708419321121,186.39120679108157,191.4894561767578,32818900,236.9051520508348,239.03030667014116,235.2666038494182,237.56057739257812,18917800,134.22500610351562,135.75,133.4499969482422,135.6909942626953,64176000,9.26840846511835,9.498872728106782,9.241748771132274,9.49438762664795,398468000,85.12264593038505,87.08995815364833,85.07661214341427,86.94701385498047,135445200,70.91810056836704,72.09676044271161,70.63075830292189,72.05259704589844,30848000
2020-06-23,192.94062730432893,194.7164187390897,192.31050447342133,192.76878356933594,30917400,239.60628402292758,243.48916471230885,238.19613611882562,240.55963134765625,24017900,136.30099487304688,139.15550231933594,135.90199279785156,138.2205047607422,84634000,9.518556841752485,9.609746316225289,9.375544905498142,9.417900085449219,375108000,88.18989613632456,90.22020316994305,87.77074918797572,88.80286407470703,212155600,72.24018753394067,73.24768398407949,71.72406189560695,72.67542266845703,28596000
2020-06-24,192.47282147333826,194.04811398849358,187.6609929241231,188.88304138183594,36740600,239.52682293334746,241.53281469046254,231.06592085796711,232.39663696289062,20834900,139.0,139.8000030517578,136.0500030517578,136.72000122070312,90532000,9.444059823033964,9.524037959353112,9.113436828219283,9.20412826538086,449372000,88.4321923624518,89.35043555341034,86.86221543627708,87.2353286743164,192623200,72.53150821974612,73.22183395490049,70.95533223257506,71.06550598144531,35120000
2020-06-25,188.8448534415882,191.52763184875033,186.62033955121674,191.2698516845703,27803900,232.99246051513478,235.6538775122826,231.12551218438674,234.04510498046875,18704300,136.9774932861328,137.81149291992188,135.60699462890625,137.72900390625,59374000,9.32396813027202,9.472711150928301,9.15105745767166,9.457761764526367,376072000,87.39038973838228,88.4321906709593,86.63205223537432,88.39342498779297,137522400,70.96276578682838,71.60792087273813,70.47144803565568,71.5300064086914,24610000
2020-06-26,190.68742310092034,190.84018275979486,186.0570106639944,187.4413604736328,54675800,231.0262248145247,231.4731002289126,213.90580960081755,214.5811004638672,76343900,138.7530059814453,139.1284942626953,134.39999389648438,134.64349365234375,130016000,9.467728722723272,9.467728722723272,9.094002588931565,9.123900413513184,592084000,88.28926872428524,88.50974444409714,85.52969556777586,85.677490234375,205256800,71.03672210462665,71.1389521960982,67.09627458775486,67.48883056640625,85354000
2020-06-29,186.91632647376247,189.5418239761008,184.7872907599883,189.45590209960938,26701600,208.29499427138418,219.21868884580718,205.6733081796403,219.1094512939453,58514300,134.50050354003906,134.83999633789062,131.50399780273438,134.0189971923828,84468000,9.138602013071738,9.173233957575357,8.869767718362187,9.16874885559082,342248000,85.58539837995676,87.74653893980732,85.10810654900735,87.65204620361328,130646000,67.40346423063545,69.26053819765389,66.84912724256009,69.2292709350586,36204000
2020-06-30,188.92124186608368,195.1460467529927,188.78758076895292,194.2963409423828,34310300,219.05978281282887,225.92185238346752,216.95449391648202,225.49484252929688,33927100,134.2534942626953,138.48150634765625,133.75149536132812,137.9409942626953,75394000,9.2823624416458,9.493891229986184,9.235024131253684,9.46548843383789,367892000,87.24017383067029,88.66963165860406,87.22079468512266,88.38373565673828,140223200,69.00445855320582,70.40445790397327,68.68286542681156,70.15432739257812,40848000
2020-07-01,193.9430788064438,197.00775630446134,192.63510858011978,195.4324493408203,32061200,226.91492118776134,237.34208386816175,225.98143943761693,235.9021453857422,43399700,137.89950561523438,144.75,137.6999969482422,143.93499755859375,127268000,9.488408038637727,9.543221507665718,9.381024126433216,9.497626304626465,326648000,88.46126551068063,89.00397030229519,88.16810880383152,88.21656036376953,110737200,70.02976477285776,71.61289225943034,69.96623824226913,71.36673736572266,35504000
2020-07-02,196.3681166874613,198.6021875092701,195.7189097355974,196.92185974121094,29315800,237.34207502928766,238.335138104724,230.99640258336697,231.80078125,30633600,145.60049438476562,147.7779998779297,143.55499267578125,144.51499938964844,131868000,9.606255259176056,9.704420895402581,9.545711625606168,9.579596519470215,364056000,89.12269252080957,89.75746488824406,88.10269587070599,88.21656036376953,114041600,71.80841429117699,73.5955094741821,71.78260687837722,72.68980407714844,37182000
2020-07-06,199.37550924846306,201.57138280923724,198.66900649142337,201.1608428955078,31897600,232.13844402385732,238.73238294777047,230.65878958021196,238.61322021484375,26206200,146.74850463867188,152.99400329589844,146.5,152.8520050048828,137612000,9.708659430125925,9.875091989623506,9.679508640731992,9.805828094482422,315892000,89.64359085564888,91.04396881704737,89.61209327585406,90.57637023925781,118655600,73.45208776284284,74.76871265783335,73.09476715401527,74.228271484375,31280000
2020-07-07,200.92214171818512,204.95108776528608,198.57352323906824,198.82174682617188,33600700,237.74925517175492,245.9320859260207,237.16335154307643,239.18919372558594,27887800,152.92750549316406,153.4774932861328,149.5,150.00599670410156,105150000,9.912463798097562,10.035793168745375,9.81728820722433,9.838216781616211,357800000,90.95435112872555,91.73206799049615,90.18390237243692,90.29534912109375,112424400,73.94539526054743,75.27541618474888,73.62529394597114,73.70619201660156,29164000
2020-07-08,200.55940285341666,203.60496815140957,199.24187562162814,203.19444274902344,33600000,236.45827818903481,245.2766842178355,234.94881788839734,241.8903350830078,29791300,151.1304931640625,154.19850158691406,150.6215057373047,154.0554962158203,100752000,9.959800403312192,10.190265597048889,9.931646628346138,10.181295394897461,365480000,91.27172253001288,92.42982064230873,91.18449788463136,92.39832305908203,117092000,74.15978975316641,74.73348224188611,73.72852269677605,74.2431640625,24994000
2020-07-09,206.53593793805533,206.58367716565738,201.8959676336942,204.616943359375,33121700,243.30044081362234,244.8198260276927,237.58040325200102,242.8039093017578,22174900,155.79949951171875,159.69400024414062,153.6999969482422,159.13150024414062,127774000,10.344987505440661,10.534092629423608,10.198735577365294,10.473299980163574,494548000,93.28992312553895,93.34322502819465,91.74902567498292,92.7956771850586,125642800,74.76176829848744,75.56921170142904,73.85035312552148,74.98707580566406,28466000
2020-07-10,203.9486749448816,204.3878555548591,201.5236759891822,203.9964141845703,26177600,241.99956311182402,243.7870798247022,237.65988196542796,243.3699951171875,22982700,159.58799743652344,160.75,156.78500366210938,160.0,109720000,10.552776260729576,10.6190500484282,10.343489664931147,10.443648338317871,497676000,92.39104305128085,93.01612951561695,91.78050018746696,92.95797729492188,90257200,74.74688225425439,76.61685206461578,74.26996002383893,76.51313018798828,37126000
2020-07-13,204.76970154506353,206.02994730784758,197.15098942267588,197.6951904296875,38135600,245.29651696540154,248.41473457069335,236.76610836134074,237.3420867919922,24674900,162.55299377441406,167.21449279785156,153.41949462890625,155.1999969482422,154408000,10.559009293925586,10.755588654728152,9.990944924567389,10.018102645874023,457076000,94.26145236714936,96.86838742692706,92.31594434218474,92.5291519165039,191649200,76.92307999076804,78.26957920118167,74.70189243368914,75.00447082519531,36928000
2020-07-14,196.7977427138655,199.39459949227412,192.88335894065565,198.917236328125,37591800,235.117617934241,238.66286053245312,230.42043363748257,238.0670166015625,23378100,154.4499969482422,156.36900329589844,147.5,154.1999969482422,144638000,10.040775965444766,10.36741283425982,9.752259134498587,10.341750144958496,542676000,91.91134148904221,94.25176728421596,90.97856936107081,94.06037139892578,170989200,73.96078329633286,75.58063029727721,73.62281821935085,75.4630126953125,31700000
2020-07-15,200.07243434393845,201.7623039169299,195.74752551635757,198.62124633789062,32179400,239.87441469910402,243.1217355478314,236.3986935612866,238.61322021484375,19133600,154.01150512695312,154.91749572753906,148.65899658203125,150.44349670410156,115778000,10.378872771488924,10.397558316682144,10.02159013052711,10.19250774383545,403984000,95.9331500958177,96.18269810477103,93.51035102101012,94.70721435546875,153198000,75.58957683448338,76.19503647264395,74.34243024109291,75.11860656738281,32214000
2020-07-16,196.1007500560566,196.38717082147522,193.15064967856486,194.68775939941406,29940700,236.3490146798004,240.08292643144802,234.69060114304705,239.25868225097656,18880700,148.55299377441406,151.60000610351562,145.9114990234375,149.9949951171875,127884000,9.980981374909183,10.172079612422428,9.861887133018056,10.100324630737305,344964000,93.58063579856042,94.39711809164639,92.94343831225127,93.5418701171875,110577600,74.44166704780132,75.36921185489808,73.76226113086389,75.33496856689453,30386000
2020-07-17,195.21286588719,195.75705224196673,192.27230746400602,193.69485473632812,31635300,239.32820518737046,242.46628819499767,236.20998768440782,240.35105895996094,18152400,150.4499969482422,151.1999969482422,147.42250061035156,148.09849548339844,95226000,10.19076396064472,10.213685593661825,10.053482225991832,10.166845321655273,266284000,93.99252033438566,94.14757567538506,92.88044872986721,93.35289764404297,92186800,75.51463210009686,75.6049504894592,74.36326384385416,75.21338653564453,29134000
2020-07-20,195.71888148175816,202.68838602860433,193.8189709975405,202.02008056640625,36884800,238.39474065095692,244.34319445651906,234.00540328579996,243.71755981445312,20872200,150.00999450683594,160.0679931640625,149.7010040283203,159.8419952392578,151964000,10.239348798460751,10.495475748934792,10.122247637300884,10.475045204162598,284852000,93.44011817142827,95.45830704424495,93.09607736485056,95.32020568847656,90318000,75.1989959832784,77.93001588763573,74.62033584382972,77.70321655273438,31146000
2020-07-21,203.98685897529614,204.25418121870496,198.6117443428135,199.2991485595703,37990400,244.51200673910438,245.197222727922,238.41459968566969,240.07301330566406,19364200,161.62449645996094,162.0290069580078,155.28599548339844,156.9145050048828,122426000,10.477288085807832,10.524129314223586,10.251806935143245,10.293415069580078,277036000,96.11006803417185,96.18517425379802,93.75510578943518,94.00465393066406,103433200,78.75879778961406,78.75879778961406,77.13546737568947,77.34092712402344,24324000
2020-07-22,199.72871436522186,202.68837135667346,198.95538848865922,202.16326904296875,49605700,238.59334871272105,240.22197168454048,236.46819416226228,238.2060546875,15427900,156.25,157.5,153.26300048828125,154.99549865722656,82084000,10.332281869444877,10.56648323144531,10.256539828820165,10.403289794921875,367292000,93.70663875417605,94.94953641432485,93.6194214977863,94.26873016357422,89001600,77.44415898564415,77.91562142240645,76.7295176794534,77.84068298339844,18640000
2020-07-23,197.80974046340648,201.37086541200424,192.99791184978267,193.37025451660156,67457000,237.96774446079624,240.73838417966815,230.14240143157087,230.98651123046875,21771800,154.9134979248047,154.9134979248047,148.5,149.32749938964844,113138000,10.414498502367968,10.511169090355454,9.997171292697395,10.0953369140625,411660000,94.00221845583387,94.07974983333283,89.168736705882,89.97795104980469,197004400,77.76524879984738,78.00842008565238,74.80852010920707,75.21983337402344,32552000
2020-07-24,191.3462679706825,193.6758027739354,188.56801058313243,192.18643188476562,39827000,228.59320680579518,231.87031820103158,225.32602058690804,229.10960388183594,18325800,146.5,151.57899475097656,144.39999389648438,150.44549560546875,112648000,9.841456415367006,10.329542732168397,9.743789729394129,10.159871101379395,473292000,88.177812817912,90.09909152751315,86.39220292894763,89.75505065917969,185438800,74.38857500348202,75.31690744828128,73.86598996856429,75.03075408935547,30880000
2020-07-27,192.34871831188454,194.73553417958752,191.7663346574463,194.6209716796875,30160900,229.85440683416718,233.320187582074,229.2287721912869,231.8802490234375,13163100,153.10000610351562,154.89999389648438,150.7884979248047,152.760498046875,83410000,10.197491742615112,10.406279442311487,10.183040382548999,10.386098861694336,292132000,90.81622514062431,91.97432312790853,90.59333170366311,91.88225555419922,121214000,75.2158683374083,76.47492649167059,75.19651277464828,75.94043731689453,24920000
2020-07-28,194.39180574531326,195.43245382616968,192.6064723801774,192.87379455566406,23251400,233.0024371511596,233.330149844762,228.23573048058194,228.52371215820312,14170100,152.7135009765625,153.85450744628906,149.78799438476562,150.01649475097656,62534000,10.33900883154469,10.346732063604907,10.174569378566787,10.180797576904297,271636000,91.45344592380489,91.63031301270213,90.36802869554506,90.37287902832031,103625600,75.6913080448492,75.75581901619748,74.32555194231135,74.45854949951172,34044000
2020-07-29,193.33208613207415,195.38474196011637,192.86426497548362,194.8214569091797,19632600,229.53662733548674,232.07886670183765,228.71238306151577,231.6717071533203,13588300,151.54949951171875,151.95799255371094,149.8385009765625,151.67649841308594,59482000,10.355453730943246,10.480527147935394,10.31185253482395,10.429949760437012,284508000,90.8550204931604,92.2893216699513,90.81867996372323,92.10518646240234,90329200,74.75532496809936,75.99264218064526,74.5076782686986,75.53447723388672,22130000
2020-07-30,191.89998548207373,195.20334487589957,190.53473387151706,194.66868591308594,25079600,228.62298226817202,233.26058500863786,227.41144410481076,232.873291015625,20615300,150.6999969482422,154.60000610351562,150.25,152.593994140625,122566000,10.339756314835071,10.586914007838889,10.260277163298035,10.5779447555542,308880000,91.27897773393107,93.32382125064892,90.87194916313929,93.21964263916016,158130000,74.29279113025488,76.32108144896321,74.05557189784575,76.00247192382812,33428000
2020-07-31,195.14602526126697,195.81434524128466,190.0000517365161,195.72840881347656,51044000,254.04541893258948,254.07520961445857,247.27272106612182,251.9103240966797,53005100,162.1999969482422,162.34100341796875,157.5500030517578,158.23399353027344,161710000,10.527366109282356,10.729926548729097,10.397558592820966,10.578691482543945,386080000,99.7079111699714,103.12890351490226,97.7115189842411,102.97869110107422,374336800,74.69031714107773,74.88584922303987,72.16028905619345,73.59602355957031,68798000
2020-08-03,201.94370430096453,207.78662439979686,200.9125981832941,206.73641967773438,78983000,250.89738954048218,253.6283131023447,248.59349099691272,250.21218872070312,23124900,159.02549743652344,159.1999969482422,155.1999969482422,155.59449768066406,101494000,10.696039589259609,11.061045401487899,10.678848130192517,10.972846031188965,412720000,104.85877268635082,108.19012242087766,104.56077304212948,105.57350158691406,308151200,73.77864289112706,73.96871510582815,72.73645649190581,73.1736831665039,46604000
2020-08-04,204.4736933184313,205.04653482306938,200.78844987743645,203.63352966308594,49280100,249.8149646182432,251.0463683843728,245.71360894291308,248.0969696044922,17183500,155.0605010986328,158.36199951171875,155.0605010986328,156.94149780273438,93886000,11.01246088773032,11.189606666564941,10.868950034464302,11.189606666564941,310336000,105.76248400195036,107.36880152265259,105.04048696818748,106.2785415649414,173071600,73.2788853229116,73.72504006673059,72.38955943880173,72.70320129394531,38070000
2020-08-05,205.1706632320827,205.26614168330795,201.99143767140274,203.29940795898438,28806400,248.4544610179766,250.52003409766883,246.05125011880963,247.39187622070312,13050100,157.18850708007812,160.67950439453125,156.36500549316406,160.25149536132812,78330000,11.205804134027222,11.333119607322317,11.128318048466182,11.248408317565918,249924000,105.99994289677025,106.98359926980389,105.53476196568732,106.66378784179688,121776800,72.91810813068028,73.56873075892366,72.6282820191465,73.13200378417969,39590000
2020-08-06,202.72656173379298,206.5741072287933,201.97233443110602,206.55502319335938,32656800,247.3124666036528,264.7506701072526,246.94503804787936,263.4398193359375,45241600,159.71800231933594,162.37350463867188,158.27149963378906,161.25,78812000,11.311196560653512,11.319418772634045,11.140777887508058,11.296995162963867,244316000,106.99569046941184,110.87943850296628,106.40695185464003,110.38518524169922,202428800,73.03968901881095,74.5602819436012,72.75433078938659,74.4466323852539,39908000
2020-08-07,205.12292518159745,205.9344336921622,201.3803857438252,202.86021423339844,27820400,262.2480796396627,276.95537144468835,261.60259471161845,266.5778503417969,72766400,161.20050048828125,162.04049682617188,157.0334930419922,158.3730010986328,78722000,11.274072170779698,11.465669360906174,11.000006708128012,11.161456108093262,342516000,109.90702677912203,110.36333556331454,107.07937744727452,107.87548828125,198045600,74.44166703252608,75.27764398484295,73.53050175501737,74.16822052001953,31556000
2020-08-10,202.08690893945885,202.2874078671722,197.00777273033472,198.82174682617188,36716500,266.1806447086891,271.96024898116696,257.8885616722018,261.17559814453125,30248800,158.5155029296875,158.62550354003906,155.0760040283203,157.4080047607422,63346000,11.29574884493329,11.369496879369624,10.819620950570867,11.127073287963867,427796000,109.31966296937568,110.46043507725163,106.7954093213871,109.44345092773438,212403600,73.80544421227378,74.64390502378875,73.10569068546498,74.24812316894531,25786000
2020-08-11,197.781089947876,198.24889647860272,193.94308641173365,194.17222595214844,36446500,258.3851054810181,264.0753682859589,253.3602083264652,254.353271484375,28238300,155.66000366210938,157.96099853515625,153.64999389648438,154.0334930419922,74362000,11.036132831528473,11.09891950188312,10.759077298686691,10.813143730163574,354512000,108.7080157903305,109.20558233257063,105.9289051039155,106.18861389160156,187902400,74.06649552807355,74.93795782578333,73.34987016783626,73.46500396728516,29088000
2020-08-12,195.99576625273997,200.7598559902992,195.48022043293267,199.71920776367188,28013100,257.17358772555446,262.06938221107424,256.3195375825832,258.08721923828125,21415700,155.39999389648438,158.71949768066406,155.0709991455078,158.11199951171875,70442000,10.95341685672957,11.428048823322621,10.921026986830807,11.401390075683594,464412000,107.27841139872632,109.97499928394977,107.08424089381839,109.71772003173828,165598000,73.72605483887082,75.05637893842461,73.70967530480051,74.77022552490234,28740000
2020-08-13,199.95792192692605,201.7814530513351,198.7263165750176,199.2514190673828,22588900,259.73566203468766,263.3206358656525,257.7694163383827,259.4873962402344,17374000,159.14950561523438,160.87600708007812,157.75,158.05099487304688,62980000,11.506776910592965,11.681930604747086,11.317173759001438,11.40412712097168,374460000,111.096349513322,112.66187605488997,110.60848630688241,111.65945434570312,210082000,74.95483140195972,76.29031989824922,74.83895548496008,75.35731506347656,29104000
2020-08-14,199.3086606756937,200.10108526689314,198.11525277954402,199.44232177734375,17958900,260.4903802041066,260.82801802252544,256.8855562901596,259.42779541015625,14792700,158.90899658203125,158.91200256347656,156.0,157.4010009765625,55034000,11.490833384099657,11.664990101368055,11.401637932009832,11.524718284606934,366436000,111.48469489954057,111.64974056440289,109.75169319709691,111.5599365234375,165565200,75.21884244883967,75.52852387249658,74.584599445089,74.8252944946289,27096000
2020-08-17,200.110665457067,201.62867698371005,199.46144390964133,200.75987243652344,20184800,260.6790590475865,262.26796604010025,257.6005574319438,259.3483581542969,13351100,158.656005859375,159.74850463867188,157.70899963378906,159.12049865722656,53824000,11.81099241956231,12.367595550910881,11.777108468542542,12.295092582702637,621300000,112.68127506102117,112.70554822258934,110.64245541048665,111.26866149902344,119561600,75.16971960302648,75.71265227074811,74.83721433074187,75.33399200439453,27566000
2020-08-18,200.99855630508833,202.74570743894296,199.73832497927296,201.91510009765625,21336200,259.1398301580622,263.31067702818365,257.46155108105154,260.5201721191406,18690400,160.60000610351562,166.0,160.29100036621094,165.62449645996094,106920000,12.407705171039536,12.453549380710092,12.045191382124148,12.219098091125488,503448000,111.02110562369826,112.62060863769267,110.68615521459195,112.19585418701172,105633600,75.74092627547944,77.54191738954236,75.61834862268822,77.34986114501953,40542000
2020-08-19,202.4031628267386,202.98695425732413,200.25940101866428,200.6900634765625,27627600,259.5768054733447,266.05156665412864,259.5370744595321,260.7684631347656,23291500,165.15049743652344,165.7949981689453,162.8000030517578,163.0240020751953,83702000,12.254727537527799,12.273164067350274,12.056901234463606,12.097264289855957,622624000,112.60360648521876,113.74923011045664,112.24196081309763,112.33661651611328,145538000,77.08733382002706,78.0982531022047,76.62282300938666,76.80049133300781,33212000
2020-08-20,200.53692196431712,205.76233465586125,199.93400040223327,205.36038208007812,26981500,259.6860367989726,267.75964577478095,259.64630578379536,267.1439514160156,20299700,162.60000610351562,165.63099670410156,161.89999389648438,164.86849975585938,66650000,11.934321676834784,12.33296250907546,11.838398102854091,12.099757194519043,921388000,112.37790398361146,114.94342292138063,112.36091202603218,114.829345703125,126907200,76.5979963005962,78.70320887210534,76.33745348921454,78.49874114990234,34138000
2020-08-21,204.67133687280338,206.95864805211912,203.70473757719722,203.867431640625,36249300,266.8261759562304,268.61367774342654,264.57193321374945,265.1578369140625,15538600,164.75,165.72000122070312,163.76950073242188,164.23599243164062,71518000,12.160298428852464,12.76523669869035,12.153820267121938,12.640412330627441,999868000,115.78808418597035,121.2297998733161,115.77595130487059,120.74679565429688,338054800,78.26450645623639,79.29130543886384,77.81661751847746,78.43274688720703,28930000
2020-08-24,205.56138064913605,206.26002616768562,203.30277922932777,204.50865173339844,25460100,269.1896282983901,275.32675113135093,266.9055649296417,269.5074157714844,23685600,165.50750732421875,169.01600646972656,162.8780059814453,165.3730010986328,93326000,12.83998356587323,12.868636319650925,12.465011429685445,12.67703914642334,490564000,124.94821629442238,125.03317609028124,120.32689227036526,122.19095611572266,345937600,79.10569011991224,80.10768122598317,78.44018743414891,78.81884765625,28198000
2020-08-25,203.9439889498141,207.303173653771,203.9439889498141,207.169189453125,23043700,270.52037390657426,281.12628254844435,268.38529389866375,278.8720397949219,42127200,164.74949645996094,167.8699951171875,163.35000610351562,167.32449340820312,79856000,12.587843670733813,12.717900209018433,12.531037137240192,12.70668888092041,289076000,121.06473415847236,121.53317587987507,119.46765321039159,121.18851470947266,211495600,78.51463149226906,79.98113347227084,78.51463149226906,79.8124008178711,44942000
2020-08-26,208.5186256041175,212.54773159064493,208.02096370870794,211.6481170654297,39600800,282.0299568520352,302.5565871166652,282.0299568520352,301.8018493652344,69015200,167.5554962158203,172.58700561523438,167.22850036621094,172.09249877929688,130174000,12.75577020332935,12.82478506539273,12.634682927368807,12.729609489440918,321244000,122.5040574463888,123.29288726438261,121.43852684450661,122.83657836914062,163022400,79.80146945654732,82.34340130649105,79.58310601921963,82.00395202636719,79868000
2020-08-27,213.31334445111278,221.21844139680744,209.97328995814232,216.8448028564453,57602200,298.0778347134501,299.1404195430055,289.99428623484147,291.18597412109375,30301300,172.50250244140625,172.64999389648438,168.89999389648438,170.0,85296000,12.73808206029818,12.80634988794029,12.523812247203733,12.585352897644043,317604000,123.43850794155522,123.77102883487844,120.22493186903937,121.36813354492188,155552400,82.06846589337847,82.13397644141467,80.68236235232621,81.10816955566406,37232000
2020-08-28,218.3760311153811,220.730341396453,216.84478533701528,219.07467651367188,26292900,292.9536257731887,295.1681674815239,288.9615228676851,291.6229248046875,17157400,171.14999389648438,171.6685028076172,169.3249969482422,170.08999633789062,57940000,12.631945469189624,13.103338346512407,12.599555599788115,13.103089332580566,537160000,122.34140581995463,122.75887903183632,120.9482136928383,121.17151641845703,187630000,81.06648070908415,81.74538685177795,80.930499563954,81.60841369628906,29980000
2020-08-31,217.24674611548022,218.8737012054003,214.6723219857965,215.83990478515625,28774200,291.9109350833743,294.8206029393237,289.5275591968699,291.1661376953125,17345100,170.44949340820312,174.75,170.25,172.54800415039062,83718000,13.137967138426383,13.528884701935283,12.993460206549758,13.329066276550293,500840000,123.86326545477932,127.1836302061131,122.32929317534541,125.28072357177734,225702700,81.78113659180016,81.78485473816195,80.90868225649493,81.10073852539062,36468000
2020-09-01,215.82078314493916,217.67743188072146,214.78718442801343,217.5051727294922,25725500,292.66561699351473,299.3985835826731,290.6794907984133,293.39056396484375,17295900,174.47900390625,175.69349670410156,173.35000610351562,174.95599365234375,68644000,13.438227675991252,13.95038574188467,13.394862527172423,13.77817153930664,511316000,128.8923509024096,130.87292869764627,126.72732074484928,130.27098083496094,151948100,81.22232649182634,82.66649698635236,81.00347078702691,82.41736602783203,36506000
2020-09-02,218.1751117330546,222.85500890153446,217.58175513682696,221.69699096679688,34080800,296.8066671681552,301.49392562793673,291.01709304576326,300.40155029296875,24341400,177.35000610351562,177.6125030517578,174.33450317382812,176.57249450683594,78630000,14.658184187185185,14.681113627395069,13.856924891107246,14.302042007446289,874012000,133.58159161111902,133.9602291616911,123.30011327967595,127.5719223022461,200119000,83.06575101334117,86.01388511779149,82.69626874386255,85.77071380615234,50224000
2020-09-03,219.41923186637518,219.4575068084066,205.72407500414147,207.96353149414062,58400300,293.9367373517291,295.5355847022256,281.66249197918575,289.10052490234375,32294100,174.25,174.42050170898438,165.14999389648438,168.39999389648438,163222000,13.785894715483717,13.841471841180306,12.83883893130911,12.975165367126465,945128000,123.2127726268104,125.08653940539764,116.98950967695433,117.35843658447266,257599600,84.84931647343939,84.84931647343939,80.15184424761775,81.48088073730469,62156000
2020-09-04,205.8580711279521,208.97799749718706,196.37385829268598,205.04458618164062,59664100,285.25737204081344,286.9952324448915,269.2591402392374,280.76873779296875,30333700,165.89999389648438,169.0749969482422,155.55650329589844,164.7310028076172,175636000,12.744134944953624,13.134173137133722,11.668479059045653,12.583385467529297,1463684000,116.57204011831335,120.09628586271513,107.65947772486805,117.43611145019531,332607200,80.60842362775145,81.64316627833196,76.80460868632711,78.95979309082031,52172000
2020-09-08,197.62756836074408,201.00589802209439,193.51231825390303,193.9525604248047,52924300,269.3981849524166,277.3625409438043,267.55110193854256,269.2790222167969,24864000,157.1999969482422,162.54249572753906,156.5,157.49200439453125,121884000,11.698134467030483,12.51110747382029,11.667978615527215,11.876081466674805,795728000,110.63031858211357,115.52349034053138,109.3973204514996,109.53324127197266,231366600,76.10470091694928,77.61115585286062,75.83174659435686,76.04911804199219,52218000
2020-09-09,198.6803023452128,205.60922048804156,197.81896281811265,202.2117462158203,45679000,273.85702596930236,276.5482490440014,269.4677036252001,271.8212585449219,22918800,160.14950561523438,165.15899658203125,159.25,163.4304962158203,103774000,12.3615756131912,12.769557724636103,12.193846887519623,12.675600051879883,736200000,113.84391097205425,115.66913897859283,111.90217621343139,113.90216064453125,176940500,77.29676962451178,77.86599434073611,76.23081268509105,77.26847839355469,35494000
2020-09-10,204.23109563870372,205.51353258521655,195.34025420679887,196.54611206054688,35461500,273.5988272586772,277.22350155065294,265.17764117192195,266.23028564453125,24814700,165.36099243164062,167.4945068359375,158.52749633789062,158.7554931640625,106614000,12.94899900089753,13.024763704510125,12.129296630055405,12.273598670959473,698684000,116.85359229498353,116.98951312845449,109.22257449751976,110.18373107910156,182274400,77.45109322527088,78.61441844294171,75.72231454471562,76.03074645996094,32372000
2020-09-11,198.29748380280336,199.666050305795,192.59356813467994,195.26368713378906,33620100,268.18667007763406,269.50746122662366,260.81815742601117,264.7605895996094,18913900,160.4344940185547,160.86700439453125,154.19900512695312,155.81100463867188,101880000,12.446810700699576,12.613293024359079,11.858887908507215,12.126805305480957,636928000,111.23227329257654,111.87304930648419,106.79540974753245,108.73714447021484,180860300,76.22829092759625,78.17369944962864,74.31066627509855,75.46997833251953,31942000
2020-09-14,195.46466811301522,200.21154951496803,195.2636845078276,196.5843963623047,30375800,269.070493648813,274.7210258385008,263.8569117037533,264.30377197265625,24093800,158.64700317382812,159.3695068359375,154.8000030517578,155.14849853515625,90592000,13.040466040853438,13.273740196264075,12.592109741002641,12.832362174987793,1201744000,111.37789025284532,112.55263871695288,109.51382694155708,111.9992446899414,140150100,76.37740068883937,77.61784529962766,75.22281419764987,75.39849090576172,33932000
2020-09-15,199.4650831634592,200.7666503702022,198.03909682712376,199.8096160888672,21823900,268.7923826241494,272.61565103014607,267.43186082137817,270.5302429199219,18478500,156.80799865722656,158.75100708007812,155.4459991455078,157.80650329589844,80430000,13.238844756475553,13.257536840006011,12.78799675954524,12.950740814208984,727556000,114.88272413305843,115.36815776085928,110.30022950147779,112.17400360107422,184642000,76.22826693094107,77.39799094518347,76.02156530540854,76.49823760986328,26622000
2020-09-16,201.57049411338602,201.59920396480493,195.84743494739698,196.2398223876953,26328100,265.43585349381885,270.5501225712264,259.974006258438,261.6919860839844,29183400,158.99949645996094,159.36199951171875,153.70750427246094,153.90499877929688,90244000,12.917096438036799,13.05217649163563,12.474971233114562,12.47571849822998,556384000,111.8730523722857,112.62061700186764,108.77598303445264,108.86335754394531,154679000,77.19799802152602,77.51859154463234,75.42529061431762,75.47888946533203,26234000
2020-09-17,191.45468472401757,195.55078971981436,191.36855515523817,194.19180297851562,34011300,256.48834283374737,259.6860073099909,248.45446578541365,253.05235290527344,31281400,150.46249389648438,151.47149658203125,148.62750244140625,150.43649291992188,128982000,12.094652551351139,12.550735236367329,11.997454851454291,12.42487621307373,792512000,106.52356291630672,108.9313097079175,105.54298485481058,107.12549591064453,178011000,74.24316455011281,74.85348570171895,72.95283919517239,74.21983337402344,37596000
2020-09-18,194.08653090763448,194.9000011831459,187.8179542280491,191.7800750732422,55225300,256.60748881822025,257.401957450291,248.3154213533163,250.77821350097656,28130800,151.58700561523438,151.88999938964844,145.27699279785156,147.74549865722656,177852000,12.55472336706476,12.593352980887191,11.951598651235248,12.151476860046387,698460000,107.18374764280628,107.64975978247199,102.99930468969426,103.72745513916016,287104900,74.3429115679416,74.59070213973557,71.32157345578229,72.45606231689453,62078000
2020-09-21,188.71753855729975,194.00037037548051,187.94234334657574,193.83766174316406,39839700,245.82285024541395,248.21613611997893,242.43651635455427,246.42861938476562,24709400,145.3249969482422,148.10000610351562,143.5500030517578,148.02349853515625,122358000,11.888048492398234,12.483696882052305,11.867611832694848,12.478463172912598,721044000,101.49447149912258,106.97987339137704,100.09642017457678,106.87307739257812,195713800,71.46697837668651,71.87888985447366,69.80395251864239,71.0252914428711,57776000
2020-09-22,196.24943997909537,199.15883226221052,193.39748201736504,198.50804138183594,33517100,251.55282052218462,253.54888712316094,246.49813279732368,252.9828338623047,30293100,151.69200134277344,156.69949340820312,150.00999450683594,156.44949340820312,138976000,12.536034473412162,12.608808227414983,12.117834951693215,12.598589897155762,646452000,109.39731520243424,109.57207159281869,105.97986595474057,108.55265808105469,183055400,71.96475115766872,72.92901556169352,71.1925429970855,72.72753143310547,31664000
2020-09-23,198.96739879376585,199.15881731097764,191.4355445226873,191.9714813232422,30803800,253.4892759327058,256.2003338938652,246.42859683929288,247.29257202148438,19641300,156.02149963378906,156.35000610351562,149.61900329589844,149.9929962158203,113054000,12.536532585825412,12.68756384155978,12.04182108464414,12.086182594299316,647012000,108.36819258635005,108.84391540986971,103.65948104238039,103.9992904663086,150718700,72.39602158292905,72.50420373029236,69.86103353259674,70.23373413085938,33148000
2020-09-24,191.26328716801197,196.73752385885328,190.6412061876266,194.45977783203125,31202500,244.79007674829106,250.490264923574,243.91617629067426,247.79905700683594,20006800,148.88949584960938,153.46499633789062,148.25,150.989501953125,110588000,12.034841522187119,12.530550274972123,11.97677159825077,12.309736251831055,731240000,102.10610509006938,107.03811241012444,101.94105943821374,105.06725311279297,167743300,70.02628383570448,71.64806932025144,69.96772493414726,70.88285827636719,29004000
2020-09-25,194.80432871596318,200.05843751591576,193.83771475654646,198.890869140625,29437300,247.66993743064677,253.9758943385475,244.8992979778838,253.05235290527344,18351300,152.7429962158203,155.07699584960938,149.9499969482422,154.75650024414062,92304000,12.408926095480043,12.84357482564369,12.20780150562329,12.833854675292969,588016000,105.2711347875361,109.16431448128618,104.53327361353669,109.00897216796875,149981400,71.09824791579504,71.96028222676772,70.14092759920929,71.71015930175781,26460000
2020-09-28,201.8193699412056,203.43676002099645,199.12052657898317,200.4412384033203,32004900,257.6005722303954,257.7991969805752,253.052356387746,255.03848266601562,18826300,157.4425048828125,158.7519989013672,155.85850524902344,158.70249938964844,84484000,12.999841634274576,13.011306356370335,12.710491215075473,12.994607925415039,573808000,111.65945483814875,111.96042134324223,109.49441741099088,111.61090850830078,137672400,73.16176788095444,73.29029758381826,71.92558672180171,72.68087005615234,40158000
2020-09-29,200.3551475880367,201.04421349026651,197.9242721542855,198.3549346923828,24221900,256.021596951166,261.50329438654944,255.1179058879375,259.9739990234375,20200200,158.76950073242188,159.41299438476562,156.6269989013672,157.24400329589844,69916000,12.897406280943084,13.401090472498508,12.893169877748683,13.184762954711914,621460000,111.21287142269765,111.95072536524631,110.26141804491623,110.76626586914062,99382200,72.97219302241959,73.28351011343216,72.39725106484042,72.91958618164062,19564000
2020-09-30,198.80471964780773,202.8721151895252,197.66584655961745,201.2930145263672,33829100,260.162683455331,264.2342179457792,258.2957199668565,260.0832214355469,20142500,157.0570068359375,160.6439971923828,156.69949340820312,157.43649291992188,97922000,13.116726900529311,13.580286078672284,13.109499534654345,13.488571166992188,689184000,110.47497824771594,113.84388857632474,110.30993260341256,112.43612670898438,142675200,72.79403388769244,73.93299825620367,72.45061650998154,72.93299865722656,34032000
2020-10-01,204.3172412725984,204.7957583835063,202.24047876364014,203.3314971923828,27158400,263.5093064368688,266.46861515536716,262.9631035342646,264.7804260253906,20009800,160.39999389648438,161.1999969482422,158.60000610351562,161.06300354003906,99438000,13.715366086554479,13.720100667181514,13.41903648100408,13.572310447692871,525004000,114.21281650793448,114.29048766143629,112.45554925094682,113.38758087158203,116120400,73.66103317726785,74.39403804320203,73.40991822164688,73.94986724853516,35590000
2020-10-02,199.06308564547513,201.92462275877395,196.70877541869152,197.3308563232422,33154800,259.39802012625506,263.31069140999944,257.38210311911837,258.1368408203125,16367600,157.68150329589844,159.7899932861328,156.14999389648438,156.25,112262000,13.184019258253107,13.477606072110225,13.010557705011829,13.021773338317871,552496000,109.60120691204848,112.00896103141628,108.95072761058432,109.7274169921875,144712000,72.55731870644051,73.60794119352316,72.0059501472148,72.37815856933594,25682000
2020-10-05,198.31661938607914,201.36956068656312,198.0869259310169,201.34085083007812,21331600,260.3811312601421,263.032592504327,259.03054981829627,262.8141174316406,12822300,157.29200744628906,160.12649536132812,157.04249572753906,159.9600067138672,75506000,13.194985220785789,13.601970018218562,13.18177592914348,13.600225448608398,479820000,110.59149819179417,113.25167253166546,110.24198536966455,113.10604095458984,106243800,72.76475127438378,73.85656096292942,72.66847325622463,73.74787902832031,22266000
2020-10-06,199.8478540137694,201.14940628111484,196.01971787730272,197.06288146972656,28554300,259.9641057769694,263.8469868616389,256.44865325915,256.8657531738281,18696900,158.25,159.10000610351562,154.5,154.9980010986328,101738000,13.787142928368265,14.098176363229637,13.622654275454853,13.69393253326416,784420000,112.32935419932602,112.73712413305032,108.97986466252809,109.86335754394531,161498200,73.22977347152488,73.78461028397533,71.89031687924354,72.13101196289062,24908000
2020-10-07,198.1634647616866,201.08242148629012,197.8380766948601,200.814453125,25681100,257.41187237591123,258.3751447753526,253.05234121555128,256.3294372558594,23133400,156.75,160.0,156.6195068359375,159.7845001220703,86188000,13.95636829074398,14.075498148808256,13.820540002233665,13.92072868347168,418084000,111.28081129884058,112.18371817362878,110.80508099423795,111.72740936279297,96849000,72.66947063787708,72.90123003409803,71.265503187501,72.47096252441406,34924000
2020-10-08,201.46525767871398,202.11604850735242,199.36936511507264,201.53225708007812,19925800,257.9481357099618,262.7843480733694,257.3522917992151,261.9303283691406,16312800,161.24949645996094,161.6645050048828,158.74949645996094,159.52749633789062,63482000,14.0313848089131,14.040855872703876,13.71536767762151,13.795866966247559,378900000,112.86330661087659,113.0089381653486,111.25166358040926,111.62059783935547,83477200,72.70918049562208,73.9454074170449,72.70918049562208,73.74342346191406,23756000
2020-10-09,202.15431848195584,206.58539124900918,202.15431848195584,206.53753662109375,26458000,262.6850614584868,262.91347690000043,260.3513872302378,262.6155700683594,14107800,160.5,164.44949340820312,159.89149475097656,164.33250427246094,98158000,13.72433966527739,13.781412284485725,13.618419097926854,13.720102310180664,346892000,111.92158685077898,113.59147987684435,111.57207401243367,113.5623550415039,100506900,74.17865073894797,75.26152482602063,73.91810789711114,75.19701385498047,28706000
2020-10-12,209.38949984869137,214.2416701052122,207.4945762789934,211.88735961914062,40461400,268.32569985520615,278.23645160516094,266.0118455322542,273.8371887207031,31019300,167.4969940185547,174.81199645996094,166.9774932861328,172.14649963378906,167284000,13.946150254972267,14.302542532312062,13.869389192426144,14.181917190551758,434744000,116.56232621166858,121.53316947743221,115.80505089927543,120.77589416503906,240226800,76.57567423494667,79.09974266841846,76.05805679773535,77.8734359741211,49652000
2020-10-13,213.15065325040558,215.5336736103017,210.95903680543523,213.28463745117188,28950800,275.6544397582597,277.163915053948,271.49353328395597,274.2244567871094,18063300,173.39950561523438,174.61900329589844,171.21099853515625,172.18150329589844,114894000,14.252197472284319,14.304036377631371,13.975308163127476,14.204096794128418,344604000,121.62054399652054,121.73705073964729,116.16427448485399,117.57202911376953,262330500,78.5970009205124,78.90816654145827,77.57814573397125,77.99898529052734,32020000
2020-10-14,213.41862756429836,214.58621046182856,209.71490986658227,211.37057495117188,23421700,275.69420272133084,276.81636899435705,269.61666074248586,269.9344482421875,15577800,172.35000610351562,173.24400329589844,167.0,168.1855010986328,116254000,14.246216365246953,14.298304361964878,13.916740866696482,14.0515718460083,276100000,117.47494141501437,119.4458008172495,116.1351472290792,117.65940856933594,150712000,78.34192085711464,78.79324018059705,76.94936534993373,77.8203353881836,38586000
2020-10-15,207.77214729829,210.89207378296717,206.7289688383401,210.22215270996094,22733100,265.743712457179,267.1737258577717,261.8409814415914,264.86981201171875,15416100,164.60049438476562,167.79400634765625,164.0,166.9324951171875,104468000,13.767953352964803,13.962348784110764,13.725086380494536,13.92671012878418,267224000,115.26137355970408,117.66912045188067,114.70797946369227,117.19339752197266,112559200,76.78162738962374,78.16897299714017,76.67642126905331,77.37616729736328,30800000
2020-10-16,210.69109015947322,212.7391429273404,209.8967645606699,210.22215270996094,26057900,265.52525043208055,269.4875630091497,263.45966194903065,264.0852966308594,16622700,168.1614990234375,169.98300170898438,158.0,163.635498046875,129488000,13.993251870414806,14.077739416679783,13.749758471159122,13.768699645996094,242392000,117.7467587291144,118.00889698971204,115.3487158471714,115.55259704589844,115393800,77.70966576926196,78.46797821756914,77.56822477315174,78.06499481201172,28694000
2020-10-19,210.94947830769584,212.74870729118058,204.5373520367776,205.015869140625,27625800,263.68805608352665,266.6870958759029,258.07725536685854,259.5867004394531,13587000,164.98049926757812,166.4499969482422,159.63699340820312,160.36050415039062,104472000,13.859916877432626,13.940167071941861,13.36520451854094,13.455923080444336,298068000,116.46525990019522,116.91185804404176,112.29053425617,112.60121154785156,120639300,78.43472353680188,78.81635977044212,75.83124911574544,76.15928649902344,32142000
2020-10-20,206.52795082422134,208.03048668843869,203.93438212440702,205.42735290527344,22753500,261.23519522464017,267.8291492240227,261.05645112735016,265.7039794921875,18763200,161.11399841308594,163.3000030517578,159.60049438476562,160.85049438476562,90194000,13.541407070698842,13.756987368926554,13.465144191368136,13.603215217590332,229212000,112.81477533834804,115.513792607474,112.2613812832418,114.08661651611328,124423700,75.78411825030152,78.28783936764185,75.71563165721614,77.21736907958984,44834000
2020-10-21,203.96311314649793,207.59984583306044,203.96311314649793,205.57093811035156,22724900,277.6207072786257,281.08648766825246,274.45283368534405,276.7964782714844,28998600,160.625,161.69400024414062,158.0,159.2469940185547,91854000,13.582778214685826,13.748762347991198,13.435735256534779,13.48283863067627,219596000,113.27107023085922,115.25164013400696,113.05747826966751,113.46524810791016,89946000,78.0808774349601,80.33398306141476,77.99651111116405,79.07244110107422,51366000
2020-10-22,204.73831473811316,206.77680221075053,202.6041326095629,205.65707397460938,22351500,277.9285340599849,280.49065354453245,273.1320531546377,276.190673828125,16720000,159.49349975585938,159.9375,156.0970001220703,158.82000732421875,84240000,13.480594837866361,13.56956787100357,13.190745348047761,13.319595336914062,290480000,114.02834752777623,114.601163016686,111.25166679554484,112.37787628173828,101988000,79.05953963302305,80.49577391695124,78.66003959673263,80.16525268554688,28672000
2020-10-23,205.7910759676318,206.98736879384143,204.00142657264104,206.93951416015625,18879600,276.8659844556583,283.2613133434085,274.89973888289836,282.814453125,17535200,159.5500030517578,160.26649475097656,157.0,160.22000122070312,69334000,13.408322998452133,13.5511295811218,13.250065327089063,13.548138618469238,233484000,112.99925284491812,113.15459517987493,110.95072209723901,111.68858337402344,82572600,80.69824524177824,81.50668072441772,80.4223148935475,81.43919372558594,27516000
2020-10-26,204.66176438764387,207.04477013994912,199.15881787540803,201.05374145507812,37111600,281.1957326512578,283.25138040729377,272.3574777001807,275.18768310546875,21322900,159.93699645996094,164.1490020751953,157.6649932861328,160.3520050048828,118024000,13.385390724927863,13.650317116074088,12.998094445912937,13.100525856018066,336896000,110.68856238241843,113.15456575512079,109.5914777966803,111.6982650756836,111850700,80.64564438902183,81.30221896620628,78.23819417588084,78.93050384521484,37066000
2020-10-27,202.49887456316478,205.44654182171075,201.29301665869846,204.08755493164062,36700300,276.8262548702941,282.53636718820695,274.39323836900616,281.3248291015625,16287200,161.2469940185547,164.58299255371094,160.56500244140625,164.31649780273438,85820000,13.264766581144487,13.400345770075305,13.150621352779737,13.355236053466797,250520000,112.12546171107986,113.86331505621116,111.20314074462335,113.203125,92276800,79.18957574201883,79.74416265626328,78.54987280674499,79.61587524414062,24580000
2020-10-28,198.74728548055538,199.86701371354707,193.41661271649156,193.9716796875,51195600,276.8560582534552,276.8560582534552,265.4060424140643,265.8132019042969,23121800,162.46499633789062,163.2010040283203,158.12350463867188,158.13900756835938,111766000,13.157101249805214,13.218909394525857,12.569926727116144,12.587870597839355,376520000,111.6982866474873,112.06721355762778,107.863356340069,107.96044158935547,143937800,77.40642745303681,77.48632593152665,75.1672254539384,75.2664794921875,36680000
2020-10-29,195.3020057826841,198.45064235215534,194.63207005867363,195.924072265625,31432600,274.6315881178936,281.6327011547713,271.88081424165927,278.88189697265625,32368100,160.06350708007812,162.8625030517578,158.1999969482422,160.55050659179688,131930000,12.798716304089377,13.151868514765228,12.710490523520622,12.983641624450684,320080000,109.09637051307503,113.52352341003616,108.93131742851756,111.9604263305664,146129200,75.55134272922399,79.09228964702433,75.54539066703965,77.77864074707031,40062000
2020-10-30,194.7564655227637,195.51251613796734,191.04316804272622,193.77072143554688,36953700,272.59582393637925,274.7805749026662,257.3026580900136,261.2848205566406,47247800,157.8874969482422,158.35000610351562,150.9499969482422,151.8074951171875,167728000,12.810180868510429,12.896412039377154,12.261885015446573,12.495160102844238,416820000,107.82453453612558,108.7274415434045,104.58184087142044,105.68862915039062,190272600,82.983116079283,83.72207302133485,79.62579667717772,80.44713592529297,86582000
2020-11-02,195.5125282945089,196.45999749689346,191.5216970654332,193.63674926757812,30842200,262.76451171981944,268.59378747638186,255.55486365806064,259.5469665527344,27165700,153.08700561523438,153.98550415039062,147.50599670410156,150.2239990234375,145148000,12.618526270619803,12.796971486220077,12.35659080784414,12.541765213012695,299652000,105.93131786786421,107.45557903361015,104.19346473885868,105.6012191772461,122866900,80.80196444544396,82.42032715898198,80.1999807387312,80.69625854492188,50708000
2020-11-03,195.12973184265215,199.17798302947403,194.3928113087722,197.5605926513672,27512000,261.3344859939097,268.1766749142908,259.07030336447286,263.4596252441406,17961900,150.92649841308594,153.7449951171875,149.0489959716797,152.42050170898438,97958000,12.669118451633498,13.064389401209851,12.563696069043367,12.979154586791992,272900000,106.46532742335162,108.24200921576619,105.56242040449504,107.22260284423828,107624400,80.98162191657488,82.46648738799148,80.22926907638302,81.8962631225586,33234000
2020-11-04,204.82448475167834,208.93973515783054,203.29322403207328,207.0926513671875,42311800,279.0507571094763,286.9356812828767,276.6872618622412,285.3865051269531,35364400,157.99949645996094,162.24249267578125,156.9864959716797,162.05799865722656,136780000,13.347758298035835,13.784650759606524,13.295670305102623,13.751502990722656,410228000,110.81479612438059,112.22255078584597,109.07694271998845,111.6011962890625,138235500,84.87740613292816,87.90892191546988,84.66648653697001,86.8054428100586,71418000
2020-11-05,212.49985903019407,214.49049184070802,211.6480992096399,213.69615173339844,36080100,289.8751194712088,295.3171162940273,286.9456014426084,292.6358337402344,23823600,165.99850463867188,168.33999633789062,164.44400024414062,166.10000610351562,115786000,14.118615031439523,14.29456747948615,13.947646253256467,14.116122245788574,319028000,114.51380126430563,116.1351553723964,113.46527015302647,115.56233978271484,126387100,88.38707634204215,89.01436764430528,86.87391980549184,87.51213836669922,41316000
2020-11-06,212.71040498956907,214.72018254648174,208.66215462267135,214.10768127441406,25231900,291.9109268966528,292.5564118870269,286.0617703596247,291.3746643066406,13891000,165.23199462890625,166.10000610351562,161.60000610351562,165.56849670410156,92946000,14.06602622889892,14.543541985718917,13.851942362045998,14.516875267028809,383348000,115.07120221763194,115.92703675245446,112.94133225108231,115.43104553222656,114457900,87.04464374276087,87.96176108607659,86.36970565596054,87.4317398071289,33218000
2020-11-09,214.79674276458664,218.31862135822865,208.5186011997939,209.00668334960938,44395000,287.8592195324994,290.5504122683435,276.59788669255886,276.8362121582031,25117700,161.55149841308594,164.4499969482422,155.60549926757812,157.18699645996094,143808000,14.507404247847195,14.64597345153763,13.568572984005263,13.588510513305664,582976000,117.19134868504119,118.64043465344767,112.86353836131654,113.1261215209961,154515300,88.87839384296987,90.226286111646,87.34588919189159,87.49378204345703,45366000
2020-11-10,205.28384132449852,207.1979097750766,200.70921889587157,201.94378662109375,44045100,271.2055573077003,272.09930809794037,262.16867641553375,270.5401916503906,29067700,154.75100708007812,155.6999969482422,150.9739990234375,151.75100708007812,131820000,13.564333728250565,13.564333728250565,12.589115730688853,12.730426788330078,644068000,112.37726248118744,114.36124218625869,110.99624681601809,112.78572845458984,138023400,85.91014657196098,87.4937736852184,85.22578060726254,86.37168884277344,52722000
2020-11-11,203.26447733100426,208.67171429881148,203.08263851065,207.24574279785156,29440800,271.573003757464,276.4687982266486,270.5898808538926,274.5621337890625,14957000,153.08900451660156,156.95750427246094,152.5,156.8695068359375,87338000,13.01329951780789,13.393368493454396,12.908126217082737,13.376420974731445,404744000,113.97224808212631,116.34524653114283,113.24284127027532,116.20909118652344,112295000,86.84862678643563,87.55433245986977,86.71785556922241,86.98311614990234,25280000
2020-11-12,207.8774264775349,209.6957858040667,205.245582155711,206.1834716796875,21593900,275.2572527631473,277.80943248151925,272.52632894071945,273.17181396484375,12899500,157.99749755859375,158.79400634765625,154.30250549316406,155.51400756835938,87240000,13.437230778580004,13.723341113846628,13.27473578360391,13.41504955291748,365812000,116.33551348572685,117.22052312713384,115.31434109496367,115.936767578125,103162300,86.73100140824488,87.75531653266943,86.6302555562544,86.8406753540039,24950000
2020-11-13,207.06395495956468,208.07840904585942,204.95848228570205,207.20750427246094,18621100,275.79351739465017,275.83324840891396,271.2055701884182,275.02886962890625,10391200,156.10000610351562,157.08599853515625,154.26950073242188,156.4405059814453,75124000,13.58502189438396,13.626393386360808,13.018782160079738,13.2557954788208,346312000,116.16046289142338,116.38414348107418,114.633571669367,115.98540496826172,81581900,87.22727953659363,88.38906762036554,86.57814880833777,88.18955993652344,29998000
2020-11-16,205.63794400285644,208.38464222221836,205.30299077827922,207.89654541015625,24953300,273.1420215872313,277.4717929070027,272.724952013687,277.02490234375,12970400,154.66000366210938,157.13499450683594,153.63450622558594,156.55299377441406,76174000,13.131681153069124,13.607203277120108,13.115232761882497,13.473369598388672,413776000,115.65472831052979,117.66789057082231,114.90587400574458,116.99684143066406,91183000,87.92553912134699,89.2838512516731,87.7265312339121,88.40593719482422,24936000
2020-11-17,206.81507981110704,208.32718087457053,204.88186679385396,205.24554443359375,24154100,275.75374796451496,275.75374796451496,271.39421681528063,273.09234619140625,15040300,159.177001953125,159.46249389648438,156.76300048828125,156.7830047607422,68894000,13.510503557144846,13.554117795380119,13.262524644847927,13.380657196044922,312028000,116.26743436443991,117.35667698637204,115.69363055189307,116.11182403564453,74271000,88.1855906158277,88.58559041553403,87.69228882959717,87.84861755371094,22942000
2020-11-18,205.00568264712743,206.46418731553092,202.3957330895279,202.5396728515625,28372800,272.6156728201886,275.4657893900018,269.95427097077754,270.0833740234375,12152900,156.6999969482422,157.0,155.2550048828125,155.2729949951172,58336000,13.423524285055443,13.563588976140519,13.144143118815265,13.387137413024902,510924000,115.35323797332128,116.53001321672764,114.75998660153422,114.7891616821289,76322100,87.604453131627,88.01338862768735,86.65706040467028,86.6888198852539,23470000
2020-11-19,202.8275548867203,204.41078991307708,201.4362102764716,203.82546997070312,24792700,269.13990616892744,271.5729224859632,267.3226143295232,271.0466003417969,12963700,155.2655029296875,156.25,154.04600524902344,155.8509979248047,60206000,13.171807488212886,13.445705864591876,13.059406818491132,13.398602485656738,565936000,114.36124340716778,115.7908817492475,113.60266161420516,115.38241577148438,74113000,86.2719423645219,87.82082653054185,86.20370567882044,87.53943634033203,24998000
2020-11-20,203.6143280475377,204.6602228406842,201.50334356702317,201.8775634765625,22843100,270.6692780192734,271.1062282108236,267.5411352934016,267.8291320800781,18114700,155.8509979248047,156.64450073242188,154.90249633789062,154.97000122070312,67488000,13.412310574058976,13.452684764910122,13.024515078130138,13.047195434570312,341088000,115.3824186228592,115.50884645150772,114.0694879933699,114.11811065673828,73604300,87.60346164873442,88.03968879454243,86.44465709340311,86.46102905273438,46270000
2020-11-23,202.41491187166753,203.7006916515508,199.73780235137832,201.60890197753906,25683500,269.01088928025075,269.0704706443438,262.69499193344575,266.56793212890625,20990800,155.8350067138672,156.9875030517578,153.2729949951172,154.91949462890625,94178000,13.13043255974966,13.34102724824763,12.975164956123951,13.099279403686523,361356000,113.96250558761568,114.39042656864258,110.62668524347754,110.72393798828125,127959300,86.8287801959575,87.042176047001,85.2466445762745,86.09725952148438,43232000
2020-11-24,201.10994475986428,205.581403777196,200.40948479991638,205.20718383789062,33979700,266.62750877747334,275.89280470654967,266.01181448881255,274.9990539550781,16930400,155.02499389648438,156.71249389648438,154.31300354003906,155.9029998779297,72042000,13.101773917836427,13.121213270629385,12.845072163597615,12.917596817016602,346500000,110.78228497711366,112.66901178958845,109.49852215679763,112.00768280029297,113874200,85.88088559144109,87.92058790853834,85.7414286042471,87.78559875488281,31560000
2020-11-25,206.40658559838184,206.57929571662513,203.86381124815216,205.2167510986328,21012900,276.2106130353077,278.23644014336827,270.75867545850764,273.67828369140625,12467000,157.093505859375,159.89999389648438,157.01300048828125,159.2534942626953,75808000,12.992113308864676,13.228378372920385,12.97965223577936,13.19373607635498,259916000,112.37724673524147,113.5442943299849,112.00767597497685,112.84406280517578,76499200,87.98460214757017,88.26500033701676,87.17319061042556,87.91214752197266,20916000
2020-11-27,206.1571286123674,207.5196733497575,205.3798890879226,206.52174377441406,14512200,275.4658039800366,277.19372417729744,272.913624390235,275.88287353515625,7808400,160.56300354003906,160.8094940185547,159.50250244140625,159.76699829101562,47858000,13.33355368493512,13.365953240464343,13.129687189722432,13.220155715942383,167276000,113.36924718338975,114.26398425207363,113.02885888768483,113.3886947631836,46691300,87.9945193053864,89.5285080394309,87.96226003823054,88.99203491210938,17698000
2020-11-30,205.437491689779,206.0707768754735,202.30938234815488,205.40870666503906,33064800,274.1152242550069,275.7736530753407,269.13005807623745,275.0487060546875,16693300,160.4239959716797,161.41949462890625,156.27749633789062,158.40199279785156,81278000,13.223895571225766,13.370938545272066,12.932052369557857,13.35997200012207,286952000,113.75826127961471,117.64843004399634,113.60265096748358,115.7811508178711,169410200,88.39621434880539,88.73770827948194,87.09676390951667,87.38162994384766,36476000
2020-12-01,205.83086786900017,208.52718688320113,204.71781287908087,207.46209716796875,30904500,277.2234749024687,287.2931181154526,277.02485017711865,284.56219482421875,20738900,159.4250030517578,162.44749450683594,157.85899353027344,161.00399780273438,90740000,13.450440170378451,13.486827040045208,13.1872573732238,13.348506927490234,296948000,117.68735624187373,120.07980962174469,116.71481385558914,119.35040283203125,127728200,88.05804990630652,90.56227050804702,87.80991098470858,89.2357177734375,34738000
2020-12-02,206.1859017974964,206.75202672406434,204.1900574028058,206.65606689453125,23724500,283.3804926041417,289.7559715117229,278.88191764104107,285.5255126953125,17361600,161.08250427246094,161.60000610351562,158.66299438476562,160.17649841308594,62586000,13.309129121055353,13.631128151987834,13.19323932249745,13.502528190612793,283360000,118.66957797893137,119.98251568570589,117.57060813079475,119.70047760009766,89004200,89.2357124739142,91.09923808767552,88.80757290127825,90.71710205078125,24440000
2020-12-03,205.9268328948881,207.62522240610232,205.0056682633133,205.57180786132812,25120900,284.2643079363783,284.66152710899985,279.1202484321112,279.89483642578125,12921700,160.2729949951172,161.4320068359375,159.0655059814453,159.3365020751953,57840000,13.549396414005608,13.621693331672965,13.29162217345362,13.358433723449707,199520000,120.1284151780445,120.38127824003541,118.85438720785504,119.56434631347656,78967600,90.52157328153271,91.67244169462239,90.45407870885857,90.6585464477539,24546000
2020-12-04,205.55260044936085,206.66567004098926,204.5546709391374,205.6869354248047,24666000,278.3555792498037,281.4936623325887,277.36251613395586,277.759765625,10880300,159.91050720214844,159.91050720214844,157.93800354003906,158.12899780273438,58272000,13.410783525535034,13.521971563114915,13.351201489300315,13.52022647857666,202244000,119.23366830409037,119.48653134532607,118.18332098194936,118.89328002929688,78260400,90.54688484704663,90.97566812482567,90.17319222758387,90.7190933227539,27564000
2020-12-07,205.69654643667639,206.81920626860725,204.3723914418279,205.61978149414062,24620000,277.2532807346868,286.48875515657005,276.2701579939885,283.59893798828125,13007700,157.82400512695312,159.03799438476562,157.08450317382812,157.89999389648438,55026000,13.563106701684722,13.692742247164368,13.462140948888017,13.568591117858887,223244000,118.9516334233034,121.14958086023294,118.8932832660097,120.35209655761719,86712000,90.27293716272597,90.93646342957646,89.61686233326083,90.29676055908203,26418000
2020-12-08,205.31271750920934,208.17214180932788,204.27641284227593,207.27017211914062,23284100,284.025930935175,284.4430003836595,279.5968485621032,281.43402099609375,10747700,157.94500732421875,159.2064971923828,156.00100708007812,158.864501953125,65726000,13.54690261860404,13.560614134542899,13.244253571098817,13.312561988830566,271920000,120.9550855226028,121.54833690448348,119.7102251767506,120.96480560302734,82225500,89.83125494363887,90.41686677073551,89.14167889978857,90.2506103515625,21926000
2020-12-09,206.45458405466127,206.52174422620556,202.6644048248487,203.23052978515625,32440600,281.6922992992284,285.634761252422,269.8649134396478,275.99212646484375,25189700,158.39450073242188,158.72149658203125,154.39999389648438,155.2100067138672,82016000,13.26320049071074,13.376381837972524,12.832162653647892,12.894487380981445,401300000,121.11068659164964,122.49169482167979,117.67761359703715,118.43619537353516,115089200,89.92604689915913,91.0307603904383,87.7324996571546,88.54241943359375,30152000
2020-12-10,203.2017133666135,204.4587079505577,201.84875896224375,202.00228881835938,26733300,273.62863587076913,276.7965098251757,269.9741403523532,275.1976623535156,20065100,154.44949340820312,157.10499572753906,153.8000030517578,155.07449340820312,60604000,12.832911123321507,13.032100899132319,12.813465077975872,12.935871124267578,207764000,117.19133090530717,120.46880067316184,116.85094263147249,119.85609436035156,81312200,87.83124389303427,88.40246013178486,86.36821789177995,88.1056900024414,27256000
2020-12-11,201.5512947916614,204.68899336587359,200.64932523003245,204.63140869140625,30979400,272.6255563006007,274.56204107493767,268.37524830744854,271.65234375,14391400,154.83299255371094,155.93350219726562,153.64100646972656,155.8209991455078,61294000,12.930887469523446,12.983490135259263,12.78704205504218,12.97675895690918,209264000,119.0683519998447,119.38929273400028,117.23997517904313,119.04890441894531,86939800,87.49675608899089,88.55829808835796,87.34489519918117,88.42529296875,24414000
2020-12-14,204.47794696148657,207.46211646706954,204.26684702413348,205.53343200683594,28798400,271.4736753078326,275.29697459285813,269.67623338550675,272.2879943847656,16376900,157.14999389648438,159.52349853515625,156.3000030517578,157.84849548339844,83116000,13.05129918295084,13.351205605047769,13.040828672493594,13.271430015563965,270156000,119.2336797308675,119.9630864267169,118.20278730843776,118.43619537353516,79184500,88.08931055077237,89.20047577067668,87.2066787766819,87.34786987304688,32004000
2020-12-15,206.46417777084216,206.70406272172727,203.65273317434787,205.4662628173828,27000600,272.92357353369147,274.1649026592795,265.61464218905496,273.6385803222656,23979500,159.05050659179688,159.4250030517578,156.52450561523438,158.25599670410156,66390000,13.40206047490147,13.426242500782983,13.149770658003526,13.323033332824707,193016000,120.92591997852064,124.38817601169539,120.72168696233577,124.36872100830078,157243700,87.5642428261439,87.9116357500904,86.84612580443772,87.7304916381836,29646000
2020-12-16,206.06119852681152,211.2043331013097,206.03241350042614,210.4079132080078,35023300,272.8540298801992,275.93250127738247,270.6196378820546,273.7577209472656,15885000,158.80050659179688,162.35000610351562,158.1840057373047,162.04800415039062,88552000,13.384860738064194,13.39956985591814,13.175449574906734,13.205366134643555,223116000,123.91161767905837,124.84524997430788,123.08495079030278,124.30062866210938,98208600,87.98410023321698,87.99005986835175,87.15035712224122,87.49378204345703,30270000
2020-12-17,210.97399576078638,211.95273038503314,209.10289621547224,210.54220581054688,32515800,275.14804953883356,278.49466793468355,271.71202877883894,272.5760192871094,16377800,162.5,163.17550659179688,161.0500030517578,161.8040008544922,69486000,13.329265612676407,13.341980481922512,13.141543929806868,13.303837776184082,231384000,125.3606965932024,126.02203307421959,124.52430962121518,125.16619110107422,94359800,87.7672386705744,87.9297239384114,86.2858488900546,86.7444076538086,32494000
2020-12-18,209.74583435058594,210.8013341531294,207.27982429034196,209.74583435058594,63354900,273.85700089446664,276.0715425233864,269.25914418635875,274.4826354980469,26693200,162.19949340820312,162.4709930419922,158.5800018310547,160.08250427246094,119914000,13.341481562449765,13.367408674603341,13.03384733749289,13.234782218933105,342064000,125.41905534776451,125.5552106694522,122.65703149372492,123.18220520019531,192541500,87.05605764981478,87.10221263566275,85.37070020103279,85.90618133544922,80328000
2020-12-21,208.74789477288223,214.93692380229916,208.4888149169169,213.58396911621094,37181900,271.0863895010287,272.7646686484044,265.932389329885,270.897705078125,16553700,160.00050354003906,161.34849548339844,158.3000030517578,160.3090057373047,76736000,13.038083274086588,13.332505217650821,12.931133831680992,13.29486083984375,302332000,121.58722395031434,124.78688871478423,120.06033297589273,124.7090835571289,121251600,85.03770169388588,86.39452964731738,84.31760056105747,86.32107543945312,36568000
2020-12-22,213.6798936375532,216.50094263879487,212.87388382045947,214.8793182373047,22612200,269.6166559548355,269.6166559548355,262.7943166917705,265.23724365234375,17312900,160.14199829101562,161.10000610351562,159.00399780273438,160.3260040283203,47388000,13.281897959126036,13.299847130440972,13.017391613694233,13.241012573242188,185580000,127.99629004452623,130.71941139606707,126.09010064650239,128.25888061523438,168904800,86.07591064896982,86.22355360350771,84.99130249938008,85.53348541259766,18734000
2020-12-23,214.08293413992092,214.51472413933894,211.86639945368123,212.07749938964844,18699600,265.03867499000484,270.2820479286929,264.383249584433,266.25018310546875,14329000,160.25,160.50650024414062,159.20849609375,159.2635040283203,41876000,13.218825746792993,13.237772518322112,12.968530174223998,12.97276782989502,179144000,128.53119883757725,128.79377458393498,127.18908566358635,127.36415100097656,88223700,85.76227052584866,86.7488665523051,85.60990983925925,85.97418212890625,20676000
2020-12-24,212.46131328554506,214.56270791406772,212.25021334578557,213.7375030517578,10550600,267.0148494894716,268.52429470793675,264.3534472730126,265.54510498046875,6702000,159.69500732421875,160.10000610351562,158.4499969482422,158.63450622558594,29038000,13.0006905480948,13.095673577659898,12.902467461442201,12.95731258392334,97884000,127.71427367104259,129.79551379030826,127.5003131582361,128.34642028808594,54930100,86.10420096497573,86.65010959091123,85.81189109023948,86.2952651977539,6936000
2020-12-28,215.36871856280752,216.88479329797272,213.9965835914347,215.85809326171875,17933500,266.8758095415437,275.37642858276274,263.81718804969347,275.0785217285156,23299700,159.6999969482422,165.1999969482422,158.63450622558594,164.197998046875,113736000,13.025870500449853,13.025870500449853,12.727459998953021,12.863825798034668,212564000,130.31096699096756,133.5689752639016,129.84413593469228,132.93682861328125,124486200,86.929764423894,88.8698643014064,86.66673776836896,88.1434097290039,27860000
2020-12-29,217.15345055362997,217.98824549729198,214.53391099007936,215.08084106445312,17403200,275.0288804745847,278.5641832363711,274.3635147594354,274.86004638671875,16383000,165.4969940185547,167.53250122070312,164.06100463867188,166.10000610351562,97458000,12.888754523484122,13.03584092625599,12.806236260344338,12.906952857971191,170372000,134.25947087325437,134.97914269594398,130.6513323196226,131.16677856445312,121047300,88.72406590779995,88.95483330287551,87.15085837590568,87.28137969970703,25988000
2020-12-30,216.11715427573614,216.50097899696252,212.50928974470457,212.71078491210938,20272300,276.02191065990667,276.15098341059274,269.8251760858184,269.98406982421875,11803800,167.0500030517578,167.10499572753906,164.12350463867188,164.29249572753906,64186000,12.953821418799093,13.176694914698261,12.860584432443018,13.108885765075684,225396000,131.85728434018318,132.2560302372561,129.73713444926724,130.04835510253906,96452100,87.44465466205962,87.59775746786453,85.63770381564792,86.32852172851562,26122000
2020-12-31,212.72995237585465,213.97735693650276,210.7916780475065,213.4208221435547,20942100,270.1132102031671,275.16789862504214,267.93839921125164,271.2651672363281,12900400,163.75,164.14599609375,162.05999755859375,162.84649658203125,59144000,13.099662161368183,13.114121164807875,12.87878290992759,13.018390655517578,192424000,130.3985102212382,131.04039188221898,128.10330915091885,129.0466766357422,99116600,86.12506121054409,87.29180949909511,86.12506121054409,86.94193267822266,20238000
2021-01-04,213.52635524032226,213.9773400431163,206.1187080370233,208.88218688964844,37130100,272.87385574481715,273.09233082170965,263.3603253365964,267.0743713378906,15106100,163.5,163.60000610351562,157.2010040283203,159.3314971923828,88228000,13.067501258122682,13.61421397971434,12.926148437741286,13.076725006103516,560640000,129.85384635373498,129.94137159533847,123.27945861661561,125.85669708251953,143301900,87.22281294628222,87.37715765401825,84.75681130832594,85.76872253417969,38038000
2021-01-05,208.469620064535,209.67864963168427,206.97274025893688,209.08372497558594,23823000,266.4288997572722,270.5103744315404,266.3494377403135,269.0903015136719,9871600,158.30050659179688,161.16900634765625,158.2530059814453,160.92550659179688,53110000,13.063014829846537,13.405800875139692,13.050300910946934,13.367159843444824,322760000,125.35095048522051,128.12270140194101,124.90357459038079,127.41273498535156,97664900,85.6079306360175,86.73299169369423,85.26127976412366,86.39800262451172,22906000
2021-01-06,203.58554280387045,207.73076146630103,203.36485276551582,203.6623077392578,35930700,260.18254915137,265.89266234839437,258.2063631514997,261.48345947265625,24354100,157.32400512695312,159.87550354003906,156.55799865722656,156.91900634765625,87896000,13.185420201840708,13.207857143489328,12.55070572206963,12.57912540435791,580424000,124.21309795786028,127.45166544679954,122.90988747820573,123.12384796142578,155088000,84.49775233587917,86.74936612076766,84.31760021238799,86.11859893798828,52042000
2021-01-07,205.37990242724453,210.46546654506324,205.0632671621536,209.45794677734375,27694500,264.05549761855696,269.72587997913473,262.94327168855403,266.87579345703125,15789800,157.85000610351562,160.427001953125,157.75,158.10800170898438,70290000,12.931133417291425,13.340233565879808,12.850361199167793,13.306577682495117,461480000,124.83548271690452,128.01569898285928,124.34921175194928,127.32518768310547,109578200,86.35531082845031,88.75431746516027,86.20593375919945,88.69725036621094,45300000
2021-01-08,209.8321610847662,211.65529553000536,208.2489262362572,210.734130859375,22956200,266.44878529422607,267.0843602903066,261.3543662192144,265.71392822265625,18528300,159.0,159.53199768066406,157.11000061035156,159.13499450683594,70754000,13.325025399080976,13.38336067542421,13.005423860381017,13.23951530456543,292528000,128.79378086858412,128.98830121735807,126.65419059044255,128.42422485351562,105158200,88.7334912479935,89.81834938402105,88.01661599818148,89.68782806396484,41012000
2021-01-11,209.63063715459433,210.0528369606372,207.96103282381029,208.69029235839844,23031300,258.67309874273616,261.6423478463724,254.12485257045407,255.05833435058594,30412300,157.40049743652344,157.81900024414062,155.5,155.7104949951172,73668000,13.381120845591191,13.921850895343624,13.32502896268327,13.58330249786377,518344000,125.64274750135974,126.59583484109754,124.97169091120101,125.43850708007812,100384500,88.63868683951934,89.04787218907317,87.37070068849327,87.67839050292969,24194000
2021-01-12,207.74037126573907,208.31610101495866,204.68904166255604,206.23388671875,23249300,254.8497835250912,257.91834481107315,248.5636923990969,249.34820556640625,26383500,156.0,157.10699462890625,154.3000030517578,156.04150390625,70292000,13.713932666822668,13.715927864557273,13.307576126874734,13.44693374633789,291476000,124.97169257758259,126.12902035403391,123.37672370948479,125.26345825195312,91951100,87.04316284004813,88.2401862729812,85.62331568317703,86.67740631103516,27140000
2021-01-13,205.36072813105426,207.9898580178423,205.27435841483444,207.58685302734375,20087100,249.80503713335122,252.188382619965,247.4713326816302,249.8944091796875,19528900,156.4219970703125,159.49749755859375,156.10400390625,158.29449462890625,66424000,13.45217109900996,13.586792760102355,13.347465996604777,13.493803977966309,210028000,125.22453134083729,127.84067229611607,124.96195562519107,127.29605102539062,88636800,86.28187417200391,87.59477351168651,86.25358294239726,87.06698608398438,21882000
2021-01-14,207.17423821247684,208.66152780549393,204.13249885511956,204.4011688232422,29480800,251.64216837714716,253.26086598194598,242.91315091929113,243.93600463867188,29739400,158.37600708007812,158.89999389648438,156.0294952392578,156.37350463867188,61418000,13.536931064909215,13.561611414349295,13.143537592713157,13.16323184967041,283120000,127.20853432464988,127.40303981441828,125.22453974548624,125.37042999267578,90221800,87.0282768771927,88.08981896396133,86.02480148030823,86.36128234863281,23590000
2021-01-15,204.88092155862176,205.8308564944321,203.4512021297231,204.04611206054688,31746500,246.1803431790925,252.0990060846761,245.44548616282455,249.61634826660156,24942900,156.1510009765625,157.12750244140625,154.7584991455078,155.21249389648438,84880000,13.190905033846901,13.287882305059432,12.812469810724464,12.82343864440918,277780000,125.2439937099894,126.64445696844105,123.51286963768597,123.6490249633789,111598500,86.2625231023288,87.14639689560761,85.43671600067835,86.16326904296875,26844000
2021-01-19,205.10160570482998,208.2009147581072,204.0269259531728,207.68276977539062,30480900,255.11791059696782,260.38116333981225,250.9669140103909,259.2887878417969,28028500,155.35000610351562,157.25,154.8000030517578,156.03799438476562,66102000,12.97974631151567,13.05727847139922,12.807979582435895,12.98872184753418,226188000,124.27144590893572,125.17591790643084,123.4545139910682,124.32007598876953,90757300,86.9602790123325,89.79030281440636,86.4247903078785,88.87640380859375,34692000
2021-01-20,208.89182426038445,216.6544982014575,208.4984094044723,215.26316833496094,37777300,267.064434937094,268.44480710364064,261.7714222910091,265.62451171875,25199900,159.09950256347656,163.99000549316406,158.75,163.16900634765625,106196000,13.074980630078048,13.392837146187576,13.020135512164993,13.328269004821777,258572000,125.12729193961263,128.85213061210496,125.02031169638846,128.40475463867188,104319500,90.89130209923191,94.47691263088274,90.59700818016246,93.64266967773438,49806000
2021-01-21,215.60858068821213,217.1438501575346,213.42083121134726,215.86766052246094,30709400,267.39219883730624,271.70208935816214,265.6344576307383,270.9771423339844,20838700,164.64999389648438,167.42750549316406,164.47850036621094,165.34950256347656,98722000,13.380869233947863,13.959991048301735,13.215833672489648,13.82861042022705,337780000,130.12616498605254,135.83498363825382,129.9219245699571,133.1118621826172,120150900,94.19353244147311,96.02280722888308,93.65308365003949,93.8585433959961,41278000
2021-01-22,217.89226790023852,220.76129675652857,216.66405830590344,216.8079833984375,30172700,270.1231077356851,276.5382869759463,270.1131674066485,272.5958251953125,21954000,165.2154998779297,166.0955047607422,164.1580047607422,164.6114959716797,56438000,13.701469552054299,13.802934593706915,13.58903567654734,13.674046516418457,246820000,132.53803360991805,136.0100159621577,131.31263593020583,135.25143432617188,114459400,94.07838433539773,94.8362045161049,93.38756650254213,94.34488677978516,25442000
2021-01-25,219.84971877653385,220.4830184561712,215.14798037261218,220.24313354492188,33152100,276.21058498544335,278.15698017441997,269.6265717881597,276.08148193359375,19087000,166.4250030517578,168.1945037841797,162.15750122070312,164.6999969482422,74996000,13.74310221612875,13.789721185785888,13.19938129579068,13.614962577819824,251112000,139.14160249614895,141.1061268129052,132.790889061693,138.99571228027344,157611700,95.31859818550598,95.76077738666194,92.68138000088868,94.26301574707031,38546000
2021-01-26,222.47888575422274,224.7050103480152,220.7709061802584,222.92987060546875,49169600,276.21056454490656,283.41027148201056,275.88283677509816,280.0934143066406,19373600,164.8179931640625,166.89999389648438,164.14349365234375,166.30650329589844,59104000,13.542415511367036,13.606485325863583,13.34995690590269,13.397573471069336,163980000,139.6570621664172,140.33783872046894,137.48828243304504,139.22914123535156,98390600,93.7389416358011,95.5334809106757,93.51090040107225,95.14836883544922,26262000
2021-01-27,228.37046532559663,230.71174470769552,220.8284821455737,223.476806640625,69870600,280.57010675992376,281.4837381150198,266.2600643454643,270.252197265625,35346200,167.07449340820312,167.3260040283203,160.35400390625,161.62899780273438,93204000,13.19289858121172,13.19564126498745,12.75787222578399,12.881525039672852,371272000,139.4917564593141,140.33787848176394,136.55468894542827,138.1593780517578,140843800,93.4258024315897,93.79651903837762,89.77666519340737,90.8580551147461,54966000
2021-01-28,226.07715313829948,232.82271617243214,225.5781883862381,229.2628173828125,49111200,275.25724544437986,284.800598380068,262.8638363318904,263.1617431640625,37758800,161.7519989013672,165.08399963378906,161.4344940185547,161.88099670410156,62984000,12.959804528349476,13.3023413819018,12.924154394726525,13.014400482177734,228316000,135.68909090953088,138.09127131319642,132.94651480242143,133.3258056640625,142621100,91.5106525806787,94.23472079571793,91.44614161229457,92.46202087402344,35462000
2021-01-29,226.44181938602617,228.38968415248007,221.98955497107204,222.5748748779297,42503100,263.45961452430464,264.7108836627242,253.0821238557494,256.5379638671875,30389500,161.5,161.84950256347656,159.2274932861328,160.30999755859375,85872000,13.038331322992429,13.297353226268248,12.875290021733056,12.953320503234863,271552000,132.1004347436925,132.98545188101477,126.63475125528835,128.33670043945312,177523800,91.62133143132827,92.17269237519622,89.83621991668983,91.10371398925781,32252000
2021-02-01,225.54942071149748,232.68839909225326,223.02582637835746,229.95370483398438,33314200,257.7197870758903,262.3375558514074,253.1417796255082,260.1925354003906,22914300,162.1179962158203,167.51300048828125,161.75149536132812,167.1439971923828,83204000,13.016643847976683,13.233533625868915,12.866565612653634,13.199878692626953,217204000,130.0775571695549,131.66280616641993,127.33498024294086,130.45684814453125,106239800,91.98856402523053,95.40404826003692,91.8575504990364,94.35977935791016,32044000
2021-02-02,231.53696622596047,232.5060961930559,229.03256665892405,229.8193817138672,25916300,262.16864356397065,266.9850053875906,261.4436966318781,265.2272644042969,17320800,169.0,171.38699340820312,168.05650329589844,169.0,141972000,13.3611770550748,13.533940468097438,13.248243904367374,13.518733978271484,220440000,132.00313417601586,132.5672103709399,130.9138917801982,131.28346252441406,83305400,95.41239547422798,97.06004161908778,95.01190341768233,95.6580581665039,45474000
2021-02-03,229.87693764522302,235.17358635543027,229.57946803336847,233.16815185546875,27158100,263.7774086978428,267.3325914717765,262.00975763949117,264.8002624511719,14223400,171.25050354003906,171.6999969482422,165.43099975585938,165.62649536132812,141776000,13.597761908153519,13.892683188734136,13.478597798666218,13.492558479309082,245408000,132.03234852121233,132.04208344252265,129.94138833452192,130.2623291015625,89880900,102.87840313083534,105.03720730426068,100.16773064017131,102.73299407958984,82364000
2021-02-04,232.84191028192274,233.39844507245968,230.64455613985325,232.21820068359375,25296100,265.1578307479932,266.29984743580536,262.1687006375379,264.64141845703125,16060000,166.5,167.35000610351562,163.8874969482422,166.5500030517578,73414000,13.493054232332696,13.635154533800035,13.30034647317784,13.625930786132812,201340000,132.55754697261725,133.62733482885022,130.89449275235532,133.61761474609375,84183100,102.67443011733421,103.15382863593891,101.36921697081479,102.3508529663086,37046000
2021-02-05,232.42931297571354,233.4368326563768,230.69254834518915,232.40052795410156,18054800,264.94920373754593,267.3027885707506,263.82706797288836,266.2402038574219,12454400,165.9499969482422,168.85000610351562,165.135498046875,167.6074981689453,72416000,13.6865090793891,13.698724671420008,13.507761064835176,13.552884101867676,169152000,133.77832786955716,133.84649984670483,132.32706879031318,133.2036590576172,75693800,102.72951534871969,104.34291815901767,102.19998621432573,104.11909484863281,30702000
2021-02-08,233.31207164136814,233.82062650984076,231.0667522626685,232.6595916748047,22211900,266.88567286752715,267.98795821608473,263.16168673449187,264.730712890625,13755200,167.9250030517578,168.25,165.1999969482422,166.14700317382812,65148000,13.688754280440907,14.433160858990226,13.688754280440907,14.398259162902832,434624000,132.49262578464683,133.39844945852406,131.41149002924152,133.34974670410156,71297200,104.51164062545433,105.38692697497392,102.82875938280571,103.8664779663086,24838000
2021-02-09,232.08387859856478,234.85694793762076,231.61371348356542,233.90701293945312,23565000,264.59177204978135,271.49357368908437,263.9065559898149,267.5809020996094,14613400,165.62449645996094,166.89999389648438,164.89199829101562,165.25,44070000,14.300535315470242,14.542355599688753,14.182617019413179,14.22325325012207,287560000,133.06725182462114,134.29449558670797,132.3172860388913,132.47311401367188,76774200,103.1533315305854,104.47293255250594,103.1533315305854,103.39997863769531,17798000
2021-02-10,235.08727333327803,235.97004827617175,231.14356379496923,232.9954833984375,22186700,270.5600634141554,271.900674402498,265.86286387269195,269.98406982421875,14687200,165.6999969482422,165.8975067138672,162.6999969482422,164.32899475097656,63032000,14.422691425140114,14.863202216590143,14.301282965701423,14.722846984863281,485352000,132.93091432442992,133.42766158836056,130.90500170826476,131.8692626953125,73046600,103.93100795991074,104.6337375889511,102.3865915073248,103.98906707763672,22710000
2021-02-11,234.8761146709095,235.23113965663376,232.35252070277042,234.5978546142578,15751100,270.0039992694149,271.6822483903936,266.62755975361455,268.514404296875,12828600,164.60000610351562,164.60000610351562,162.4029998779297,163.10650634765625,46028000,14.938241392149193,15.229422356874197,14.883146161796272,15.207982063293457,450828000,132.3659630385237,132.84322611365104,130.2913630347836,131.61599731445312,64280000,104.19403374955975,104.31909522357091,103.09278852654595,104.0143814086914,18914000
2021-02-12,234.06055791477417,235.37513751785033,232.9091129771485,235.0776824951172,16561100,268.6434160254985,269.2988413011865,266.4785457640893,268.6235656738281,9097600,162.5,164.0124969482422,161.66549682617188,163.885498046875,46706000,15.007794401549177,15.248367885003656,14.733565033067464,14.919293403625488,374756000,130.85629728454018,132.00560480490336,130.2134567077312,131.84976196289062,60145100,103.73446803117707,104.65606084760412,103.38112301012299,104.42230987548828,17114000
2021-02-16,235.11603342688002,236.1715330517929,233.0914038855764,233.83984375,26728500,268.9214652817526,274.68124922947464,268.17666798465854,272.0694885253906,15417200,162.70249938964844,165.4149932861328,162.67950439453125,163.44749450683594,51494000,15.02200431508525,15.329390295174722,14.908074531360281,15.28725814819336,321960000,131.96674131794015,132.47320860610384,129.33693987108325,129.72654724121094,80576300,104.43472840713319,106.83274335243696,104.43472840713319,105.3051986694336,22676000
2021-02-17,232.0894541766409,234.96507650561446,231.72398457959287,234.85928344726562,21653500,269.358478316072,272.06955202031486,267.7099896104113,271.6723327636719,12763200,163.17999267578125,166.04550170898438,162.97500610351562,165.4320068359375,65950000,15.128456867917356,15.180810369685322,14.738553519197914,14.864200592041016,274756000,127.83689508299388,128.78167180132837,126.10318447577991,127.43755340576172,97918500,104.21834685346211,105.88881673739306,104.16474799837782,105.62330627441406,21418000
2021-02-18,232.55110833821877,234.59962546627492,231.64706116356732,234.46498107910156,16925600,267.70001482832095,270.0635097465597,264.1845631303574,267.5212707519531,15249100,164.12100219726562,166.89999389648438,163.69700622558594,166.4114990234375,60548000,14.687693659586431,14.831539037044887,14.534125260124792,14.787413597106934,233868000,125.84022023340577,126.61941963432317,124.09677476387137,126.33696746826172,96856700,104.73398770644138,105.84291916966751,104.4024744477886,105.07195281982422,22432000
2021-02-19,234.42650126233121,234.53229432170122,230.993047615162,231.75283813476562,25262600,267.9880493067384,268.3952088990513,258.34541308765796,259.7456359863281,25622600,166.4114990234375,166.6750030517578,162.28750610351562,162.4949951171875,86104000,14.98236639799842,15.134438891463464,14.805115230939935,14.884641647338867,271724000,126.85318631272438,127.31096541209789,125.45063033694109,126.4927978515625,87668800,105.17467105151684,105.7334758207032,104.08980542953131,104.27491760253906,29148000
2021-02-22,228.33864303907808,228.82913016967538,223.51065478002488,225.53994750976562,36446900,256.1606138777245,261.2450916067546,255.74351408166407,258.5240783691406,17434900,160.406494140625,161.61599731445312,158.61300659179688,159.03700256347656,70314000,14.7333173121364,15.090812459281109,14.284828587536415,14.315492630004883,325884000,124.68115232492676,126.34669108531578,122.33382715227125,122.72342681884766,103916400,102.58062420310993,103.79253530976204,102.3394369378379,102.47541809082031,27350000
2021-02-23,221.51981974467014,225.84769358188825,219.98101428804915,224.3473663330078,30228700,257.69985037363546,265.60462342546225,253.191350988149,264.0157165527344,21924600,156.35150146484375,160.2364959716797,154.67999267578125,159.72500610351562,93544000,14.035779263801077,14.198821553836638,13.351952265234438,14.10234260559082,391780000,120.54170021925478,123.41498433079913,115.31134105569778,122.58708953857422,158273000,100.49675675125818,103.32553876597618,99.35580848769983,102.77218627929688,33348000
2021-02-24,221.2120626767533,226.20354640693853,220.2407006773393,225.5784149169922,26339700,260.5101953582652,264.53211856678286,256.59755514128494,262.4764709472656,15736100,158.33749389648438,158.56149291992188,156.2689971923828,157.97650146484375,60226000,14.083145503096832,14.466068467380678,13.717423274073871,14.45833969116211,448320000,121.691012957123,122.29488547484925,119.0514857660057,122.09034729003906,111039900,101.3314994577473,104.2570595002908,101.14787907670082,103.97864532470703,24966000
2021-02-25,223.20286682298797,225.61685322946673,219.16352111418414,220.23106384277344,39542200,260.480444082425,265.08827150301914,252.2777481716755,252.92324829101562,19053100,156.83700561523438,158.91299438476562,152.38800048828125,152.85800170898438,90676000,14.00611199836621,14.33443901715153,13.179188080871866,13.270181655883789,824436000,121.43776543888308,123.17147632846172,117.40542445743719,117.84371948242188,148199500,102.60296857758759,103.96426450631263,100.31215120065129,100.81190490722656,36568000
2021-02-26,222.67394655856364,226.36706254282802,220.7600590313648,223.49143981933594,37819200,254.69089973234236,263.7078995320883,254.69089973234236,255.83291625976562,26619500,154.75999450683594,156.1219940185547,151.8350067138672,154.64649963378906,85518000,13.713931328326733,13.815645509869658,13.323529751360189,13.67603874206543,500932000,119.40212088348072,121.60335309106918,118.04826755034811,118.1067123413086,164560400,101.76276066693059,102.77963192245342,100.05258772073852,101.08484649658203,41670000
2021-03-01,226.87677089593706,228.38672511898815,224.23195895822414,227.8769989013672,25324000,259.0107025698377,264.8002466065348,256.1109452345398,263.07232666015625,22157300,156.39450073242188,157.47799682617188,154.89950561523438,157.3070068359375,54582000,13.836090305328044,13.885950280412095,13.515242901527062,13.802933692932129,353184000,120.53195302229754,124.60325484384613,119.5969181572381,124.4668960571289,116307900,102.06051794114586,103.5493513322446,101.54340035380785,103.30072021484375,28090000
2021-03-02,227.9443015684846,228.22321721235295,224.5204748274745,224.92440795898438,22812500,263.93630511685126,264.85984651108265,256.8557604826505,257.2033386230469,15191700,157.17349243164062,158.17599487304688,154.3560028076172,154.72650146484375,51916000,13.861019225401146,13.881461918922543,13.358432904337935,13.368654251098633,264116000,125.07078727617044,125.37272355528646,121.75920051926317,121.86634063720703,102260900,103.03670442654219,104.43521190472185,102.79204134384504,103.01933288574219,22692000
2021-03-03,223.2798287097905,224.6455116135166,218.56724606158295,218.85577392578125,34029500,258.48439730307683,259.17952327480714,253.33039749890509,253.63824462890625,15513500,154.0590057373047,155.38900756835938,149.75,150.25,79774000,13.38859986982293,13.41377854511925,12.762859005310784,12.768842697143555,377592000,121.56437474382311,122.4409721711293,118.6716069492106,118.8858871459961,112966300,102.59105022064446,103.64852581463876,99.75184808714971,100.58113098144531,29684000
2021-03-04,218.0671372652844,223.59719816718902,215.68198738845186,218.05751037597656,44727800,254.69088607980996,264.6413671039277,251.74148755772686,255.852783203125,31626500,150.60000610351562,152.906494140625,147.27149963378906,148.8784942626953,109632000,12.764853610702268,12.938615575725441,12.04986423160692,12.33556079864502,573344000,118.58394833274576,120.38583846392305,115.53534519039708,117.00607299804688,178155000,100.41538074708215,103.68435837482073,100.26152824244853,101.69180297851562,42360000
2021-03-05,220.74084563782202,224.34740783603104,217.7978932321057,222.7412872314453,41872800,258.8617730445713,263.6086134766132,253.83686100228493,262.44671630859375,26820100,150.25,150.4499969482422,144.0500030517578,150.0229949951172,107772000,12.514805563806275,12.514805563806275,11.646497027872458,12.426553726196289,542840000,117.83398211644732,118.7690169305712,114.5126538027712,118.26253509521484,153766600,102.88435389261545,105.11711204230443,101.5590430201641,104.64217376708984,43904000
2021-03-08,222.52002038744914,224.44351976146905,218.44221110661374,218.6922607421875,35267400,263.7079128586234,263.7377035415093,253.28076471915193,253.53895568847656,18391800,150.75,153.22950744628906,147.5655059814453,147.59750366210938,83700000,12.415085459306246,12.43627563829937,11.534063017322843,11.560738563537598,543112000,117.7852730985796,117.85345248459532,113.18801326724598,113.33411407470703,154376600,104.2744241479968,105.64811623726695,100.32801743764185,100.45507049560547,32948000
2021-03-09,223.97224558414118,226.37661952016077,222.8085221420488,224.8378143310547,33080500,259.3682106602773,266.6672304354155,258.00771907545925,263.8965759277344,22039700,150.89950561523438,154.54800415039062,150.25750732421875,153.1425018310547,80600000,12.100410437756945,12.585713469776065,12.029584993693858,12.48945140838623,521824000,115.93468039958287,118.88588550494669,115.70092356585985,117.94110870361328,129525800,102.7295226750269,103.12853052049694,101.62927696149183,101.87096405029297,33946000
2021-03-10,227.93467679656288,227.93467679656288,223.16439187152451,223.5298614501953,29746800,266.77648503964184,267.1041825272053,261.04649157172383,263.0624084472656,14210300,154.92250061035156,155.822998046875,151.50250244140625,152.8820037841797,60250000,12.808910100942292,12.948066572746527,12.42685292339801,12.437576293945312,384376000,118.52554000762703,118.99305378580543,116.34378427280272,116.8600082397461,111943300,102.81685483464553,102.97765139857192,100.91164954542201,101.98658752441406,25372000
2021-03-11,225.9727277040274,230.02168593321738,225.3475815614815,228.05972290039062,29907600,266.2501991887578,275.9722978331897,265.9622326386146,271.9801940917969,21834000,155.20050048828125,156.58900451660156,154.14649963378906,155.67950439453125,55528000,12.91814061708739,13.014154358534435,12.703170905345067,12.961533546447754,299916000,119.35340946888309,120.00598467048323,118.10669641776761,118.78849029541016,103026500,102.93100824614882,105.49378782988636,102.84763392955281,104.95135498046875,24782000
2021-03-12,225.05904836070448,226.7998276939092,224.30888474756043,226.7324981689453,22653700,267.27306492322964,267.86887864473107,262.18855548795733,266.5381774902344,20600200,153.75,154.94900512695312,152.27499389648438,154.47450256347656,48438000,12.617134944070317,12.857043763325269,12.559028764148305,12.824374198913574,243964000,117.26906067587845,118.01903394756955,116.06130832636462,117.88267517089844,88105100,103.4739148948357,103.73495748612314,101.6153570721142,102.32850646972656,34516000
2021-03-15,225.9727625007269,226.1939608682374,222.9432415168151,225.8284912109375,26034900,267.2134253470967,274.0457048286008,266.63746204114943,271.8510437011719,16844800,153.72850036621094,154.11199951171875,151.60450744628906,154.08399963378906,58272000,12.83310149724649,13.174260154911902,12.735841507996014,13.158798217773438,221988000,118.25280599447676,120.77545095974142,117.28854502762586,120.76570892333984,92403800,102.34736194602183,102.58358913365124,101.41485711066167,102.55530548095703,25962000
2021-03-16,227.24222868505888,230.87764154891525,226.91523729363269,228.61753845214844,28092200,274.1648374392851,280.1828274899557,272.89371792930007,277.3426513671875,22437700,155.24850463867188,156.44549560546875,153.79299926757812,154.59300231933594,50776000,13.32364243314881,13.479258807224893,13.084482313956556,13.258553504943848,272128000,122.43123557963636,123.91171295180644,121.47672411823375,122.30461883544922,115227900,103.17565990064335,105.38757043005971,102.72950512628432,103.84712219238281,29832000
2021-03-17,227.11720307886736,229.42541133970818,224.30889550204407,227.97315979003906,29562100,273.79738455723657,284.24442645784393,273.4994777868636,282.0398254394531,21315000,153.66099548339844,158.65249633789062,153.51100158691406,156.7864990234375,62372000,13.007671116067991,13.420153700648893,12.957544682409727,13.308429718017578,243864000,120.82414250531377,122.58707194968112,119.15860369194408,121.51567840576172,111932600,103.0287723005973,104.70371009933085,101.93547070721823,103.77567291259766,25980000
2021-03-18,223.66449805031266,225.2321546884323,221.51980042264478,221.89488220214844,34833000,277.92858482314426,283.2116881663582,276.3496180179357,276.687255859375,18728300,155.0500030517578,155.8314971923828,151.25,151.39950561523438,72992000,13.104185207444301,13.151568017279345,12.685716806925916,12.691203117370605,293896000,119.68457913932171,119.97678079779097,117.19115272943903,117.39569091796875,121229700,102.28286783600868,103.0024692034399,100.92057998943062,101.05308532714844,27228000
2021-03-19,222.183433076479,223.57796728976257,220.5773127425442,221.5390625,46430700,279.2691890055399,290.76884566116183,279.2493386548787,288.0975036621094,38930500,151.4615020751953,153.864501953125,150.8314971923828,153.7480010986328,92508000,12.718637435229843,12.889715783473019,12.581475849233252,12.814151763916016,299208000,116.7820720526636,118.27228410779664,116.56779183514182,116.8697280883789,185549500,101.34241567958058,101.89080056408538,100.13298835879755,101.39949035644531,46298000
2021-03-22,221.4621381695142,227.83852958365864,221.3371059951713,226.96334838867188,30127000,288.4352224866444,297.6309672357557,284.7608764742998,291.5037841796875,28273100,153.3925018310547,156.32899475097656,153.00250244140625,155.5435028076172,58044000,12.880982909051182,13.361547266325193,12.874997152443814,13.153809547424316,297804000,117.20089594056832,120.64884136246526,117.13271654370864,120.18132019042969,111912300,101.33199642788556,102.13348028588815,100.54936076831994,101.17070007324219,39096000
2021-03-23,228.40593872587874,231.8297652677323,228.0020056178648,228.49249267578125,31638400,291.11643012145873,295.932792026011,287.79960313612776,288.6139221191406,23000900,156.35000610351562,159.10000610351562,156.04249572753906,156.875,76346000,13.2216411794173,13.311669159623857,12.98921460896582,13.038593292236328,222048000,120.12286614601692,121.00919818208511,118.9638091293934,119.35340881347656,95467100,101.82132320572043,102.84375278509316,101.20196791810987,101.88385772705078,27340000
2021-03-24,228.75221011891443,228.89646672788933,226.31898414661643,226.45362854003906,25620100,288.9814180689493,289.6964248516647,279.2096789090975,280.1828918457031,18675000,157.552001953125,158.0155029296875,154.25750732421875,154.35350036621094,59180000,13.118896401350066,13.126877093413306,12.605662461359328,12.611896514892578,245840000,119.62612832333967,119.70404974763237,116.94764066899515,116.96711730957031,88530500,102.49974164241104,103.13696071838505,101.31785579766643,101.4917984008789,23080000
2021-03-25,226.29972771990109,227.8769967829049,222.71240512495487,223.45294189453125,34061900,279.0309091806208,286.06178331046056,275.82330413065733,276.8064270019531,24505600,153.64950561523438,155.48899841308594,151.85699462890625,152.31300354003906,71270000,12.468749258322461,12.6834697198719,12.241808987248234,12.504410743713379,295144000,116.43143354135354,118.49630686413842,115.9054750318424,117.4541244506836,98844700,101.47938573124554,102.17714767750128,99.78806856759364,101.4570541381836,28378000
2021-03-26,222.69312134234167,227.65575276755567,222.69312134234167,227.43453979492188,25479900,276.3694427158467,282.5264459269405,275.84312049630233,281.05670166015625,17629200,152.2030029296875,152.83299255371094,149.8000030517578,152.60150146484375,66258000,12.523613510506973,12.82462133897218,12.343059043552696,12.807662963867188,363968000,117.22036947257719,118.32098926109825,115.82755546141085,118.0580062866211,94071200,101.18410882027551,101.78609259385784,99.95135025094393,101.01983642578125,29870000
2021-03-29,227.54037302898925,227.74234693638846,223.0105398608901,226.2420196533203,25227500,283.7876255653244,291.1462266275226,282.7250711018045,288.8026123046875,21718800,152.77200317382812,154.5625,151.42250061035156,153.7864990234375,54920000,12.78871077199155,13.03036526004874,12.66875684725543,12.916396141052246,273520000,118.48655542775977,119.3923715504468,117.59048134086395,118.23331451416016,80819200,100.63919407485422,102.15532690786644,100.03075843514034,102.0322494506836,24596000
2021-03-30,224.5973912796643,224.90515820719227,222.26034670867986,222.98165893554688,24792000,287.819489559495,290.44119091458725,284.7112272475432,286.002197265625,17474500,153.50050354003906,153.64999389648438,151.6999969482422,152.76449584960938,46752000,12.810407393306773,12.943329820806323,12.673744343397683,12.840084075927734,200204000,116.98660451621751,117.26906411360106,115.76911009525196,116.78206634521484,85671900,102.11561611154833,102.768222674311,101.4406779549868,102.01189422607422,20732000
2021-03-31,224.00116481572115,229.9543988343797,223.50105077635433,226.75177001953125,43623500,287.9783924701882,294.44324370782823,286.60796038240426,292.4869079589844,19498200,153.2030029296875,155.9665069580078,153.125,154.70399475097656,61878000,12.983480795926578,13.437361379878029,12.950561986434117,13.315412521362305,314776000,118.48656634745086,120.30793336547684,117.99956854695249,118.97356414794922,118323800,102.1895673001318,103.88718500087943,102.07169979464673,102.66152954101562,29198000
2021-04-01,229.34845404428125,233.5512955722621,228.9445209279314,233.08004760742188,30338000,296.33005070789403,300.3023034795974,294.54254908298094,296.5882568359375,17616000,155.89700317382812,158.1219940185547,155.77749633789062,158.0500030517578,58806000,13.538862038226707,13.835879080768066,13.47801127894021,13.777772903442383,308276000,120.44429326652572,120.95076768283118,119.30471282559485,119.80145263671875,75089100,104.11659813070005,106.34935596867466,104.06399129155837,106.09178161621094,33980000
2021-04-05,233.47437621864523,240.39898652034762,233.41667357865393,239.54302978515625,36910600,298.80279507741744,308.6142338487392,298.5942299891719,306.76715087890625,28237000,158.64999389648438,161.79800415039062,158.06199645996094,161.3365020751953,66698000,13.833385984222154,13.979525226057607,13.699216354541514,13.95309066772461,255672000,120.64882787870255,122.87927851383142,119.86962848939254,122.62603759765625,88651200,106.84565267866017,111.03274738094558,106.7801421207213,110.4491195678711,43298000
2021-04-06,238.1388502881798,239.8603758409947,237.43677709710138,238.37928771972656,22931900,306.697587369966,309.1901853123323,303.132494672926,304.135498046875,17335200,161.1875,162.36549377441406,160.8520050048828,161.1909942626953,50756000,13.965311422908092,14.01967698259922,13.739618291490467,13.827401161193848,191744000,123.21042282538829,123.82403727576349,122.38252818983577,122.92796325683594,80171300,110.29773541161042,111.05009572873163,109.91559940481758,110.4094009399414,27060000
2021-04-07,238.3311941792023,241.3318485895909,237.73491405281382,240.34124755859375,22719800,304.2149752941855,312.07010879752124,303.3808058477096,310.91815185546875,22855200,161.69000244140625,165.1804962158203,161.1824951171875,163.96949768066406,66924000,13.846599423020441,14.208457016295897,13.677766286592616,14.10870361328125,251284000,122.55786509964642,124.59351228641088,121.88580577435263,124.57403564453125,83466700,110.47788964266773,111.91064033425435,110.43818651122098,111.64662170410156,25798000
2021-04-08,243.1015050665614,244.41909761825963,242.3609535993028,243.56314086914062,23625200,312.6659554448147,313.6888093314046,307.8992338881179,310.8486328125,20894100,165.5449981689453,166.22500610351562,164.60000610351562,164.96499633789062,56242000,14.217689256384576,14.435901140986724,14.21394768210418,14.281781196594238,244416000,125.59667966316852,126.99923514690438,125.1778688556019,126.97001647949219,88844600,113.05011129326408,113.35010737527648,112.04365987787578,112.42877197265625,27166000
2021-04-09,243.1976350767871,246.19830403516193,242.78408976152787,246.06365966796875,24326800,309.23986644593833,312.55669381171714,308.177281575922,310.2925109863281,15988600,165.23500061035156,168.61000061035156,164.44500732421875,168.61000061035156,86830000,14.179032137087,14.372555124634204,14.140128521718337,14.364574432373047,195172000,126.42461457311639,129.58035037412546,126.1031942856078,129.54139709472656,106686700,111.99502259379396,113.59998953817454,111.84683440193864,113.44316101074219,20888000
2021-04-12,244.96727170717304,247.81405726650726,244.8807030813656,246.12136840820312,27148700,308.89231516176454,309.9846908098651,305.7939626368871,309.3789367675781,10881900,167.760498046875,169.7519989013672,167.5574951171875,168.96949768066406,65636000,14.254596031105418,15.314731433707978,14.104465977801848,15.171584129333496,869324000,129.0739151583479,129.3953355248616,127.2330638679476,127.82720184326172,91420000,112.46897052864345,112.91909339865406,111.09006079216573,111.90023803710938,31318000
2021-04-13,247.41974301703107,249.27591293750018,247.00616833012472,248.60267639160156,23837500,310.0441922328414,312.2487933156605,307.1742559081195,307.6112060546875,14036900,170.04249572753906,171.60000610351562,169.781494140625,170.0,66316000,15.194029461631905,15.661377066442782,15.088539527921586,15.6409273147583,676212000,128.99597765783932,131.15824904554103,128.49923039780398,130.93421936035156,91266500,112.23174260920688,113.01287887576844,111.96474035408396,112.51958465576172,23310000
2021-04-14,247.63133499844136,248.92967367444348,245.40006854516722,245.81361389160156,23070900,305.16826342390004,305.8932103611847,299.8554003462069,300.7193603515625,17421400,170.20199584960938,170.2064971923828,166.3000030517578,166.64999389648438,62904000,15.586562476746503,15.681827538993751,15.19004028928494,15.239418983459473,385500000,131.43093339635666,131.48937073876672,128.2362298740332,128.5966033935547,87222800,112.91114526151502,113.05158667158682,111.62231173029588,111.90270233154297,20220000
2021-04-15,248.06409680754706,249.9875962364744,247.87176447481755,249.5740509033203,25627500,304.2149480766785,307.9886060607909,301.99049641842674,305.6846923828125,14558300,168.5500030517578,169.85000610351562,167.60000610351562,168.95449829101562,64672000,15.62396691847129,16.174359665359855,15.593043048827143,16.097549438476562,598480000,130.34008581919048,131.48939338315375,130.1647588997771,131.0023956298828,89347100,113.00146588563129,114.47129212057,112.45655683858433,113.97814178466797,27472000
2021-04-16,249.54519003796193,251.0166658707798,247.74672283677018,250.7666015625,24878600,306.03227702070234,306.8068650471184,302.4969444090367,304.0560607910156,13059200,169.0,170.33999633789062,167.7794952392578,169.9720001220703,63720000,16.01350646843604,16.12598008943115,15.826218501412095,15.873353004455566,335208000,130.8076081751269,131.16798178060714,129.81412853121648,130.67124938964844,84922400,114.29278070382014,114.46349736190467,113.37218749025212,114.03273010253906,22596000
2021-04-19,250.23771931958956,251.478384960679,247.95837665707845,248.84317016601562,23209300,302.8942064698286,305.56554881533964,298.4750632513306,300.1434020996094,14553500,169.51649475097656,171.79649353027344,168.00799560546875,168.60049438476562,54508000,15.498278823834138,15.768612048726274,15.195525285421995,15.323958396911621,404420000,130.03815636501255,131.9471944147541,129.8725788847892,131.3335723876953,94264200,113.74589052815423,115.05953958182683,113.54068066554962,114.26301574707031,24688000
2021-04-20,247.95831277261587,250.247281736885,247.015787507837,248.38148498535156,19722900,299.8950813844623,302.98352302936263,295.14824152456384,300.5505065917969,16796400,168.67999267578125,169.14950561523438,165.8000030517578,166.7344970703125,52460000,15.285552882888071,15.458875362058153,14.926189618252145,15.133927345275879,334132000,131.50891027779352,132.00564275979164,128.38237738217003,129.64857482910156,94812300,114.53546368191472,114.6203297949644,112.7399323890532,113.82777404785156,21774000
2021-04-21,249.03549280000607,250.7089280413718,247.41013330799765,250.6127471923828,24030400,299.8554960239207,299.88528671271854,295.32712949130905,299.3788146972656,14863500,165.8000030517578,168.14300537109375,165.1905059814453,168.1009979248047,44224000,15.081556897402692,15.32470783357352,15.065097967523737,15.322712898254395,216776000,128.91802722500978,130.27188018913125,127.8855945150741,130.02838134765625,68847100,113.41189002090522,113.91164368230889,112.08782111119336,113.81089782714844,23930000
2021-04-22,250.2568735250988,251.76682755174238,245.8616851622938,247.3331756591797,25606200,299.23970504780726,300.8187021222801,293.98642281520046,294.46307373046875,16375400,168.58399963378906,168.64349365234375,165.07249450683594,165.45199584960938,51612000,15.33717668577237,15.400520875772711,14.747131525503809,14.81371784210205,277788000,129.58035833012048,130.66149395921403,127.99275572778816,128.50897216796875,84566500,113.80792393342406,114.33060743397665,111.98261709864877,112.55184936523438,21096000
2021-04-23,248.01602341816627,251.50717961088,247.4293408246283,251.1609344482422,21462600,296.68755239289857,300.49097087154496,295.0887049838903,299.0411071777344,17536800,165.9550018310547,168.75,165.4250030517578,167.04400634765625,63856000,14.897510379080412,15.29727466051768,14.863594577488568,15.227696418762207,227500000,128.7232835065709,131.6063026401296,128.7232835065709,130.82711791992188,78657500,113.3235617227495,115.42529878435529,113.06251908106013,114.90321350097656,28670000
2021-04-26,251.65144677426986,252.40161041619083,250.21844901797465,251.54563903808594,19763300,301.23580358211467,303.67873069928305,299.4681522036944,300.9378967285156,16172600,167.39999389648438,171.42250061035156,166.5469970703125,170.4499969482422,97614000,15.147644806930623,15.44092122976747,15.087791990367876,15.439923286437988,197796000,131.32381490404939,131.54782970744535,130.0868364590517,131.2166748046875,66905100,115.13297457325584,116.19154051966318,114.83074460174834,115.47093963623047,20834000
2021-04-27,251.57451893980152,253.12295149793457,250.17037234288279,251.94961547851562,31014200,302.1692386782204,303.2218831391314,299.0212153184825,301.46417236328125,15309300,172.17349243164062,173.0,169.90049743652344,170.8715057373047,76542000,15.540175890217878,15.631949573137733,15.31672696447076,15.343910217285156,164572000,131.49913616765673,131.88874331170373,130.62254610203854,130.895263671875,66015800,115.93050403228408,116.0024588653104,114.35581241909847,114.49725341796875,31972000
2021-04-28,246.28487770524828,246.72730374874308,243.2746107879085,244.82302856445312,46903100,305.22784130964635,308.76317361208896,303.25165555869114,304.96966552734375,33907200,171.74000549316406,174.49400329589844,171.25,172.9250030517578,92638000,15.32670273224523,15.494040417919788,15.178069111051128,15.239168167114258,209416000,130.81730512551528,131.5088483212376,129.61929507922395,130.10629272460938,107760100,119.46126773420414,121.70608135750207,117.85854233793792,118.10965728759766,59728000
2021-04-29,245.68856781203448,246.30408699042167,239.475658723044,242.8513946533203,40589000,327.83002770338777,329.5083069817706,319.37904994231457,327.2242736816406,56526800,175.2550048828125,175.72250366210938,171.75,173.5655059814453,153648000,15.362113842578646,15.39852402553531,15.034422195968673,15.287049293518066,173196000,132.92116293750138,133.5055661641117,129.0056969879915,130.0089111328125,151101000,119.61934105132906,120.91908679997171,119.21983344543095,120.59005737304688,39554000
2021-04-30,240.18737020905894,243.3996106161242,240.0527258409525,242.53402709960938,30945100,323.8775953611892,327.53206008568367,322.2489574239964,322.8249206542969,26332400,176.25599670410156,177.6999969482422,173.125,173.37100219726562,140186000,15.13717115419707,15.327201831127287,14.96010708165607,14.972576141357422,201912000,128.3531136734093,130.08682431063778,127.66158525646483,128.04144287109375,109839500,119.32951100319795,120.45357999007767,119.21387742017966,119.6089096069336,39142000
2021-05-03,243.70737597050828,244.62104995508665,241.51458775779273,242.22628784179688,19626600,323.90743925273455,326.27090422619693,319.6074585992322,320.3423156738281,18719500,174.2364959716797,174.33250427246094,168.63499450683594,169.32449340820312,117510000,15.08779089742156,15.209241257751458,14.751121563712845,14.800250053405762,203912000,128.6063859381181,130.58361088598772,128.40185516343865,129.0933837890625,75135100,119.24168136152595,120.08436023956186,118.33745996693902,118.86698913574219,33788000
2021-05-04,241.37033780215654,241.6011630269946,236.35961510876282,238.3119659423828,32756100,317.8000386565058,319.9549988930355,310.9479094073585,316.15155029296875,24032600,167.8094940185547,168.3990020751953,163.60650634765625,165.593505859375,108788000,14.601242316550108,14.601491564558918,13.975784880945344,14.315945625305176,405324000,127.77849424860072,128.0706959218244,123.40524834260499,124.52534484863281,137564700,117.60493685466814,118.07739126840382,114.72454003134625,116.8362045288086,35120000
2021-05-05,239.53340899269972,239.95658126359143,236.41734895274763,237.04248046875,21901300,315.98277088195334,318.83285731643707,312.30842504926153,312.8347473144531,15577600,166.9429931640625,167.73500061035156,163.21800231933594,163.52699279785156,74226000,14.672812250894037,14.777055926521586,14.352103386839238,14.422928810119629,292024000,125.84023086704354,127.05772538948398,124.6422204183204,124.76884460449219,84000900,117.53942996667035,118.22330377623746,116.69526696192773,116.95977783203125,21806000
2021-05-06,237.02322683491766,240.30279705816986,235.3305525302408,240.17776489257812,26491100,312.33820166682153,318.0185239268124,311.09687276652534,317.800048828125,19012200,163.5,165.72000122070312,162.36000061035156,165.31849670410156,88954000,14.459590514112755,14.535403762388006,14.183023228828954,14.487272262573242,193380000,124.56429033642047,126.37592265450229,123.82405163749547,126.3661880493164,78128300,116.65706052010898,118.2486240343558,116.24505052989544,118.1811294555664,20618000
2021-05-07,242.50520522143927,244.57297608817822,241.56269453028074,242.80335998535156,27032900,320.143703732976,320.69981667352516,316.5388796429248,316.8665771484375,15916700,165.95449829101562,166.54449462890625,164.45350646972656,164.58050537109375,94206000,14.771820371378341,14.933920031269896,14.63565581990065,14.775810241699219,229328000,127.66379828936026,128.06380344320834,126.32714777247271,127.03938293457031,78973300,119.10668251478764,119.92107766726444,118.61040467097602,119.04167175292969,23272000
2021-05-10,241.2741394573549,242.10124477578267,237.66757812847843,237.72528076171875,29299900,312.1693768985715,312.3977620050916,302.7153972344073,303.8475036621094,24239200,164.11599731445312,164.14999389648438,159.5,159.52450561523438,116772000,14.750872395980661,14.769576460567666,14.214944484231708,14.230655670166016,268904000,126.25887677480436,126.38570115821472,123.7221806852606,123.7612075805664,88071200,117.86052553400093,118.01487024218662,115.86747811780978,116.21139526367188,26006000
2021-05-11,235.19592806737467,237.1675181891588,233.29166747896065,236.81166076660156,33641600,298.66372208325555,304.71147261940786,297.6110776402006,304.40362548828125,18920100,156.81399536132812,161.89999389648438,156.36849975585938,161.19549560546875,92396000,13.79098747804603,14.31943405516003,13.716172183673429,14.271053314208984,285584000,120.49278076667929,123.19532812082859,119.78055295740043,122.84410095214844,126142800,113.73994062801565,115.23571829072367,113.30023765378381,114.57865142822266,32110000
2021-05-12,232.90692968884187,235.03240304314005,228.96376461216937,229.85818481445312,36684400,299.0411002600775,302.84451865074016,296.1214922814983,300.45123291015625,24645500,159.25,160.39700317382812,156.65499877929688,157.5970001220703,98728000,13.975036189887499,14.225169885401517,13.67552570275034,13.724654197692871,303408000,120.39521236408822,121.60501628867115,119.27321336720668,119.78054809570312,112172300,112.24365188467097,113.41784385782482,110.67243614647123,111.12057495117188,34934000
2021-05-13,232.55107604800216,236.20572777471372,232.18560647279034,233.73402404785156,29624300,303.9567753757269,306.71748989994825,300.66973856002795,303.1424865722656,18079200,159.27349853515625,160.19200134277344,156.64999389648438,158.07350158691406,67018000,13.999225058319066,14.046110316134385,13.42588905794775,13.631631851196289,285404000,121.54646856304096,123.07823863645709,121.23426088704589,121.92697143554688,105861300,112.21288252912433,112.98265992012453,111.30122492605189,112.25656127929688,26670000
2021-05-14,236.18651381020268,239.64880422890522,236.09995985164096,238.658203125,23901100,307.39275439730136,314.6520430906645,306.93592356007673,313.74835205078125,19245700,159.2779998779297,161.4429931640625,159.14999389648438,161.14500427246094,66500000,13.855830733479957,14.292752972906976,13.714678353750243,14.207962036132812,258616000,123.17580356771927,124.7758688561986,122.78554210729591,124.3465805053711,81918000,113.73843385961295,115.19302396371116,113.31610248358523,114.94587707519531,26624000
2021-05-17,237.11941076417176,237.15787429824175,234.20531011006548,235.8018035888672,24970200,311.3749437134494,313.49017310689794,309.4186080633365,313.2716979980469,15401300,162.29649353027344,164.6374969482422,161.72950744628906,163.51950073242188,74478000,14.122172285711322,14.134392096499555,13.819419695219413,14.130651473999023,216980000,123.7319305977149,123.83925269137897,122.12210663637244,123.19532012939453,74244600,114.60643643618464,115.30221438690029,113.89576318362138,115.20643615722656,19842000
2021-05-18,236.85010365399245,236.9847480255134,233.60899717322914,233.78211975097656,20168000,313.4007953447419,314.304486446428,307.66089155963004,307.8098449707031,14522400,164.62899780273438,165.60000610351562,161.51849365234375,161.61399841308594,56568000,14.231901032825663,14.368813321991661,13.969547568974676,13.981268882751465,186256000,123.47825894714309,123.8977887358132,121.74160317568686,121.80989837646484,63342900,115.97546234582424,116.28534065744955,114.30072156132653,114.31412506103516,17302000
2021-05-19,230.6877939044373,234.46655675985048,230.00338303930883,234.3605194091797,25739800,302.0798556016258,312.4772270849574,301.4641613514185,311.4146423339844,19106200,159.75,161.7375030517578,159.1999969482422,161.58999633789062,53594000,13.533122956305393,14.044861343724145,13.509930529649232,14.031145095825195,344000000,120.16105765432343,121.87819629608094,119.86835967667767,121.65380096435547,92612000,112.37714973720954,114.97565662278348,112.33347856164839,114.57615661621094,19350000
2021-05-20,235.17026159424762,239.01649467079037,235.07385865574315,237.59945678710938,21800700,311.4047347873846,317.0354162827345,310.9876652282522,316.39984130859375,17320200,162.22000122070312,162.98399353027344,161.8090057373047,162.38400268554688,52664000,14.267313661284234,14.647626114558799,14.23539279664413,14.57655143737793,321592000,122.18063773268084,124.61000384937135,122.05379848438088,124.2099838256836,76857100,115.53546506514698,117.13844034551128,115.19054833634263,116.92752075195312,23832000
2021-05-21,238.6501927760456,239.38280508852012,235.92215439273173,236.33665466308594,21863100,317.07514782686013,317.7106924961839,313.6192770874103,314.036376953125,13600900,162.5,162.83450317382812,159.85049438476562,160.1540069580078,82098000,15.126445108164015,15.184552232588912,14.832919461611446,14.95486831665039,672992000,124.70758884704348,124.88320615344152,122.16114162608143,122.37578582763672,79295400,117.41885261350731,117.56822971476973,116.24664447364022,116.38212585449219,22832000
2021-05-24,238.8622751429224,242.1108661573767,238.59236454414025,241.7445526123047,21411500,316.002603774066,323.68893285411247,315.82385968766243,322.3780822753906,16445400,160.77499389648438,162.8975067138672,160.52499389648438,162.24949645996094,48456000,15.175074181777035,15.706264404068651,15.138664001057602,15.573592185974121,554816000,122.94166434682049,124.82466923282675,122.87336914136405,124.00511932373047,63092900,117.46896653672783,120.0238100181119,117.12703339736446,119.43770599365234,21244000
2021-05-25,242.69883622832327,243.6435231193203,241.78306727314097,242.650634765625,17704300,324.8110776685687,326.8965163184287,322.5468949273761,325.51617431640625,16437000,163.33349609375,163.99099731445312,160.68800354003906,162.95249938964844,65222000,15.727213823403543,15.779584439719866,15.444411543967227,15.609254837036133,435408000,124.7075784829674,125.19541091008112,123.24410353248182,123.80998229980469,72009500,120.09923365607258,120.7389364994994,119.25506307653886,119.55680084228516,18838000
2021-05-26,242.37108923531312,243.82669406493432,241.71559637327553,242.42893981933594,17771600,326.07233156095776,327.54204580837535,323.5598826939654,325.3871154785156,9686900,163.72950744628906,164.7864990234375,162.92550659179688,163.25799560546875,47680000,15.69554295501756,15.754896323009897,15.547907279022002,15.661376953125,370440000,123.8685296817526,124.28805950176616,123.34167776055286,123.7612075805664,56575900,119.74364968862118,121.23789760351696,119.72776994891755,120.77069854736328,21856000
2021-05-27,242.12048523027423,242.41931375220793,240.26966350914816,240.32749938964844,24426200,325.72472236570246,331.4646263219847,324.4933337229342,330.4417724609375,20477700,162.8000030517578,163.01800537109375,161.5019989013672,161.5054931640625,51224000,15.661123968582928,15.711250392156078,15.42196391505204,15.449894905090332,581476000,123.3611810284224,124.5319579811851,122.03429651202822,122.22942352294922,94625600,120.93992036417066,121.09178124736029,119.20592412325061,119.23123931884766,38962000
2021-05-28,241.95659116393372,242.9976810503592,240.5684713153664,240.68414306640625,18270200,328.7038883383271,330.56091149903165,326.05239650868407,326.44964599609375,12037400,162.10000610351562,162.39950561523438,160.98500061035156,161.15350341796875,46596000,15.462872162531887,16.237461932734256,15.462872162531887,16.20454216003418,644536000,122.51236002849775,122.736762785055,121.51720038633076,121.57573699951172,71311100,120.19650739692102,120.50320522425173,119.4883179494514,119.68038177490234,24108000
2021-06-01,242.1783374052526,242.23617328964423,238.06219340311984,238.486328125,23213300,327.859776244359,329.12098577650926,324.3741453730533,326.84686279296875,11765900,162.1750030517578,162.5489959716797,160.4530029296875,160.9324951171875,48600000,16.229980289602047,16.34793931736475,15.86413168829399,16.2244930267334,472804000,122.03429950032661,122.29772171588232,120.92205913488071,121.25377655029297,67637100,120.19849417780077,120.99110297580962,119.34887128149819,120.58609008789062,19166000
2021-06-02,239.19002042782085,240.28894628092957,236.98251960220148,238.38992309570312,19406700,328.0882083208523,329.56786271635684,324.85081275421754,326.8667297363281,11654300,161.15499877929688,161.75,160.39999389648438,161.69949340820312,40290000,16.21226777374694,16.877128178251017,16.195558646312733,16.73697280883789,594168000,121.25375721746093,122.19038014199401,121.02936192954658,122.01476287841797,59278900,120.85903558806432,121.19104102421886,119.31511148753522,120.16275787353516,17158000
2021-06-03,236.38484216295458,237.4644843931223,234.24482652171346,236.85719299316406,25307700,323.520114193703,325.1090213066614,321.23608105411955,323.7783203125,12610800,160.2115020751953,160.7220001220703,159.20150756835938,159.35049438476562,47966000,16.659664080908772,17.216541131071583,16.5422035955669,16.928001403808594,580008000,121.64402429754462,121.80988298653327,120.13176404387289,120.53178405761719,76229200,118.85953421263468,119.5903051465207,118.25457443598461,119.33546447753906,18346000
2021-06-04,238.83329086186072,242.58313497018682,238.59229827209933,241.75411987304688,25281100,323.63929770571855,330.15379001187324,322.92429097426816,328.0584411621094,13289400,160.60000610351562,161.0500030517578,159.9405059814453,160.31100463867188,44994000,17.07039788842642,17.617548491853103,17.0534414177765,17.535003662109375,617120000,121.04887959937938,123.08799170722506,120.83423543606743,122.8245620727539,75169300,120.22430061160439,121.77958371082647,119.98856560491551,121.6754150390625,25948000
2021-06-07,240.97338063453927,244.9353006217926,240.80950738798924,244.66539001464844,23079200,327.19442430172865,335.3474634485492,326.6482214412393,334.2451477050781,20136700,159.8665008544922,160.39999389648438,158.61000061035156,159.90049743652344,44316000,17.528021981905518,17.768677543429288,17.150453185888143,17.575653076171875,575756000,123.09775754946514,123.24410653680496,121.7903901347652,122.83433532714844,71057600,121.65358412331227,122.48137521579889,121.14504623414952,122.38658142089844,23850000
2021-06-08,245.966711756898,246.78609255033888,243.41218115377325,243.47003173828125,22455000,334.36433464179675,335.95321124660705,329.93525170354593,331.3652648925781,14580500,161.1304931640625,163.97650146484375,160.90049743652344,163.20550537109375,68334000,17.484133522613572,17.578151395074354,17.208562256214222,17.4140567779541,323848000,123.51728685562117,125.33200387040455,123.13678395621102,123.65387725830078,74403800,123.07194458762119,123.79625609948549,122.49328444293478,123.21834564208984,25060000
2021-06-09,244.6653522763675,246.3233827268109,244.0869787969945,244.45327758789062,17937600,333.41101346017734,334.463657978423,327.710840656936,327.9591064453125,13727900,163.64349365234375,164.87899780273438,163.53500366210938,164.0574951171875,49110000,17.47666498952007,17.535782653047317,17.21724494368834,17.319515228271484,381656000,124.11243947005046,124.63929137968418,123.43923856713752,124.03438568115234,56877900,124.04463823713085,124.3175925496638,123.44067049945049,123.64265441894531,20126000
2021-06-10,245.12809126875064,248.18387647853132,244.53043416982928,247.9718017578125,24563600,328.49537952813114,331.6235225004314,326.2708973852136,330.1537780761719,13240200,164.10049438476562,167.5500030517578,164.0574951171875,167.4824981689453,69530000,17.311286428414668,17.452969774393196,17.13767489675894,17.386117935180664,287772000,123.9270603510902,125.06857651400928,122.87336400291547,123.03922271728516,71186400,123.77218660193203,125.22380075791295,123.7716868104201,125.14141845703125,31234000
2021-06-11,248.69474693138196,249.1767321950456,247.364462896783,248.59837341308594,18999700,330.2729174472799,330.52118322602627,326.64824313875914,328.96209716796875,13587900,167.4824981689453,168.32899475097656,166.67250061035156,167.3415069580078,56348000,17.44049548819086,17.89922071360538,17.40482582522779,17.78547477722168,416308000,123.44898317154788,124.3368281715762,123.02945340825438,124.24901580810547,53522400,125.30618154477034,125.40891141702494,123.9845889238439,124.76077270507812,25240000
2021-06-14,248.6079697204137,250.5841267663084,247.54759635652425,250.5262908935547,19150500,329.59762560722135,334.4835092274623,327.5221274355902,334.433837890625,12250800,167.3415069580078,169.25,166.77499389648438,169.19349670410156,51394000,17.866041024862966,17.999242253062135,17.623333969257686,17.978538513183594,321376000,124.70755558634418,127.36131675668122,123.97581824545021,127.30278015136719,96906500,124.7339778092754,125.47045091033763,124.11610675138665,125.41139221191406,22550000
2021-06-15,250.4105627835196,250.6226374334763,248.3958683179509,249.05136108398438,18038900,334.6523879914259,337.56208646005405,332.7059924310459,334.4140625,15795200,169.1999969482422,169.84950256347656,168.15550231933594,169.156494140625,48524000,17.875022883618865,17.97604663575129,17.68843990745718,17.748804092407227,243032000,126.77596672295411,127.41989931286103,126.23935623136502,126.48326873779297,62746300,125.58013808394007,125.91760339423615,124.71313605749675,125.09477233886719,22182000
2021-06-16,250.05391431727787,251.1913923218555,245.25334587373584,248.10670471191406,27220000,334.36433436395004,335.20841369484964,326.4396804734715,328.7832946777344,17232200,169.60000610351562,171.3175048828125,168.02650451660156,170.7624969482422,84056000,17.75105249680479,17.914686108212543,17.54526157802343,17.7705078125,307124000,127.19544092933181,127.7027829190385,125.33196140007463,126.98079681396484,91815000,125.30766577409084,125.58161210010309,123.22573124814696,124.76077270507812,26316000
2021-06-17,246.84392869846377,252.3192739828224,246.78609282291416,251.49989318847656,27565500,328.1974001777303,335.6354630864585,327.8597623748833,334.1756591796875,17794100,170.15899658203125,174.86000061035156,170.0500030517578,174.46200561523438,102730000,17.73483795778775,18.79297075616805,17.71662916794355,18.615617752075195,809656000,126.63939825744673,129.3224362930399,126.49304179588825,128.5809326171875,96721700,124.5885653090799,126.2496072479246,124.58062165310768,125.43025207519531,25756000
2021-06-18,250.27569162944107,252.8494766577923,249.42739279440235,250.0828857421875,37202200,332.2094430903154,333.8182006835169,326.71780460807463,327.37322998046875,23039500,173.99949645996094,175.35000610351562,173.6855010986328,174.34500122070312,104954000,18.742082709800528,19.331763460015086,18.542528261234434,18.597156524658203,968856000,127.52719951288445,128.3077074896389,127.06864288856177,127.28328704833984,108953300,124.7697017407003,125.44811570686733,123.67540823030943,124.63272857666016,53306000
2021-06-21,250.4588173244995,254.025490451817,248.6272792950073,253.16757202148438,26696100,328.7932973670429,330.6106200281411,325.37715747103,329.9849853515625,11337500,173.8209991455078,174.10000610351562,171.6999969482422,172.697998046875,65542000,18.394109040503217,18.4951346885807,17.782976662910134,18.386127471923828,672384000,127.1271913132279,129.18581330080102,126.063736441913,129.0784912109375,79663300,124.80394487361677,126.09104431612481,124.20270326086137,125.51362609863281,26256000
2021-06-22,253.2543161053351,256.21371242735415,252.94583850306975,255.9438018798828,24694100,330.3821755239405,337.56203287221103,330.29280347884355,336.6781921386719,15345300,172.9029998779297,176.18899536132812,172.80450439453125,175.27200317382812,66902000,18.430282227083815,18.921434238935472,18.344972300218704,18.8446044921875,580144000,128.91263161271146,130.8151460223462,128.4150406144124,130.7175750732422,74783600,125.50866826278053,126.32256365350482,125.08832085311246,126.0540771484375,20984000
2021-06-23,256.4065233683773,257.2162551197523,254.90273162753124,255.71246337890625,19518700,336.9959370103942,341.0377107165832,335.85392061513363,338.2273254394531,14817800,175.25,176.0500030517578,174.16000366210938,175.1909942626953,56266000,18.96533567291674,19.11001257671834,18.865558432257274,19.014724731445312,332356000,130.51271488266488,131.0493254021088,129.98585550457855,130.4444122314453,60214200,125.60792271224543,126.84464168187691,125.31213700392834,125.52008056640625,19694000
2021-06-24,256.5704260891659,258.1995388052665,255.90528400185622,257.0813293457031,21446900,339.47864729083625,342.5074778063374,339.41906592570973,340.7994079589844,12329100,175.3820037841797,176.2429962158203,171.54249572753906,172.45399475097656,76640000,19.184842999806214,19.37666328306946,19.045652733544433,19.162641525268555,320924000,131.17610718778187,131.3614830240449,129.69311538491124,130.16143798828125,68711000,126.10767331468526,126.58608740490347,126.01487111332045,126.33447265625,18934000
2021-06-25,256.6378916177677,257.62113099402075,255.22085372425926,255.47146606445312,25611100,340.2135219727783,341.7329074740562,337.32370439076266,339.0019836425781,14594400,173.1999969482422,173.24099731445312,169.70899963378906,170.072998046875,78820000,19.23747460979559,19.30233009055786,18.852336315853158,18.9885311126709,278364000,130.2102731739654,130.62979558487248,129.57609165578822,129.86878967285156,70783700,126.01189483683915,126.55581190778707,125.50271327766866,126.04961395263672,33484000
2021-06-28,256.5993028499447,259.2116545976608,256.32939229392287,259.03814697265625,19590000,340.0843790089774,355.65563137017324,339.39916304899543,353.1729736328125,29156100,170.8000030517578,172.39999389648438,170.67550659179688,172.1945037841797,44856000,19.318042384046755,20.03394186005266,19.2758869909924,19.940401077270508,495436000,130.1615023600917,131.95669523246048,130.10296572752944,131.49813842773438,62111300,126.05457980232319,126.38906908971903,125.03601974956315,125.87542724609375,28110000
2021-06-29,259.1827076638087,261.8625441052316,258.32478933523726,261.6215515136719,19937800,353.79856535373204,354.2653062040058,346.62864885077636,349.448974609375,21417300,171.9409942626953,172.80149841308594,171.15150451660156,172.40699768066406,41968000,19.838132408460762,20.053899319285392,19.61313549933401,19.9820613861084,367632000,131.51760238370522,133.16645300747723,131.0785629298999,133.01034545898438,64556100,125.82876812693557,126.0545754601923,124.50320736820488,125.08038330078125,20950000
2021-06-30,260.93722283399507,261.58306670833707,259.88649833459294,261.1396484375,21656500,349.72705702806195,350.4718543781205,344.76174136100525,345.2979736328125,15107500,172.05299377441406,173.5800018310547,171.75,172.00799560546875,48080000,19.954621891960947,20.117507567563237,19.819424307190975,19.95786476135254,326568000,132.8542586809143,134.0640700400228,132.56156070353867,133.62503051757812,63261400,124.71814454004452,124.86350814875675,123.82876551564229,124.38311004638672,24006000
2021-07-01,259.89610109622566,262.04576613920506,259.8864813944336,261.8144226074219,16725300,344.41417567697727,352.2097276177686,344.0963881893645,351.9316711425781,17137000,171.73049926757812,172.85000610351562,170.4709930419922,171.64849853515625,40742000,20.080092966260256,20.41035374685743,19.974328596973308,20.166898727416992,480136000,133.27380646927242,133.98602685703514,132.45424909031448,133.927490234375,52485800,123.92032555013269,125.52107451297083,123.92032555013269,125.42777252197266,17120000
2021-07-02,262.99039844923954,267.9837578114395,262.6819208763211,267.6463623046875,26458000,352.63669058927184,353.9673914224837,350.1738833467711,352.2394714355469,11521300,172.58200073242188,175.58599853515625,171.8459930419922,175.5489959716797,63388000,20.39463367314707,20.459489144823493,20.242473856766992,20.4412784576416,342764000,134.54212006442484,136.5909908825578,134.39577852908815,136.55197143554688,78852600,125.89525545072118,127.88881008196063,125.82527707069511,127.76075744628906,21160000
2021-07-06,268.0127618499895,269.30447900628104,264.41714069196416,267.6560974121094,31565600,354.02702092017273,356.30114407035626,346.7577912256229,350.33282470703125,13488500,176.5054931640625,184.2740020751953,176.4499969482422,183.78700256347656,134896000,20.69122003382582,20.795486641874447,20.304835251900723,20.652307510375977,446708000,136.65931393358588,139.6643030810213,136.65931393358588,138.56182861328125,108181800,128.48582234285692,128.91759676004108,127.45307136920687,128.804931640625,21350000
2021-07-07,269.3334265040299,270.5769570309203,267.1644922775725,269.8443298339844,23260000,352.79561580909495,354.0170640582016,347.57209406891997,348.0586853027344,14218900,185.86900329589844,186.7100067138672,183.94549560546875,184.82899475097656,106562000,20.80696363579524,20.82841529094071,20.28662778206436,20.3262882232666,418428000,140.04481034204434,141.36194394640904,139.18624836793538,141.04974365234375,104911600,129.37067321861477,129.66733728328492,128.79398965773848,129.109130859375,16680000
2021-07-08,266.9234905603141,268.6875734789607,264.96663114555497,267.4247741699219,24618600,343.33175084560787,345.91369091939293,340.1837271688575,343.2522888183594,14406500,182.17799377441406,187.99949645996094,181.05599975585938,186.57049560546875,103612000,19.812189314423424,20.088071080613446,19.656786608504444,19.858335494995117,503300000,138.1325533693018,140.55216163148216,137.24470813835896,139.75213623046875,105575500,127.29526152692544,129.06449317652755,127.0868181774975,128.21536254882812,19780000
2021-07-09,265.78594865890636,268.0319869902947,265.4003663407423,267.92596435546875,23916700,342.92456873238206,348.2771632659908,342.8748973921492,347.98919677734375,13018700,186.12600708007812,187.39999389648438,184.6699981689453,185.9669952392578,74964000,19.917950950252028,20.035438344735283,19.710165638972114,20.005504608154297,296624000,139.27404907544525,142.10342835570765,139.17647811244083,141.5765838623047,99890800,127.98460923107149,128.88287097720044,127.98360964794479,128.6099090576172,15106000
2021-07-12,269.10197958841474,269.689987409994,266.61491948975805,267.3282775878906,18931700,348.79360036608597,351.7330589669335,347.21463350700583,350.710205078125,10018600,187.1999969482422,187.864501953125,184.83949279785156,185.92750549316406,51432000,20.194835290071577,20.486931440280244,20.142701974510995,20.46672821044922,321984000,142.64978272453996,142.75710481226085,140.49358983023356,140.98141479492188,76299700,128.866964612396,129.79650105681262,128.635212813252,129.59202575683594,16944000
2021-07-13,267.52108615678264,272.6590654647847,267.3957947012604,270.8564453125,26120100,349.0616794159111,356.00318078237416,346.38039692535693,349.6475830078125,11456000,185.10499572753906,188.6540069580078,183.5659942626953,183.8679962158203,76918000,20.35497267160728,20.41558805833223,20.069113012281623,20.204809188842773,290708000,140.5228916089028,143.86937940514224,140.13263749909038,142.09368896484375,100827100,129.9071828045001,131.0590508758029,129.66449614386562,130.01934814453125,16618000
2021-07-14,272.1770295270336,273.43982831038124,270.44186527603904,272.3312683105469,23113700,352.10048763359197,352.7360626317846,344.32481607097134,345.21856689453125,13894200,185.4425048828125,185.88299560546875,183.04150390625,184.08399963378906,65932000,20.312322668503903,20.372188248728314,19.70867315158552,19.797224044799805,380100000,144.49375275658443,145.92795926693185,144.08396670742601,145.51817321777344,127050800,130.91959082375635,132.00594074095577,130.91610742818474,131.0992431640625,17912000
2021-07-15,271.83965452142417,272.33128884231087,269.74782579623917,270.90460205078125,22604200,346.80742583126903,346.80742583126903,337.85991789887277,342.07049560546875,14781600,184.7100067138672,184.77000427246094,181.04600524902344,181.55999755859375,63706000,19.767543555966583,19.802714611774928,18.816419702831787,18.92392921447754,550564000,145.60602078776031,146.34750947636803,143.50836421958925,144.86451721191406,106820300,131.51362929765733,131.60792330009033,129.62579551846136,130.289306640625,16586000
2021-07-16,271.9071833087747,273.86404237165414,269.3912048461886,270.6347351074219,26186800,342.51744416406024,343.5899391237202,337.78054344124416,338.79345703125,11026100,181.66549682617188,182.30299377441406,178.5229949951172,178.68150329589844,80874000,18.988034723757636,19.114251622677635,18.032670884319224,18.120473861694336,688224000,144.84501166670194,146.11334481046933,142.32783277394142,142.82540893554688,93251400,130.66103771755706,131.19899517893398,129.84763452560404,130.864013671875,14856000
2021-07-19,268.88025615363426,270.268375880713,264.5616875965378,267.0294494628906,32935600,335.2282735372094,337.43287453943066,332.21929395500393,334.6125793457031,14372300,176.62899780273438,177.510498046875,174.95799255371094,177.47950744628906,75692000,17.875268064348397,18.999502458680926,17.825627816013224,18.737838745117188,749060000,140.24968646910114,140.56190161268026,138.2203326975493,138.98133850097656,121434600,130.1791275094,130.26993810726304,127.58012092886482,128.29177856445312,25710000
2021-07-20,268.01272587997516,270.84680159797193,266.3065086285469,269.2562561035156,26259700,336.4498015039066,341.067569648738,332.1796418476506,339.28997802734375,11024300,178.36599731445312,179.60000610351562,175.89999389648438,178.6595001220703,65114000,18.68820179026465,18.795960580206206,18.12346488761401,18.570465087890625,434687000,139.9667464752501,143.5181116494979,139.47892150687957,142.5912322998047,96350000,129.0362157442271,131.0186919827376,128.2266897207231,130.12554931640625,19084000
2021-07-21,268.8513652655665,271.37696325645936,267.29938688873733,271.26129150390625,24364300,339.13104771021216,344.11621354828037,338.88278193590014,343.8282470703125,9279700,178.81900024414062,179.32249450683594,177.1820068359375,179.25999450683594,46380000,18.839866091952974,19.483427275787093,18.700179101263714,19.366687774658203,371017000,141.98638214528893,142.57177826030212,141.10830286001075,141.8595428466797,74993500,129.813396259614,131.63001749045003,129.62927607066993,131.61338806152344,14742000
2021-07-22,273.6133860645504,276.1004464547859,273.20853492440204,275.8305358886719,23384100,344.2751207728499,349.1014233736785,342.8153167504496,348.75384521484375,12385400,179.3614959716797,182.00100708007812,179.11349487304688,181.90150451660156,65308000,19.59816711341448,19.84261930571644,19.232982752333722,19.550273895263672,323826000,142.38635852395822,144.59132208932277,142.25951926436974,143.2254180908203,77338200,131.66249131969906,132.51063745167286,131.41435242528183,132.33595275878906,13608000
2021-07-23,277.0162179583788,279.5418161445663,276.1775682694742,279.2333679199219,22768100,358.4064175626375,372.7263709130637,354.712221510125,367.2248229980469,33694300,182.0,183.3054962158203,181.1020050048828,182.83200073242188,48726000,19.612137498497777,19.656039936097546,19.207043356145515,19.51435661315918,195672000,143.95717990319216,145.09868877076016,143.34251555633264,144.9425811767578,71447400,134.25306715065287,137.77515838675583,133.6977382204893,136.7900390625,26378000
2021-07-26,278.5874028542198,279.25254468160546,276.3124471799437,278.6355895996094,23176100,367.01622481789286,371.8425269491049,365.66567363094293,369.8762512207031,14925200,183.6584930419922,185.60400390625,182.3625030517578,184.99099731445312,58002000,19.267912125385813,19.39861843921064,18.871796689116085,19.25094985961914,203943000,144.6596522812441,146.181664137203,144.10352454843763,145.36212158203125,72434100,137.22081514644972,138.67292148132793,136.62627529640977,138.6049346923828,23052000
2021-07-27,279.00195421321143,279.146543893957,272.75544466065816,276.2160949707031,33604100,369.33007893043543,370.5614674024453,362.02111919525015,365.2585144042969,15705400,184.9250030517578,184.9250030517578,179.3074951171875,181.3195037841797,82638000,19.222010259561046,19.578213977499203,18.69917937861263,19.165138244628906,248863000,145.48893575716545,145.57675557902394,142.00587269876928,143.1961669921875,104818600,138.9687310673147,138.9687310673147,134.09429403829643,135.7781524658203,42164000
2021-07-28,278.57784165912227,279.69605103462703,273.60375005831014,275.90765380859375,33566900,371.96173241744225,374.93098154905937,364.3846557059322,370.69061279296875,29676900,181.68899536132812,182.92100524902344,180.0500030517578,181.51600646972656,59988000,19.275892746609742,19.60216275943113,18.95261629855176,19.459482192993164,202191000,141.28387882976534,143.391286472983,139.06914908747908,141.44973754882812,118931200,137.5305054990594,138.63621102287615,135.33498176489556,135.36624145507812,54688000
2021-07-29,275.9269095230165,278.22116404498746,275.7726707111648,276.17755126953125,18168300,358.4957829668107,362.984417317109,354.26532441729825,355.8343811035156,33413200,181.3874969482422,181.8975067138672,179.00050354003906,179.99600219726562,110400000,19.47544535320664,19.808701619528385,19.284871556554233,19.618127822875977,190781000,141.16682428860926,142.981534184993,141.05950217532487,142.09368896484375,56699500,135.36535656267037,136.13052234203374,135.12456303260234,135.52406311035156,19284000
2021-07-30,274.8955087129223,276.33181549192943,273.6808963441765,274.6448669433594,20944800,351.54439678231824,358.2277234843722,350.49175214297765,353.82843017578125,15976200,167.3975067138672,168.40699768066406,165.3489990234375,166.37950134277344,199312000,19.374667678926546,19.586194490823832,19.22001478198621,19.455488204956055,183497000,140.8643309559415,142.7668451974614,140.60090132642787,142.30828857421875,70440600,134.50220507746448,134.76061242377017,133.8105845243994,134.21435546875,23954000
2021-08-02,276.04262965171205,276.4378611604599,273.5170311783947,274.5581359863281,16267400,355.61590753540196,356.9068774625231,348.30694725009323,349.5085754394531,13180400,167.65499877929688,167.9459991455078,165.85000610351562,166.57400512695312,67078000,19.656041136379148,19.91645840741657,19.317796898621157,19.705928802490234,217444000,142.7961507964113,143.3717807887823,141.7131785780533,141.9766082763672,62880000,134.47591210930958,135.00791749055307,133.6669767768594,134.97715759277344,20140000
2021-08-03,275.13650564382874,276.88129010205466,273.76765442774865,276.7752380371094,17879000,350.28321268932035,351.3159766538201,345.2881057311439,348.80352783203125,12406100,167.03599548339844,169.5500030517578,164.98849487304688,168.31199645996094,83146000,19.69595097546281,20.176875767387045,19.177110872013746,19.770784378051758,301811000,142.25949882463198,144.43519376937195,141.64483467000184,143.77175903320312,64786600,134.9875732904457,135.3205707554601,133.18459806780936,135.26548767089844,19064000
2021-08-04,275.90766563142967,277.2283006433001,274.3942247328133,276.1872253417969,16191300,349.97532638335207,357.9794128958687,349.0716352860186,356.43023681640625,14180600,168.96749877929688,169.44400024414062,167.2779998779297,167.73599243164062,43678000,19.945389340104725,20.272658383096573,19.78375021069901,20.228755950927734,231309000,143.68399557594776,144.19132291330385,142.71809660960577,143.3717803955078,56368300,135.23523233209704,135.52158262991085,134.40694134000753,135.01588439941406,16528000
2021-08-05,276.5438781436811,279.194797175859,275.79198228582163,279.0887451171875,13900200,357.14529157643096,361.37572052950645,354.42427758876784,360.4521789550781,10247200,167.81100463867188,169.4499969482422,167.04600524902344,168.79949951171875,48670000,20.454256579946396,20.686736469006593,20.29660819505483,20.59095001220703,211435000,143.40099591624184,144.24005529573455,142.61072200163795,143.4790496826172,46397700,135.0158493076167,135.93048284761127,134.59054190965793,135.92056274414062,11866000
2021-08-06,278.1151294941113,279.06945084488444,277.2571816558268,279.0308837890625,16589300,358.892963587641,362.6169498526744,358.892963587641,360.98834228515625,8925000,168.75,168.75,166.45199584960938,167.2469940185547,52752000,20.4782011954325,20.52409807521408,20.164900800366695,20.320552825927734,178497000,143.00027443873307,143.74287381363573,142.29675296375655,142.79507446289062,54126800,135.28038797452203,136.05959333086716,135.0337332594948,136.015869140625,13560000
2021-08-09,279.31047101835446,281.04560626695286,277.44036577008546,277.9416198730469,16117600,361.23667258484005,363.2426493012661,358.2475427107706,359.1015625,7798900,167.1804962158203,167.74400329589844,166.42599487304688,167.093505859375,42964000,20.400372185145788,20.46223410099579,20.098048857451968,20.249710083007812,146443000,142.8537292225246,143.34228507821692,142.18930041536296,142.74624633789062,48908700,135.92953058126568,137.2918110059437,135.4131549967124,136.9746856689453,12374000
2021-08-10,278.3947075539528,278.82850610681834,274.9244368032252,276.1197509765625,18616600,359.32000390797504,361.5742765141981,356.549379711829,358.6248779296875,7469900,167.25050354003906,167.89999389648438,165.75,166.03399658203125,48252000,20.276652149351023,20.38441095043881,19.79073746939865,19.89151382446289,179238000,143.08821088010203,144.3291466635416,141.9743043631005,142.26744079589844,69023100,137.0515791788081,137.5200655428445,136.20493240279666,137.06845092773438,16034000
2021-08-11,276.86184879818006,278.25961723368863,275.5604832578847,276.6112365722656,13955900,359.58818244084523,359.8463582588561,355.32793292601053,357.4630126953125,8400300,166.57249450683594,166.88499450683594,163.88949584960938,164.60549926757812,58944000,19.998272961888595,20.004260090424093,19.386641917461688,19.655040740966797,185925000,142.70715322469806,143.36181621242878,142.19905101424288,142.52149963378906,48493500,137.25357733868427,137.81411623444134,136.3275242522757,136.66448974609375,15204000
2021-08-12,276.30283684367316,279.5224944073813,276.0232771942792,279.3682556152344,14561300,355.9634914124329,360.4819165359161,354.6327601477801,360.13433837890625,7170700,164.5,165.72549438476562,163.48350524902344,165.1750030517578,46282000,19.8256587030102,19.984302369421908,19.576216606059397,19.860580444335938,151652000,142.84394884807298,145.63848865290169,142.5019538202862,145.48214721679688,72282600,136.68780590456788,137.38755941541558,135.76076843083266,137.35926818847656,14646000
2021-08-13,279.05025154128384,282.34701489324834,278.8767144558767,282.298828125,18249000,360.4521402686356,362.1304194515307,358.9724858422268,360.6606750488281,7195700,165.2834930419922,165.30349731445312,164.14999389648438,164.69850158691406,41134000,19.860582533688213,20.168893013178696,19.806702182493282,20.1429500579834,183063000,145.56033337689462,146.01957707570978,144.8763581583002,145.68736267089844,59375000,137.32752480161344,137.64166650285745,136.97765557779516,137.37567138671875,12580000
2021-08-16,282.62651582587677,284.19779246209333,279.5707163690693,283.9857177734375,22507600,360.0052586371251,364.40455162461785,354.9009295725257,364.0172424316406,11222100,164.14999389648438,165.0,160.55650329589844,164.94949340820312,66394000,20.090066043847173,20.241727260005828,19.409586914753046,19.905479431152344,210876000,145.1401525423691,147.72950726446174,143.11753925492116,147.66110229492188,103296000,136.97268508047947,137.9558053111823,135.15209598719215,137.88186645507812,18040000
2021-08-17,281.8552733394232,282.85778121068694,280.59244525709045,282.5203857421875,20075300,360.462075868413,362.1403550292865,352.60694265481555,355.9635009765625,12328700,163.875,164.02450561523438,161.28399658203125,162.09800720214844,67758000,19.64107405193435,19.725885371220297,19.224007514423867,19.414581298828125,204585000,146.79147353422863,148.2082823920191,145.67756689112312,146.7523956298828,92229700,137.16223983742046,137.68582440620398,135.76919986021008,136.27838134765625,21272000
2021-08-18,282.0569648821331,284.7419326780572,280.3474513834384,280.791748046875,21813000,353.77872178787584,357.3636649551706,352.68634634012676,352.9842834472656,10042400,162.09950256347656,162.7050018310547,160.0,160.06100463867188,56086000,19.456487359207824,19.59018912572773,18.957603067946085,18.997514724731445,285913000,146.37132185900873,147.27026274921596,142.80485554411644,143.0100555419922,86326000,136.0947704339761,137.2645098535987,135.40545186150632,135.5533447265625,14934000
2021-08-19,278.82143304184973,287.30129663617737,278.77315402992593,286.6252136230469,29850500,348.9127484779295,355.08960256573675,348.56517030960663,352.6565856933594,12004500,159.7010040283203,161.64999389648438,159.1230010986328,159.3874969482422,75658000,19.450494197024533,20.449261593340264,18.720127470989443,19.753816604614258,766555000,141.71052547158095,144.61254875765684,141.19265740190144,143.34230041503906,86960300,134.4590371662506,136.42876103166415,134.3483712047834,135.89427185058594,18296000
2021-08-20,289.47431840377976,295.38510649922546,287.87106060757066,293.9556884765625,40817600,352.14020531327213,357.49280002789834,350.85914534134406,356.8771057128906,8697700,160.19349670410156,160.3905029296875,158.78799438476562,159.99749755859375,67168000,19.94638866874233,20.818438857926825,19.888519437371215,20.769548416137695,675741000,144.0653382889344,145.10107421090675,143.42044104748524,144.7981719970703,60549600,136.06250877941264,137.58261719856523,135.45109711962536,137.40643310546875,15564000
2021-08-23,292.88370333247155,294.9602018470455,291.53156682119305,294.23583984375,22830200,356.94661777356487,363.1532624039116,356.6089799423798,360.8294982910156,10942000,160.59500122070312,164.0449981689453,160.50050354003906,163.2935028076172,65362000,20.924203397298,21.947912925807106,20.903250350633197,21.909000396728516,575807000,144.91539079352765,146.75236501489715,144.50500579057982,146.28335571289062,60131800,137.96374550714967,141.11858084675495,137.71506137766556,140.04910278320312,21090000
2021-08-24,294.5931598209611,295.2016285633885,291.6764063680512,292.27520751953125,18175800,361.1373449529852,365.4075043305499,359.32996276565495,362.9745178222656,9235100,164.0,165.77450561523438,163.72900390625,165.28900146484375,51036000,21.704455946330775,21.909995609508034,21.486942027246627,21.744365692138672,297299000,146.02935786837372,147.40708910674365,145.7362213417673,146.19546508789062,48606400,140.48979390010297,141.94289975608652,140.3012059161673,141.3384246826172,15126000
2021-08-25,293.89782433305635,294.1779192519182,290.150482663144,291.6861267089844,20006100,363.06390941492083,368.2874012019985,362.8652846539713,365.8345642089844,9684500,165.49349975585938,166.0500030517578,164.3074951171875,164.95899963378906,33606000,21.688491659774787,22.419855713761294,21.673525742463315,22.163429260253906,347701000,146.38105721271626,146.87939357142153,144.41706865589566,144.96424865722656,58991300,141.81933117581272,142.2461380006741,141.3791359959186,141.88583374023438,12838000
2021-08-26,290.7009502786529,292.0917276855508,288.7307068475188,288.86590576171875,17666100,365.82463941522815,366.87728402002136,361.6041206658207,361.8523864746094,7888700,164.9499969482422,166.60000610351562,164.8000030517578,165.8000030517578,41976000,22.150464201648568,22.290151199940805,21.741379218284774,22.01875877380371,237940000,144.95454377317253,145.70690913613237,144.13375851701343,144.16307067871094,48597200,141.55681248447502,142.0692654336104,141.0337427509282,141.06500244140625,14922000
2021-08-27,288.76927851853645,290.58501707619024,286.68311269534024,289.4743347167969,22605700,362.5673411067195,371.1473904662414,361.55439735667915,370.04510498046875,11219100,166.6614990234375,167.61599731445312,165.6875,167.48150634765625,48048000,22.134494471013152,22.67129398333885,22.117532210084512,22.585485458374023,304722000,144.1044163600025,145.3453522818871,143.4692997760321,145.19879150390625,55802400,141.05455700817544,143.9314778848446,140.9627468292163,143.4744110107422,24562000
2021-08-30,290.82650002669567,293.82053542708803,290.76855342647343,293.2120666503906,16348100,369.97562175122965,378.843668815076,367.94976434643246,378.0194396972656,13547300,167.8715057373047,172.25,167.76100158691406,171.07850646972656,63844000,22.779052466422176,22.99157648068366,22.500675753070578,22.63736915588379,262580000,145.58964568755835,149.97688265994054,145.2085727146907,149.61534118652344,90956700,143.6272617254506,145.39897712605327,143.5235474184348,144.38656616210938,16916000
2021-08-31,294.01369706144754,294.0909493667815,291.19350158976886,291.5605163574219,26285300,377.3143442669874,380.10484920750287,376.17229743518845,376.748291015625,12345400,171.24000549316406,173.62899780273438,169.7794952392578,173.5395050048828,87128000,22.64834767167244,22.64834767167244,22.074530788334712,22.338985443115234,259850000,149.1658935130071,149.30268857096087,147.82724018566304,148.35488891601562,86453100,144.7984904986015,145.02429024446116,143.9205688493798,144.37913513183594,26756000
2021-09-01,292.5166944665886,294.7573947160675,291.1838636375992,291.5122375488281,18983800,376.9568229863813,381.6639324386178,376.18223497138194,379.3997497558594,11567200,174.82000732421875,176.35000610351562,173.76199340820312,173.9499969482422,72598000,22.4387809369474,22.650345047811708,22.311043792069864,22.39487075805664,201767000,149.33200056452,151.43278500420377,148.85321040744938,149.01931762695312,80313700,144.5657450937683,145.72753334494476,144.53051735980617,144.75631713867188,15824000
2021-09-02,291.8695625626756,292.98988301470405,289.9185956760492,290.8554382324219,16285600,378.85358112737276,379.10184690792806,371.4651890735768,372.6767272949219,14832900,174.73800659179688,175.59800720214844,172.75,173.156005859375,58474000,22.471711189943935,22.546557779786212,22.249170019657587,22.34996223449707,187834000,150.34812915692905,151.1786798262666,148.91177417932087,150.13316345214844,71115500,144.86300266678276,145.23571084857772,143.03373534126945,143.1453857421875,21844000
2021-09-03,290.70092922538174,292.25590820944143,289.9959024554989,290.8458251953125,14747900,372.1504282729059,374.54371418349507,370.5217901040204,373.64996337890625,7509600,172.60000610351562,174.1334991455078,171.82200622558594,173.90249633789062,51514000,22.279110432537877,22.938751008342507,22.154367377268184,22.796045303344727,280532000,150.24070759279422,151.0908050119508,149.58604446464392,150.7683563232422,57808700,143.07291979778907,144.29475856360895,142.43670036333523,143.69723510742188,19104000
2021-09-07,290.72025332131614,290.7975056245517,288.0063130018472,289.9186096191406,17180400,373.2725838694114,380.30345767823303,370.56151054382633,379.52886962890625,10793800,173.89999389648438,176.4044952392578,173.8470001220703,175.46449279785156,54758000,22.78606358536251,22.85192789740587,22.475702069426948,22.615415573120117,198107000,151.42303452779782,153.66061425099002,150.85630782844845,153.10366821289062,82278300,143.67194235923498,144.73845209532448,143.4649983663648,144.4357147216797,15170000
2021-09-08,289.53227705522465,290.33389124954,287.30124477870487,289.94757080078125,15046800,377.5228966613497,378.22796302326014,372.1901523111581,374.95086669921875,11067200,175.58250427246094,177.281494140625,174.7834930419922,176.27499389648438,61068000,22.466723400904264,22.563524132265776,21.931823984385463,22.293081283569336,254434000,153.38700877891932,153.4456331023822,150.45567332943037,151.559814453125,74420200,144.3111448681757,144.46747360687533,143.12653287874838,143.80494689941406,15486000
2021-09-09,290.53671457982546,291.8115985033089,286.84729116839253,287.0887451171875,19927000,375.0203804671173,377.1951608723424,373.9577956290019,375.37786865234375,9098900,176.30099487304688,177.49949645996094,174.01849365234375,174.20799255371094,54384000,22.26613906339988,22.49167436409393,22.08551134357219,22.13141632080078,196856000,151.93112186962642,152.53692642541913,150.42636132134103,150.5436248779297,57305700,143.80494133781696,144.5850856264939,143.35879409827888,143.834716796875,14798000
2021-09-10,288.2187922077664,289.6675160495283,285.28270363564104,285.6014099121094,19633400,378.71454142479524,381.1277078677201,375.63606996069,376.0630798339844,11549600,175.0915069580078,175.42250061035156,173.14549255371094,173.45750427246094,47946000,22.30206317714799,22.579491625302524,22.224224389626503,22.43179702758789,248376000,151.45231569560596,151.9213251437336,145.2965089144569,145.56033325195312,140893200,144.3607552687736,144.93197149382664,140.68631860462537,140.86448669433594,32896000
2021-09-13,287.3785010149175,288.3346787710662,284.02711875904106,286.837646484375,23652900,379.03231255851546,379.1018342481609,371.75317345030254,373.898193359375,13026300,174.13999938964844,174.8979949951172,171.89999389648438,172.85850524902344,51380000,22.637374292609916,22.91679945314238,21.813071877295915,22.106468200683594,297500000,147.18235774668085,147.9542695218118,145.34538275990522,146.1270751953125,102404300,142.1349760961205,143.11759656902206,141.22331087777422,142.39700317382812,20176000
2021-09-14,289.31984389266626,291.0873037106312,287.90976075970315,289.5419921875,21853400,374.7820203796107,375.9637679324981,372.5078973191111,373.9180603027344,8711600,173.77749633789062,174.3404998779297,171.885498046875,172.5,38738000,22.22921073103916,22.363933451036715,22.040600065099298,22.196279525756836,199755000,146.9087519585389,147.61227358439965,143.5474852815467,144.7297821044922,109296300,143.08780915095542,143.6500897401695,141.84166232984532,142.33843994140625,18916000
2021-09-15,292.89338425416526,294.88296295581523,291.5026067865931,294.4000549316406,28356300,374.38482369186454,374.94093665537116,365.11955743747427,371.3262023925781,17940300,172.12600708007812,174.27099609375,170.10049438476562,173.7895050048828,59150000,22.26314446387039,22.321025809840197,21.92084908003349,22.29507827758789,166538000,145.15971382126716,146.0195769004921,143.01983678244974,145.61895751953125,83281300,142.68881144698267,144.49773868069406,141.19699435668716,144.12503051757812,20648000
2021-09-16,293.3762633965969,294.8732663344174,290.4788155367918,294.7863464355469,19550800,370.20399081447476,370.9686384692154,367.1453395837524,370.47210693359375,11934200,172.9980010986328,174.62750244140625,172.3070068359375,174.41200256347656,51672000,22.13740079198433,22.231207426856813,21.881926512429214,22.196279525756836,156033000,145.0424802595639,145.56034832894838,143.85040265204483,145.38446044921875,68034100,144.04066949136612,144.11907617712964,142.34870864401105,143.29873657226562,20292000
2021-09-17,293.7722276064099,294.09093387637466,289.29082779964784,289.61920166015625,41372500,368.8335664300614,368.8335664300614,359.0816795986663,362.1899719238281,26299000,174.42050170898438,174.87049865722656,172.60650634765625,173.12600708007812,92332000,22.254163647032286,22.275120392106135,21.785130373883064,21.8549861907959,294503000,145.41378761722353,145.41378761722353,142.4238129361749,142.71694946289062,129868800,142.72799389468838,143.17564045281333,140.01136979806188,140.41038513183594,60040000
2021-09-20,286.20019850680364,288.5085125411991,279.62299491142915,284.2395935058594,38278700,356.8075775570263,358.5255877160873,347.3734776350834,353.2325744628906,19822800,169.8000030517578,170.9499969482422,165.25050354003906,167.7864990234375,93382000,21.102532264947648,21.388942963530003,20.619527919799644,21.06960105895996,349440000,140.50866688674913,141.52485650500037,138.0365754530921,139.66835021972656,123478900,137.96542657889054,138.3250341287408,136.03271774080557,137.9821014404297,34918000
2021-09-21,285.58209392497275,287.3688591603671,284.0174769480889,284.7225036621094,22364100,356.0131576959178,357.5424835116956,352.72612092380973,355.000244140625,11751900,168.75,168.98500061035156,166.6195068359375,167.18150329589844,55618000,21.37297767708859,21.380960654634446,20.90693852871404,21.202329635620117,204688000,140.63571172252995,141.2903898304163,139.51203897648207,140.14715576171875,75834000,139.07390517031737,139.7633296012432,137.8714221066277,138.60690307617188,18130000
2021-09-22,286.5865855546917,289.9572738836684,284.44247290611344,288.3733215332031,26626300,344.82132634927734,347.41320660790336,338.326684902849,340.8291931152344,43692900,167.5500030517578,169.4499969482422,167.05250549316406,169.00250244140625,48228000,21.32208000784405,21.91485886480449,21.152429377866472,21.895898818969727,268726000,141.14376881169068,143.0784456211062,140.41093510559722,142.51173400878906,76404300,139.00790767183713,140.52948491090066,138.43346554116167,139.88929748535156,22068000
2021-09-23,288.63416403615827,290.6140753656662,287.3592796367398,289.31988525390625,18604600,342.96430614109624,347.244436588427,340.6206914406906,343.5601501464844,21806300,169.00250244140625,171.447998046875,169.00250244140625,170.8000030517578,47588000,22.094485487203986,22.48867392993623,21.844999420172584,22.43578338623047,248555000,143.29339623377032,143.713561933849,142.30651898122758,143.4692840576172,64838200,140.55529593807202,141.19346906898951,140.04611444291464,140.77069091796875,17272000
2021-09-24,288.03526486597605,289.55157331474214,286.7796866055234,289.1169738769531,14999000,340.8590206651882,351.89196914576627,339.9950604855322,350.5115966796875,18801900,170.10049438476562,171.46299743652344,169.6699981689453,171.2760009765625,42324000,22.024631223689532,22.103469298400736,21.81606122261383,22.035608291625977,217655000,142.3261258424034,144.0946960320379,142.22840868658764,143.55728149414062,53477900,139.8967444234875,141.83967630216847,139.80195063589665,141.57118225097656,14950000
2021-09-27,286.01673319852733,286.3354394750528,282.9261105458033,284.11407470703125,23571700,347.3834211027895,352.6863747332731,344.67234776955803,351.12725830078125,15205800,168.5749969482422,170.77850341796875,166.98049926757812,170.2899932861328,72690000,21.66537306934412,21.754190825746935,21.28116613158087,21.615476608276367,245215000,142.14045701354505,142.6192471706429,140.52822848156046,142.04273986816406,74150700,140.53146026221063,141.4391572247965,139.45404624620286,140.44760131835938,18844000
2021-09-28,279.89347912445993,280.83998946296117,273.0844877708486,273.8281555175781,43186200,345.5561863357287,347.1748841230016,336.56897692930727,338.2869567871094,21710300,167.885498046875,168.45950317382812,164.5050048828125,165.79800415039062,88616000,21.17039292521659,21.374971448404203,20.608548606029547,20.656450271606445,343069000,139.9712677848058,141.43693551030117,138.44697573581755,138.6619415283203,108972300,138.05305394272483,138.5672030128214,134.6897756981367,135.17018127441406,42190000
2021-09-29,275.3541821932033,276.96707861080546,273.33563003576245,274.2917785644531,26353700,340.769633143772,342.8352215839474,336.5292641634484,337.2541809082031,14452200,166.10549926757812,167.56500244140625,164.89349365234375,165.05599975585938,51246000,20.896959603658967,20.97380099971787,20.42493035007335,20.474828720092773,218394000,139.2090912773067,141.1437680766469,138.77915978644447,139.56085205078125,74602000,136.08900522770074,136.37565838188394,133.25059831773436,133.5195770263672,26338000
2021-09-30,275.9432889541892,277.99081421651636,271.99310493878147,272.2828674316406,32343600,338.0883500451467,340.422024123598,335.80428669427346,337.03570556640625,16547100,165.8000030517578,166.3925018310547,163.69949340820312,164.2519989013672,56848000,20.725309293039082,21.022697064179454,20.645473815850814,20.673416137695312,221009000,140.37188712321222,141.07540882378817,138.04635622911155,138.26132202148438,89056700,133.3250443507156,134.58062673344583,132.00991104788721,132.2734375,35294000
2021-10-01,272.4760010388448,280.06733000946844,271.6743867398195,279.2174072265625,30086300,339.24033291368795,342.62668233898466,336.29096406243747,340.6306457519531,14905300,164.45050048828125,165.45849609375,162.7969970703125,164.16299438476562,56712000,20.707346685202516,20.816121880682246,20.161470205057466,20.699363708496094,240978000,138.65217582382982,139.64883415934378,135.92604012055145,139.385009765625,94639600,132.56028322993208,136.0506001030267,132.38459893425915,135.44662475585938,28388000
2021-10-04,277.5755184047133,277.91355990677107,270.66993975281525,273.4321594238281,31350700,333.2024545158559,333.6096140159672,320.46146851508894,323.96697998046875,42885000,163.96949768066406,163.99949645996094,158.8125,159.48899841308594,90462000,20.461853071607546,20.499775067963235,19.51480436585159,19.69144058227539,345635000,138.5153968043033,138.95510914797657,135.10528534204386,135.9553680419922,98322000,134.68930385428592,134.68980364581515,130.1900593467162,132.7692108154297,31530000
2021-10-05,274.3400234963345,280.472961002074,274.3400234963345,278.8890380859375,24993000,326.3006776114081,332.85490048506125,323.8974817514608,330.6502990722656,35377900,160.22500610351562,163.0364990234375,160.1230010986328,161.0500030517578,65384000,19.908990765674343,20.605555884052407,19.813187437000426,20.408960342407227,279282000,136.29733265175278,138.98439014714222,136.1703033445533,137.8802490234375,80861100,133.00247319288394,136.33944520730083,133.00247319288394,135.16326904296875,24126000
2021-10-06,276.01091325935647,283.5925752475216,275.75015353316195,283.09033203125,28002600,327.4526216500832,332.0604490478025,323.53995055480846,331.3255920410156,26443000,160.67649841308594,163.2169952392578,159.93099975585938,163.10049438476562,50660000,20.07864390366975,20.677409072761147,20.038725210568696,20.657451629638672,297202000,136.2777712400183,138.89642346342436,135.20294239635672,138.74986267089844,83221100,133.62330864718834,136.82579101308863,133.48533589520042,136.3314971923828,19764000
2021-10-07,285.0896109094241,286.49972374373453,283.87270257385757,284.7709045410156,20430500,334.66227881082483,336.4895113551633,326.6979233231299,326.9362487792969,28307500,164.57699584960938,166.28750610351562,164.1529998779297,165.1215057373047,48182000,21.048642502901718,21.27817116327567,20.928890239898514,21.031679153442383,256919000,139.7856443847238,140.91909791585633,139.453429873389,140.0103759765625,61732700,137.82927451168456,139.11110354855242,137.53150476011479,138.1493682861328,18250000
2021-10-08,286.09406798229867,286.49972374373453,283.71816844923296,284.7709045410156,17685700,329.210330838422,331.08720418363254,326.42973620412886,327.76043701171875,15946100,165.85000610351562,166.07150268554688,164.41000366210938,164.43099975585938,39964000,21.057622913257926,21.16240660995784,20.732292851994423,20.788177490234375,151258000,140.73341358342566,140.87997439192273,139.2970580219821,139.6292724609375,58773200,138.8645046599292,139.27244057282317,138.39139895928017,139.0133819580078,18924000
2021-10-11,282.90690224093925,287.784262398564,282.742700513591,284.172119140625,19298600,325.3572529952405,328.1676081014375,323.05333943821864,323.1923828125,14708200,163.75,164.62950134277344,161.90499877929688,162.31500244140625,40684000,20.532705933838944,21.019701745235178,20.468836413759362,20.65245819091797,163388000,139.0137174402137,141.49557516408288,138.56423939549762,139.54135131835938,64452200,138.7592665718013,139.7157462492968,137.77316289188025,137.81385803222656,16584000
2021-10-12,285.24409368544315,285.3406811802425,282.35631327944327,282.8681945800781,17974100,320.78912991664765,322.1297709870296,315.16838987097276,321.52398681640625,31658700,162.85000610351562,163.37649536132812,161.81399536132812,162.3665008544922,36392000,20.785184469191023,21.013713821439726,20.485801919360195,20.628507614135742,162134000,139.95169027343047,139.97123668009885,137.81181348420836,138.27105712890625,73035900,138.59799542329478,138.65507767555934,135.2357159726475,135.6952667236328,22536000
2021-10-13,284.82874145878634,287.11772019165227,283.4572700524126,286.1808776855469,23416300,324.7018630148336,324.73165369743293,320.4217632147295,322.2887268066406,14761500,163.48550415039062,164.41900634765625,163.05450439453125,164.21400451660156,48402000,20.87500120476158,20.946853707427614,20.67042266932905,20.895957946777344,180652000,138.00727840066958,138.163604960137,136.01396194464323,137.68482971191406,78762700,136.72455104413717,137.51859865274355,135.9568106452077,136.87342834472656,16380000
2021-10-14,288.9817603776688,292.90297048133476,287.64892975117283,292.4007568359375,27262900,326.08220352646043,328.22722358123883,324.8309645572515,326.25103759765625,14302200,165.12249755859375,165.6300048828125,164.53900146484375,164.9929962158203,42190000,21.244237205478402,21.710276224041788,21.07857809526198,21.701295852661133,243589000,138.8573456179309,140.58683751822448,138.27107262847971,140.46957397460938,69907100,138.9101455206981,140.59700246627008,138.30171750397628,140.35928344726562,21426000
2021-10-15,292.0047810007027,294.0426679135802,290.2469889567608,293.81085205078125,25384800,326.3999927716936,326.78730195164854,320.27281003421854,322.5072021484375,21596400,165.5709991455078,170.52099609375,165.1999969482422,170.4510040283203,103598000,21.765169217756938,21.885920792719308,21.6174746181001,21.817062377929688,226994000,140.4793699361988,141.58349614959462,140.22531132197605,141.52487182617188,67940300,141.14141649120276,141.14141649120276,140.0143714405811,140.62033081054688,21250000
2021-10-18,293.192747080356,297.6741176404027,292.3428243514602,296.78558349609375,22729300,326.6681361594644,333.5599968627541,325.22818246588844,333.0137939453125,21585000,169.41799926757812,172.45849609375,169.2550048828125,172.33700561523438,63482000,21.70429747873108,22.245183264844428,21.599511849969776,22.17632484436035,189494000,140.1666871499396,143.47909561279081,139.88333128324254,143.19573974609375,85589200,140.16226660616186,141.93422450504897,140.16226660616186,141.89625549316406,16564000
2021-10-19,297.809344121962,298.72685155917264,296.7179674190472,297.6934509277344,17682100,337.2938624402736,340.0843672158299,334.940307835811,337.6315002441406,18786300,171.71449279785156,172.7344970703125,171.10000610351562,172.20750427246094,47722000,22.23021142807593,22.333000354248618,21.991704268986588,22.244184494018555,161473000,143.64515740033994,145.75572183556673,143.19569445607436,145.3551025390625,76378900,142.22477450428352,143.03419433015125,142.03071911492563,142.75132751464844,15316000
2021-10-20,298.6399155083311,299.11318532497563,295.64588043051015,296.9014587402344,16537100,341.0675687432612,341.5938910279222,337.0953159364956,338.41607666015625,13639500,172.63299560546875,173.14300537109375,170.01849365234375,170.7530059814453,42796000,22.25914627310749,22.386883392945418,21.936810333681272,22.05756187438965,146276000,145.29652399244392,146.32249438069462,144.72979735027167,145.8437042236328,58418800,143.14886733929575,143.17393264195417,140.8555663158274,141.3548126220703,17940000
2021-10-21,296.66968729600904,300.38805498571867,295.8873492891924,300.136962890625,16918100,337.9195461799882,339.93546327387196,335.4567385215077,339.5084533691406,16354400,170.71249389648438,172.01400756835938,170.14999389648438,171.75050354003906,37628000,22.05158081081339,22.66431908339026,22.037609648043592,22.645357131958008,187590000,145.40399172614036,146.21499623763387,144.4855043297612,146.05865478515625,61421000,141.13348557491108,141.78609217845622,140.58260926971855,141.7176055908203,14850000
2021-10-22,299.78924655970684,300.45566188219726,297.2781193491711,298.5916442871094,17449300,324.08616582509086,327.34341175250825,318.8824942988653,322.35821533203125,35224500,171.0500030517578,171.49200439453125,166.56500244140625,166.77749633789062,62782000,22.776083865908273,23.082451989687545,22.514623314038865,22.679283142089844,249384000,146.26387023963363,146.74264548774926,145.23789985010384,145.28675842285156,58883400,139.30618190197518,140.50469714101166,136.14936227881165,137.59303283691406,30182000
2021-10-25,298.7847668661807,298.82340775166415,295.9839068930017,297.5968322753906,17554500,318.07809817024844,327.2738721557028,317.5021349079901,326.409912109375,38409000,166.75,167.38999938964844,164.88499450683594,166.01849365234375,44520000,22.92577932097551,23.306994101972588,22.72319746404904,23.118383407592773,230235000,145.27696242983234,145.95117189778182,144.24122639888336,145.23788452148438,50720600,137.77714083367837,138.16949229685997,135.73049469081403,137.7399139404297,21082000
2021-10-26,300.3687149688969,301.7208511992869,298.0507629347483,299.5091247558594,28107300,325.9829107086796,327.9193656165144,307.4523491823087,313.6192626953125,65654000,167.47549438476562,170.80599975585938,167.19900512695312,168.80349731445312,53966000,23.939688832608766,25.207078693379014,23.874821912832736,24.66619110107422,485898000,145.912078981119,147.387512149544,145.5993961083312,145.90231323242188,60893400,139.55928535661496,139.7910371703666,137.97069043462946,138.63223266601562,28258000
2021-10-27,305.197858471987,314.9526060458698,305.197858471987,312.1227722167969,52588700,312.01053497096626,317.03543243091343,309.89530546712155,310.05419921875,29971800,169.39999389648438,171.85000610351562,168.57249450683594,169.62449645996094,54044000,24.42369501670846,25.038428062047632,24.232088329597563,24.400741577148438,245990000,145.94140632392705,146.30293288736218,145.09132390307514,145.44308471679688,56094900,138.8610134066124,148.00790989234184,138.8610134066124,145.3374481201172,51850000
2021-10-28,313.2430854710019,313.7646343557651,310.3746108163514,313.2624206542969,26297900,310.81879676750776,323.26187566968946,305.9726441964319,314.7215576171875,50806800,170.10499572753906,173.9499969482422,169.3000030517578,172.32850646972656,114174000,24.82686213496586,24.89871463743383,24.472592314193292,24.889732360839844,234204000,146.3908846714247,149.66419997930225,146.29316753585874,149.07794189453125,100077900,146.20245655252498,146.32702580527996,143.68583959771865,145.04116821289062,32418000
2021-10-29,313.0499524443534,320.65091983416227,312.82780414815437,320.2839050292969,34766000,317.96888127486596,323.73857554960784,317.3829776736138,321.325439453125,37059400,165.00100708007812,168.74099731445312,163.66600036621094,168.6215057373047,129722000,24.949604096039383,25.656148820511262,24.948606699958546,25.514440536499023,292503000,143.85038787675046,146.50813293434493,143.05892977311782,146.371337890625,124953200,144.4367048006501,147.50668177858643,144.08583600912826,147.16671752929688,28954000
2021-11-01,320.03274302106945,320.1583038041811,315.2133311036617,318.11077880859375,27073200,323.77830788954685,331.1369092399776,323.73857687912965,327.69097900390625,31518900,168.08999633789062,168.79299926757812,164.6009979248047,165.90550231933594,72178000,25.596280704392232,25.840776060615124,25.175147208367978,25.773914337158203,265740000,145.57986452377787,146.27360541935798,144.41709931929685,145.55055236816406,74588300,147.06200817568674,147.29477472394305,142.5106489949172,142.70370483398438,32272000
2021-11-02,319.01870120060556,322.05137778411626,318.719300579223,321.7423095703125,26487100,329.0812646943905,332.46761360260626,321.5538292016757,325.80413818359375,28353000,165.75050354003906,166.55599975585938,164.17750549316406,165.6374969482422,52552000,25.768924631119912,26.623164159534607,25.74696858717895,26.34673309326172,294112000,145.25744630214584,148.10084526807523,145.24766564186768,146.58631896972656,69122000,143.73138470049585,145.82676809614077,143.56424230998508,144.7771453857422,21150000
2021-11-03,322.48590153526277,323.45171737063305,319.3470000703094,322.5824890136719,21500100,325.21825476736853,329.8459328747701,320.9580354976296,329.3196105957031,20786500,165.4499969482422,169.74600219726562,164.87600708007812,169.1999969482422,67944000,26.61517983790427,26.728945830452645,26.18107451423238,26.54332733154297,239910000,146.94786074576106,148.4916993652847,146.39091470548655,148.02268981933594,54511500,145.18606956082002,145.81685187394913,143.97366624427914,145.69723510742188,17886000
2021-11-04,321.5105128276318,325.03573544722815,318.2460499257313,324.93914794921875,23992200,331.6930007694114,334.9303657214062,330.3424192552651,333.5202331542969,22495300,168.5,174.93150329589844,168.25,173.85000610351562,107060000,27.17302872617055,31.30052653095148,27.062256834548624,29.739742279052734,1153631000,148.11061107430388,148.94114717338857,147.19212358039826,147.5048065185547,60394600,146.10419482875912,148.83372298167316,145.54339843956512,147.57615661621094,24700000
2021-11-05,326.93843543725023,327.20886278115967,322.98825090775915,324.5721740722656,22570100,337.9493222910368,344.3843824919673,337.28398694368224,338.7636413574219,26872800,173.85000610351562,178.3125,173.8489990234375,175.94949340820312,99940000,30.12495081284974,31.335456833245594,29.34954751211164,29.690845489501953,851260000,148.63012712450208,148.93347149692437,146.83940090236302,148.03321838378906,65463900,148.24167042985454,149.44986347878043,147.54538508335918,148.1300048828125,20408000
2021-11-08,325.7697069819661,326.10774845813177,323.0074875225243,325.4703063964844,20897000,342.03081085258987,342.3982393556077,335.99297015181077,336.2710266113281,18342500,176.16200256347656,178.9499969482422,174.39300537109375,174.44900512695312,61480000,30.08702828256524,31.03607369583626,29.8455251398631,30.74068260192871,503101000,148.16042562432813,148.3169952703634,146.93725326087116,147.21124267578125,55020900,148.8833406552989,149.91013954917986,148.00988687699157,148.2396697998047,18388000
2021-11-09,325.5862325391553,327.1412116971149,323.09444011363706,324.4659118652344,21307400,337.6414662706003,338.94237655440764,332.14982834025784,333.0435791015625,17556700,175.7624969482422,179.68850708007812,175.07150268554688,178.81149291992188,85898000,32.215644336725056,32.243586659600666,29.9024083019337,30.593982696533203,646746000,146.9763488953236,148.17994599827716,146.83935422451017,147.57325744628906,56787900,148.63124519998087,149.25902879276143,146.40891460514234,148.137451171875,16876000
2021-11-10,323.1331196630514,323.1910662746907,318.6420804147871,319.4919738769531,25500900,330.18351897750097,330.8786752247067,323.25195838543164,325.3671875,21872600,178.19349670410156,180.2725067138672,173.1544952392578,174.1024932861328,80548000,29.29566191648222,30.78659059758432,28.71884893043051,29.398448944091797,636206000,146.80022003816552,146.90785977516097,144.67679516407316,144.7452850341797,65187100,146.90791180091054,147.59301993563162,144.24314466659487,145.5344696044922,22708000
2021-11-11,319.92656727683465,322.36041311749693,319.2118728300362,321.06622314453125,16849800,327.53204921361885,330.15371980081824,324.73160425216196,325.4664611816406,12376600,175.64999389648438,177.16200256347656,173.37350463867188,173.625,45288000,30.405370591178073,30.527119549916076,29.715791021450595,30.327529907226562,332172000,145.76298280044355,146.22288178403127,144.5104408038777,144.6963653564453,41000000,146.01188442531517,147.39674617543128,145.60246429068016,145.6555633544922,12464000
2021-11-12,322.505291202805,325.7021398000391,322.37973040709574,325.2095642089844,23831000,327.8895713138474,339.48854119804446,327.49235212990004,338.5252990722656,25414300,174.25,177.0364990234375,172.3524932861328,176.25750732421875,53788000,29.948311870229972,30.616934698783563,29.56909192980548,30.327529907226562,413054000,145.24435777936998,147.1720784304826,144.31474986015922,146.77088928222656,63804000,146.7309875398989,148.7438902735577,145.36373971108793,148.53147888183594,17048000
2021-11-15,326.0015377948578,326.3299116948135,322.61151423527605,324.581787109375,16723000,341.9513528589392,351.1967681291148,340.81927665538785,345.1490173339844,25076600,176.85000610351562,179.69400024414062,176.29049682617188,177.28399658203125,58594000,30.48919878124828,30.581008726244367,29.186880973756832,29.963281631469727,384909000,147.1427090779816,148.6203105600799,146.22288125155492,146.78065490722656,59222800,148.88336834080127,149.35682241975042,147.54589578035853,148.2759246826172,16248000
2021-11-16,324.2050832986667,329.0245248169212,324.0409110967214,327.9041748046875,20886800,341.4448621218174,344.24530725343476,338.5054039194174,340.5809020996094,18181100,176.9499969482422,178.8249969482422,176.25750732421875,177.03500366210938,44342000,29.697827367892437,30.32752888145792,29.644934915209124,30.140913009643555,264484000,146.72198372154762,148.2387205417783,146.13485497458598,147.7592315673828,59256200,148.06002650806823,148.71710090262894,147.24563894683004,147.9662322998047,17254000
2021-11-17,327.95252064743255,331.09716478629724,327.04299044192896,328.1266784667969,19053400,341.8520275379172,344.8907981611505,337.7407621147875,338.4060974121094,13602800,178.23599243164062,179.3625030517578,177.2675018310547,177.4499969482422,51206000,30.355472726652906,30.446287176657105,28.74079861985027,29.200851440429688,428508000,147.75923582189736,151.67338776419928,147.74945581731131,150.19580078125,88807000,148.118095732704,148.51214348862283,147.45705328506816,147.95233154296875,15290000
2021-11-18,327.21720340062717,331.34880160200635,326.1915678093843,330.20703125,22463500,337.3633994408119,340.0843826522268,332.9740471795485,336.3405456542969,17487200,178.3175048828125,185.2100067138672,178.0500030517578,184.80299377441406,114070000,32.300468889918044,32.692658808729135,31.25661755420569,31.60988998413086,781711000,150.411059635024,155.2645990140686,149.7652210699027,154.4817657470703,137827700,148.0356986810806,150.48136024573412,147.8893052064059,149.58706665039062,26658000
2021-11-19,331.5326300916386,333.91287583713864,331.1068912391703,331.98736572265625,21963400,339.8261918393417,349.6575100890898,337.5421286138821,342.9046630859375,26488500,185.63450622558594,188.1074981689453,183.78599548339844,183.82850646972656,98734000,32.17672655199687,33.01999092531616,31.839421944726077,32.91720199584961,533867000,154.26649442831288,157.56417731455713,153.17053675502055,157.10426330566406,117305600,149.87591488881927,150.7195933154781,148.77169361266823,148.83621215820312,19766000
2021-11-22,333.4483587373931,338.3346692855464,328.54270716464436,328.8136291503906,31031100,346.6286760200637,351.3755166050516,338.1479386460966,338.64447021484375,27116800,183.81900024414062,185.67300415039062,178.375,178.6284942626953,96844000,33.44810439942293,34.57578276040281,31.834429453313092,31.89031410217285,754335000,158.20998681834752,162.14371301680876,157.54458827093626,157.5641632080078,117467900,149.02405605058343,149.6223216729872,145.91114228678347,145.98361206054688,24608000
2021-11-23,326.12387738514525,328.4461004858144,322.7470217598907,326.73345947265625,30427600,336.5788611556045,339.0317281661452,331.18653592504864,334.9105224609375,17225000,179.2519989013672,181.05250549316406,176.385498046875,179.0019989013672,73804000,31.470179349441892,32.29348431531338,30.816525023059096,31.68074607849121,532163000,157.6620164381372,158.32742995233392,155.64623082003743,157.94580078125,96041900,146.01785763143388,146.59452621008714,143.810899303843,145.6645050048828,18126000
2021-11-24,325.3787678074607,327.1978283357766,323.08560111976163,326.9559326171875,21661300,333.6692250990394,339.40912900904357,330.5013511624678,338.6941223144531,13566200,178.1334991455078,180.6820068359375,176.84249877929688,179.02049255371094,46560000,31.396321189058206,32.78745442884217,30.8644160156458,32.60682678222656,435162000,157.29992381912578,158.66009052581524,156.21374645397813,158.46438598632812,69463600,145.2605329664016,145.9056881142698,144.11810038473118,145.6252899169922,16464000
2021-11-26,323.5113311922407,326.9752647962539,317.48327941794133,318.9927062988281,24217200,333.47060617009134,335.4070915076629,329.5976658008317,330.8092041015625,14750700,180.10499572753906,181.6750030517578,175.20750427246094,175.22799682617188,59826000,32.53298910580226,32.64276360965814,31.285560386970182,31.43824577331543,283069000,156.1453241403742,157.00642747293296,153.00421042336373,153.44454956054688,76959800,143.93595956453348,144.2153581696764,141.4247949329026,141.74290466308594,16992000
2021-11-29,324.0822506382553,328.0396615435642,323.88872222798085,325.71746826171875,28563500,334.55307386475175,338.30685152461643,332.9840170474469,335.6851501464844,16650900,177.3820037841797,179.8000030517578,176.5749969482422,178.07850646972656,65312000,32.29946994005568,33.34331741870342,31.97014645706555,33.30739212036133,454964000,155.94958045222978,157.73052659848017,155.38202667808307,156.80091857910156,88748200,143.22428490327337,145.76870835636387,143.22428490327337,145.02627563476562,26276000
2021-11-30,324.44993871925334,326.8301846318638,318.32512179204315,319.8732604980469,42885600,332.67612154171803,333.4805001872441,321.18637478700055,322.209228515625,25390000,178.1750030517578,179.2884979248047,174.60049438476562,175.35350036621094,80022000,33.100812239560405,33.28443590404543,31.798496565026007,32.60882568359375,622066000,156.55627065978888,161.9675835913138,156.48776584559891,161.75230407714844,174048100,144.3674654962989,145.5369321292023,141.0083972344099,141.3915252685547,41590000
2021-12-01,324.2660102897674,328.28147277875115,318.71209477852017,319.37969970703125,33337600,327.99881886115134,328.2073536259176,308.1375569170716,308.4454040527344,30329600,177.25,177.99400329589844,172.0800018310547,172.18600463867188,74916000,33.154776861217016,33.22464122012574,31.319329740346443,31.374223709106445,484368000,163.88551760970591,166.64500155872992,160.99883389139347,161.2336883544922,152052500,143.13891917791497,145.4085480522127,140.44661815649198,140.56373596191406,28476000
2021-12-02,319.5925775731745,322.67916897611684,317.1736206447421,318.808837890625,30766000,309.2398812049933,312.41769563708294,305.0690338569957,308.2369079589844,24396200,173.0,174.63499450683594,171.1875,171.8679962158203,64726000,31.15364560383076,32.41520148440624,30.96500997117329,32.063880920410156,472890000,155.3331118145511,160.6759203936693,154.41328379839803,160.245361328125,136739200,140.76822757833486,143.598001877439,139.9324852418643,142.70619201660156,21250000
2021-12-03,321.22787810651,321.914883312674,307.7204273838724,312.53900146484375,41779300,311.55367511809095,311.5735254685623,297.4223772998706,304.7114562988281,27471000,172.75,173.49349975585938,166.92999267578125,169.489501953125,80712000,31.938133623399295,32.06688583887325,30.07174810217101,30.6336612701416,544325000,160.49976670029744,161.4195945786872,156.29205136899398,158.36654663085938,118023100,143.41982187599402,144.13197933473333,140.09922226334348,141.4595184326172,26688000
2021-12-06,313.44849895097053,316.83503917319246,308.8815063844426,315.6158752441406,30032600,305.99255266304647,317.87951975765236,304.2149611423583,315.66497802734375,21758300,169.64999389648438,173.69549560546875,166.9344940185547,171.36849975585938,68860000,29.822227763677287,30.18252985019902,27.98379011741207,29.978925704956055,658938000,160.76397340255957,164.27693555746282,160.7541933995356,161.77188110351562,107497000,142.50518107562021,143.27688941041777,139.59996893105446,142.72601318359375,22198000
2021-12-07,320.88919559415706,324.91431432856854,319.3991097138028,324.0628662109375,31021900,319.33932063498895,324.27484564424213,318.7732673727845,320.5707092285156,18794000,174.60000610351562,177.49949645996094,173.33450317382812,176.1645050048828,66410000,30.8971555680558,32.38627185620061,30.59174545827344,32.36431121826172,593053000,165.45116789916563,167.89751232351225,164.72704457429052,167.50608825683594,120405400,144.86349407765914,147.19600591306414,144.61783897753403,146.93446350097656,23258000
2021-12-08,324.44021120612,324.6240543144924,320.0764029941524,324.1112365722656,24761000,322.7455088217183,330.4417478782362,320.82890430428074,328.2669372558594,19937700,176.15049743652344,177.17999267578125,174.75050354003906,176.1580047607422,45254000,31.937133093041922,32.22757083379196,31.360249588511806,31.764467239379883,475551000,168.43570437579535,172.1835056764081,167.03638765651502,171.3223876953125,116998900,147.22726115455447,148.04611651197752,146.10418422825288,147.61337280273438,18964000
2021-12-09,323.5693805212305,325.5819398325856,321.35360755345357,322.3018493652344,22214200,327.2540480147095,333.79833071804273,325.7247222356388,327.5321044921875,16879200,175.75,176.96949768066406,174.13949584960938,174.17100524902344,46062000,31.672647606673255,32.14273959159787,30.369172752689572,30.431053161621094,488507000,171.15603176332104,172.9565375380552,170.18727407030087,170.81353759765625,108923700,147.07291950566426,148.49128236414427,146.43074800122318,147.00344848632812,18580000
2021-12-10,324.12095759451194,331.88096247168323,323.9371144658651,331.4358825683594,38095700,330.2530905762638,332.7059578569133,324.1060270329738,327.46258544921875,14528000,175.41700744628906,175.927001953125,170.5,172.21200561523438,60690000,31.08977314072366,31.24447414372459,29.803265779189793,30.13961410522461,488825000,171.4496116481563,175.77474686026093,170.9407678198788,175.59860229492188,115402700,147.99006124835097,148.28781584283692,146.26052506185502,147.56822204589844,21634000
2021-12-13,329.63617965813285,332.6453782369156,328.08804090407773,328.3976745605469,28899400,328.65422586839105,338.7238693550957,327.3036443722298,332.1696472167969,22948700,172.0,172.10000610351562,169.1300048828125,169.5675048828125,62170000,30.190522528177343,30.235435609351946,28.061644764894734,28.106557846069336,598344000,177.2327699190323,178.22110269969062,171.76274694249355,171.96824645996094,153237000,147.3389335007413,147.45655110481894,145.27044785663702,145.6123809814453,24104000
2021-12-14,322.41794531464876,323.7919258980835,313.60325055577465,317.6961364746094,44438700,325.7743343201105,333.37129119790376,325.37711514556946,331.42486572265625,20461000,167.5500030517578,169.49899291992188,166.44000244140625,169.0915069580078,55976000,27.645444366863174,28.622551596281006,27.197313086463264,28.282211303710938,667035000,171.48875398461132,173.92531854630914,168.51400556372403,170.5885009765625,139380400,143.69227325268514,144.35926768387006,141.18357755412106,143.8912811279297,24778000
2021-12-15,317.95748625570747,324.32419994874397,313.98073366393055,323.80169677734375,35381100,330.18357510906884,339.7368382857609,321.7326278482403,339.28997802734375,24681300,168.59800720214844,173.60000610351562,165.19500732421875,173.31500244140625,75794000,28.345092875773645,30.441033250824958,27.7841791365001,30.40011215209961,698297000,171.35176719309973,175.6475478496639,168.6118581679586,175.45184326171875,131063300,143.29128780502376,146.41907398342383,141.64315712757917,146.2714385986328,27280000
2021-12-16,324.8272760169912,325.8432558694364,312.54864556031464,314.3677062988281,35034800,336.62852700037104,342.0704931735933,331.4248559577959,332.5768127441406,22635000,173.36849975585938,174.16600036621094,168.16050720214844,168.87100219726562,60876000,31.091774751196695,31.0997587062086,28.038688652907197,28.33211898803711,707366000,175.43223547777242,177.25231617436867,167.08531019517628,168.56289672851562,150185800,146.97465547461675,147.44562566406887,143.019820486314,143.76026916503906,27400000
2021-12-17,310.477958587751,314.3870011788046,306.9656284689242,313.30328369140625,47750300,330.49145609411727,334.7715565182431,328.4556884392973,331.474609375,40012600,167.7104949951172,170.89849853515625,165.61349487304688,170.0175018310547,85542000,27.930891949372505,28.866080545306644,27.706326603425225,27.74724769592285,713758000,166.2829122189755,169.74694420568176,166.0480727156741,167.46694946289062,195432700,141.6520565494861,143.38466688025827,140.73245544219452,141.73989868164062,43404000
2021-12-20,309.6749054842462,312.3357585464639,307.2753187116958,309.5394592285156,28326500,327.49233249861777,327.61149521607075,320.292625362334,323.1923828125,17901800,166.85000610351562,167.87449645996094,165.60000610351562,167.07899475097656,57372000,27.25221181922181,28.089588585739136,27.09252129792592,27.6654109954834,461847000,164.66832933666538,166.91896912005944,163.86593615587674,166.10678100585938,107499100,139.63234043015785,141.54887445019585,139.20594250690468,141.3414306640625,20264000
2021-12-21,312.8099049572173,317.10597568318013,309.4330203308387,316.68023681640625,24740600,324.14571370639186,333.669184716812,321.5041623573449,331.8816833496094,16116800,167.85049438476562,170.7165069580078,165.6475067138672,170.41700744628906,55956000,28.319144340098806,29.063702367832537,27.3480239896124,29.018789291381836,524385000,167.8779505711604,169.48275204230814,165.49031583648394,169.2772674560547,91185900,142.08435461073574,143.61492845815732,140.67989483839312,143.1468963623047,19548000
2021-12-22,317.6574409711616,322.79530359298326,315.1901164906838,322.39862060546875,24831500,331.48445199749193,332.189548621576,325.98290422148904,328.15771484375,16764600,169.27000427246094,172.0500030517578,168.50050354003906,171.03700256347656,55036000,28.835143931093477,29.497859735844237,28.393997137740122,29.343158721923828,395184000,169.32615733120278,172.08564081700152,168.4552593739479,171.870361328125,92135300,143.02726685066872,146.2064101742013,142.89127813210706,145.8550567626953,18438000
2021-12-23,321.963188450899,325.4852041450204,321.9438474243752,323.8403015136719,19617800,327.8101307259051,334.33456247386124,326.08218034839234,332.9144592285156,13987700,170.42799377441406,171.97500610351562,170.14999389648438,171.06849670410156,36788000,29.697472444063603,30.00088555963705,29.374099442198006,29.58269500732422,343022000,172.07589419886108,173.05443209039555,171.50834043001467,172.4966583251953,68356600,145.9945199793773,147.4665878505096,145.8569107046352,146.04713439941406,13818000
2021-12-27,324.5853606565686,331.37781170708996,324.55633434986925,331.3487854003906,19947000,336.49945539510196,345.45687412344387,335.6652859834369,343.7785949707031,17795000,171.03700256347656,172.9429931640625,169.2154998779297,169.66949462890625,58688000,29.602654581173876,31.026895635110456,29.582692792715033,30.885169982910156,403686000,173.28923408120028,176.54776634572997,173.26967407814607,176.45970153808594,74919600,146.3657373545969,147.32156594224003,146.15382574492025,146.96176147460938,13256000
2021-12-28,332.02608481270596,332.664693105843,329.2878380448936,330.18768310546875,15661500,344.2254578364717,350.26326798561126,342.80538491551954,343.81829833984375,16637600,170.1824951171875,172.17599487304688,169.135498046875,170.66099548339844,54638000,31.251463920554766,31.269428770384458,29.95397610422819,30.263378143310547,420591000,176.29340054719341,177.43828815623348,174.6983789116561,175.4420623779297,79144300,147.26996043262093,147.26996043262093,144.84912154906613,145.35780334472656,18624000
2021-12-29,330.2360072562147,333.1387557390819,328.6685277999919,330.8649597167969,15042000,344.50352743630526,347.2642416723502,339.2700957520207,340.5610656738281,10747000,170.83999633789062,171.21200561523438,168.60049438476562,169.2010040283203,35754000,30.214472371231356,30.488940318885827,29.309224428409372,29.942996978759766,343139000,175.48120622634931,176.75330850310786,174.31674371757737,175.53013610839844,62348900,145.3394407452973,146.0880678931373,144.42132368421687,145.41387939453125,17022000
2021-12-30,330.8262877450351,332.00674011719934,327.83645999310903,328.32025146484375,15994500,341.6137642117308,344.821369477675,340.8391760748815,341.97125244140625,10593300,169.6999969482422,170.88800048828125,168.5240020751953,168.64450073242188,37584000,29.76933233244258,30.39811536049081,29.482888465222835,29.528799057006836,308864000,175.6181590245021,176.6945564474762,174.26777224500728,174.3754119873047,59773000,145.35976682324556,145.96771016662103,144.67341679621362,144.9156036376953,12978000
2021-12-31,327.5364893328757,328.35891115617534,324.962715335164,325.41748046875,18000800,340.64049867127704,341.05759851401064,333.9373226475047,334.01678466796875,12870500,168.95599365234375,169.35000610351562,166.55850219726562,166.7169952392578,47830000,29.616629435851035,29.97194206030295,29.274292165132447,29.354137420654297,266530000,174.2677857929612,175.38331824017646,173.45559766181222,173.7589569091797,64062300,144.4605290859402,145.27541644485942,143.6004787476641,143.6024627685547,17298000
2022-01-03,324.4789321117376,327.0430208965413,319.08948826047026,323.89837646484375,28865100,335.9532641001233,338.71397854824414,334.85097850917924,336.1916198730469,14537900,167.5500030517578,170.70350646972656,166.16050720214844,170.4044952392578,63520000,29.757358865642377,30.651626527613114,29.727416179654284,30.062767028808594,391547000,174.01337226981713,178.95499096160628,173.895952516217,178.10365295410156,104487900,143.39995178032558,144.4664613063208,142.4342032403774,143.99449157714844,25214000
2022-01-04,323.97585498083674,324.33388555215816,315.5482139639062,318.34454345703125,32674300,337.5918461106454,340.710048791719,329.5678785035941,334.195556640625,15998000,170.43800354003906,171.39999389648438,166.34950256347656,167.52200317382812,70726000,30.218464956704405,30.409095675209777,28.29419292188651,29.233373641967773,527154000,178.7103390737201,179.01368336177322,175.2756623032222,175.8432159423828,99310400,144.4669915447545,145.51859841995093,142.74554281924932,143.3414306640625,22928000
2022-01-05,315.2965689226274,315.4997826044344,305.73687408915134,306.1239013671875,40054300,330.70987981234885,333.43089345554057,321.5935673547167,321.9212951660156,20564500,166.88299560546875,167.12649536132812,164.35699462890625,164.35699462890625,64302000,28.893033464225883,29.35913159128193,27.479772498450824,27.550634384155273,498064000,175.75522425688948,176.30320318990823,170.89188882938907,171.16587829589844,94537600,143.1076725930679,143.2238059713416,136.49973183392765,136.62876892089844,49642000
2022-01-06,302.9986098361541,308.3687131905766,301.39241851651343,303.7049560546875,39646100,320.58066472960667,336.8172538693063,320.4813523499069,330.1537780761719,27962800,163.45050048828125,164.8000030517578,161.93699645996094,163.25399780273438,51958000,27.586559964920273,28.38301743954945,27.01267281731573,28.123519897460938,454186000,168.99344503165895,171.53764883189484,167.95619753705944,168.3084716796875,96904000,136.47392425130153,138.6461394172011,135.7453947927287,136.5270233154297,29050000
2022-01-07,303.9661611560191,306.23998686939547,300.037776956861,303.8597412109375,32720000,330.4318562598737,334.66231540471273,326.59864665992654,329.48846435546875,14722000,163.83900451660156,165.24349975585938,162.031005859375,162.5540008544922,46606000,28.086591263743465,28.367048098700508,27.004685595633504,27.194318771362305,409939000,169.1793866130696,170.40255876885018,167.3593058480161,168.47483825683594,86709100,136.87839777913192,137.22554087698705,134.778152503971,135.98460388183594,19408000
2022-01-10,299.4572902943234,304.5177606410035,294.81290313065546,304.08233642578125,44289500,323.0534166260433,326.0623971841901,313.241946466416,325.7942810058594,24942400,160.5854949951172,161.6614990234375,156.30450439453125,161.48599243164062,87798000,26.529609965171062,27.415893669977173,25.594421205944393,27.347026824951172,594681000,165.4511773077938,168.79777487885306,164.56070430318124,168.4944305419922,106765600,134.09326742248393,137.60790714951153,132.1493511659353,137.5424041748047,34096000
2022-01-11,303.2210877642495,306.3463611573554,299.8442334063924,304.76922607421875,29386800,324.51316123835636,332.3087126977734,323.0235665762721,332.0505065917969,16226800,161.5,166.35000610351562,160.70150756835938,165.36199951171875,62806000,27.27017541907624,28.010741462593767,26.787111899859354,27.763219833374023,404089000,168.62162893365016,171.4202325096092,167.15382233749222,171.3223876953125,76138300,137.15184349802993,139.28484782473163,135.7950305964755,138.9751739501953,23502000
2022-01-12,309.30721526386515,312.92596558737677,306.80114975733375,307.95257568359375,34372200,332.85487581183287,334.03662330125775,327.74060701207145,330.9482116699219,14104900,166.5749969482422,166.8780059814453,164.41700744628906,165.20700073242188,50030000,28.012735506788296,28.539714564955542,27.554623289676226,27.944868087768555,383413000,172.3400901249927,173.3773379097134,171.06800280036754,171.76275634765625,74805200,140.5007264921033,141.75109886568754,140.06151575997302,140.59352111816406,23642000
2022-01-13,310.0812872347779,310.477999759612,294.14519599434743,294.91925048828125,45366000,332.6563391580305,333.3018242108338,323.50029475979665,324.2153015136719,14797100,165.25050354003906,166.22149658203125,161.09100341796875,161.21400451660156,52188000,28.324133734411912,28.424938300544927,26.44676981062193,26.523622512817383,540171000,172.00737775161056,172.82934594142114,168.10300645305696,168.4944305419922,84505800,140.78457782110243,142.1195662707238,137.87986552852726,138.09524536132812,26566000
2022-01-14,294.38709603316755,300.7441227450604,293.9033045852905,300.14422607421875,39846400,319.5578022642355,330.4219156428618,318.9818086610025,329.59765625,16868500,160.14999389648438,162.25,159.80050659179688,162.13800048828125,45974000,26.24915451358075,27.144421643836736,26.15932835464321,26.88991355895996,395832000,167.6626941036259,170.0503291665965,167.41805960834293,169.35557556152344,80440800,136.47640259062064,140.14935527735125,136.47640259062064,138.74588012695312,23826000
2022-01-18,294.2129087897325,299.75713933010854,291.95842433213926,292.83892822265625,42333200,321.04735162418825,321.96095262959676,315.43655163280187,315.9429931640625,22645600,159.10499572753906,159.7344970703125,157.6645050048828,158.91749572753906,67292000,26.209224878661743,26.586494250955788,25.720172552698546,25.852914810180664,424270000,167.82902257608225,168.83691537487223,165.77410203397278,166.15573120117188,90956700,135.5830840342474,136.36868042521337,134.60740030540452,135.27587890625,27382000
2022-01-19,296.3610152786243,303.73399326140634,292.887395735505,293.4969482421875,45933900,317.3631065456677,324.83096079185947,317.1148407594168,317.373046875,20814700,158.76199340820312,159.25,156.25,156.2989959716797,53242000,26.028576108979475,26.491677750894784,25.00356141134251,25.018531799316406,488315000,166.35139882333922,167.40822126644343,162.37853839338976,162.6623077392578,94815000,135.91908788899167,137.36921022886403,134.49128956976696,134.64215087890625,20796000
2022-01-20,299.05084323097356,301.5471940307173,291.3779181968077,291.822998046875,35380700,321.65312351378554,325.5459440973195,313.78808094128794,314.3640441894531,16925000,156.76600646972656,158.0,151.3509979248047,151.66749572753906,71974000,25.25508379581216,25.529551791989352,24.03145213206929,24.103313446044922,435181000,163.3962221186515,166.0382709410417,160.6563135530504,160.97923278808594,91420500,135.49775273533527,136.88534059937749,132.15332960815354,132.51263427734375,21930000
2022-01-21,292.8777000608215,294.25165138229846,286.0271958983454,286.43359375,57984400,312.6261626867231,316.1018832098614,300.93782200902825,301.0669250488281,28710700,149.9499969482422,150.89999389648438,142.07049560546875,142.64300537109375,163972000,23.461552019986037,24.775007677466373,23.218024282355426,23.32880973815918,718958000,160.8911718694381,162.76018251834915,158.81667665863466,158.92431640625,122848900,132.0217956182451,133.7572836455229,129.03322435158418,129.12353515625,41920000
2022-01-24,282.727768608137,287.47857522376313,267.101279303545,286.7625732421875,85731500,295.7739794189245,307.38289220439583,287.0052435244619,306.5685729980469,38878100,139.0,144.94500732421875,135.3520050048828,144.54400634765625,155624000,22.286827510617645,23.334796698374127,20.847616010504623,23.326812744140625,913982000,156.58562410189697,158.81668910799385,151.37979580013618,158.15127563476562,162294600,125.08928828805531,129.80492663339794,123.71405910571403,129.4014434814453,55148000
2022-01-25,282.0696831806188,285.42719615347426,275.92555698265147,279.1379089355469,72848600,297.8693071627254,304.1057425994434,295.51572201501665,298.0679016113281,25108500,142.24249267578125,143.60000610351562,138.14500427246094,139.98599243164062,90824000,22.502412770653898,22.898646539669308,21.957468790063057,22.280841827392578,664616000,155.56793581393717,159.26680751652682,153.65001008067688,156.35076904296875,115798400,127.47937944556713,128.37565705645525,125.43719351489987,125.79203033447266,36008000
2022-01-26,298.00582478261947,298.49930147235415,283.5307939904859,287.09149169921875,90428900,304.8803074843086,305.37683902690725,288.83240439081436,292.586181640625,28348800,144.75,145.18499755859375,137.31849670410156,138.87249755859375,95602000,23.195069558309832,24.010489477432596,22.256886340278513,22.72797393798828,755959000,159.99092174206848,160.86181974023197,154.43283450239605,156.2626953125,108275300,129.6203178710907,131.81882492229508,126.20692371706731,128.27789306640625,39630000
2022-01-27,292.8487086541634,297.3382789457668,288.2720298974532,290.1201171875,53481300,295.6845112682195,299.61703230271524,292.2187310607232,292.5960998535156,21629900,140.8000030517578,144.24349975585938,139.35000610351562,139.6374969482422,77516000,23.522431799862392,23.94860623626606,21.63309038318476,21.90157127380371,573353000,158.9634528706825,160.3236197319786,154.88295228679408,155.8027801513672,121954600,130.38308964820584,131.62275428424127,127.98509008213493,128.15977478027344,30248000
2022-01-28,290.497490140265,298.4800508635709,284.90486089949263,298.2671813964844,49743700,293.56934456757705,299.8057803837421,290.99731446167857,299.6170959472656,21871600,140.86050415039062,143.9980010986328,137.92950439453125,143.97799682617188,74392000,21.96944289295478,22.81380797435671,21.25482754600818,22.79584312438965,543774000,162.1535367106973,166.69395238194963,159.30598757947982,166.67437744140625,179935700,129.03223956330555,132.37764718012906,127.73646186739235,132.29725646972656,30518000
2022-01-31,298.9347640922584,302.2535665226197,296.4383835464321,300.8989562988281,46444500,298.5941942856098,311.6132667908384,297.24364306776437,311.0869445800781,21579500,144.75,150.36050415039062,144.30050659179688,149.57350158691406,78308000,23.137181729796545,24.46161782547409,23.00743389482427,24.438661575317383,564680000,166.5079694467073,171.2440880703996,165.87191101795182,171.02880859375,115541600,133.19900569280475,134.83226406979026,131.28933226909854,134.68833923339844,34056000
2022-02-01,300.34739077879186,300.5602601832143,295.23855460093705,298.7508850097656,40950400,312.37793715110746,317.4425651980272,309.95486067855575,316.7871398925781,18023800,150.0,151.70799255371094,147.62750244140625,151.19349670410156,59220000,25.0554650218014,25.0963861195441,23.843811420300632,24.59036636352539,518925000,170.27537434014533,171.08756258764447,168.61186289898112,170.8625030517578,86213900,136.80891748564943,137.17119061239825,133.56648213006187,136.85208129882812,51204000
2022-02-02,299.5927839251801,304.9048061197376,298.867096542173,303.2986145019531,36636000,325.54597109978323,325.72471519446594,314.6719174183467,320.7593994140625,58458300,155.05050659179688,155.0749969482422,148.86349487304688,150.6125030517578,87330000,25.74413394762899,25.76708829461429,24.505532004420324,25.193201065063477,543419000,170.99945285212843,172.10520516503925,169.60993119295432,172.06605529785156,84914300,150.73296985374967,150.96772041182237,144.47391416763952,146.93446350097656,89750000
2022-02-03,299.4572180160596,301.140832317367,290.2361542912409,291.4843444824219,43730000,242.95290740109166,246.27967520393452,234.11465092470792,236.11070251464844,188119900,141.7375030517578,144.24749755859375,138.33299255371094,138.8455047607422,225532000,24.410713264329317,25.028515976458163,23.734024607139915,23.90169906616211,410178000,170.73530076821885,172.45753715088262,168.42595056253245,169.189208984375,89418100,144.21334516088166,148.00759502448037,141.14635239418,141.58853149414062,56930000
2022-02-04,290.47807776902533,298.78961201270425,290.24586730318873,296.0223388671875,35096500,233.3400539489898,240.92705595132773,228.5137663432525,235.44534301757812,89342200,155.60650634765625,161.1999969482422,150.60800170898438,157.63949584960938,253456000,23.925654836755538,24.587373159445693,23.586312009547193,24.271984100341797,354829000,168.20939100229583,170.5804825811808,167.22960653014735,168.90504455566406,82465400,141.95232415946552,143.45927123161638,138.77664902396063,141.9513397216797,49224000
2022-02-07,296.244875824076,297.8607227658091,290.1781120131645,291.194091796875,28533300,236.05109323987932,236.64693715449368,222.45605712612533,223.34982299804688,88613800,158.52000427246094,162.6909942626953,157.25,157.9355010986328,102624000,24.32488595844135,25.13331960546064,24.15521451117444,24.680198669433594,376868000,169.36554243968104,170.4335039135459,167.4941505320522,168.18980407714844,77251200,142.63918095821072,142.7756543324009,137.66648255462243,137.90370178222656,44610000
2022-02-08,291.48434523681885,295.65462512508105,290.2264992927546,294.6870422363281,32421200,219.31799930165315,224.20386810473175,214.65059044744515,218.6526336669922,94729700,156.75050354003906,161.79249572753906,155.55050659179688,161.4134979248047,76040000,24.311905294054206,25.18122165390177,23.933638315079907,25.059457778930664,410359000,168.2583925780297,171.80522273077705,167.96445422996524,171.2957305908203,74829200,137.95656098774955,138.79610473280962,135.85407435024604,138.17665100097656,34256000
2022-02-09,299.82487205833485,301.81809022782,297.4252856560795,301.1214294433594,31284700,222.6447597583816,231.75114721199498,220.6685737472987,230.39065551757812,86563300,162.87350463867188,163.83450317382812,160.25,161.1894989013672,68786000,25.5724671951491,26.673335511065854,25.30398812548044,26.65337371826172,524282000,172.49109962767872,173.0789614781724,171.36433825115836,172.71644592285156,71285000,139.8012132567481,141.11710373666713,139.33198474953912,140.3999786376953,28628000
2022-02-10,294.1838580929357,299.0991653120137,290.95213535552574,292.5776672363281,45386200,226.686524634217,233.36983524763434,225.12740824872546,226.4879150390625,49310400,158.35000610351562,160.7165069580078,157.75,159.0034942626953,68268000,25.944741556292165,26.87294187560028,25.550504800745372,25.774070739746094,513200000,170.61964092504337,171.9325483260604,168.08200312375175,168.64047241210938,90865900,138.46151936934115,140.37814417291187,137.02231664149514,137.57069396972656,33018000
2022-02-11,293.3614411464584,294.42578816713433,284.68222196376286,285.47564697265625,39175600,226.87521985005384,228.82161518931338,217.2524352504062,218.0270233154297,46156900,158.13450622558594,159.0,152.73399353027344,153.2935028076172,77100000,25.865896651576726,26.10144045086066,23.727040089477473,23.902698516845703,605472000,168.8462728505392,169.58111126110254,164.64298876993468,165.23086547851562,98670700,137.71710270951854,138.24638194353167,132.2962577204164,133.13150024414062,38808000
2022-02-14,284.24684349682684,287.13993670756025,281.9053092038322,285.4369812011719,36359500,217.7886667974301,219.46694586676406,213.29009215094842,216.18983459472656,38184000,151.75100708007812,158.44850158691406,151.64999389648438,155.16700744628906,83230000,23.887726864389506,24.826907552973196,23.709072083831487,24.220083236694336,440424000,163.98653444619794,166.15186486791518,163.19291135712115,165.4660186767578,86185500,132.37267748599484,135.15283598369206,132.30965831855778,134.29278564453125,26792000
2022-02-15,290.28459536542493,291.04896470161543,287.39150201566304,290.72967529296875,27058300,218.94061199946717,219.61588760053033,213.56813725848932,219.46693420410156,42685500,157.60549926757812,158.0070037841797,154.6374969482422,156.510498046875,56440000,24.900768183290644,26.493683477952125,24.73608814997745,26.44378089904785,699869000,167.5137664381475,169.45373566949445,166.80832036305304,169.29696655273438,62527400,136.44810004456917,136.87340744199346,134.53049103791437,135.40989685058594,26578000
2022-02-16,289.29468550260657,291.7186447665817,284.7473355562415,290.39031982421875,29982100,210.93653210494622,215.95150368110467,210.8868759204417,215.03787231445312,45817500,155.79049682617188,158.83399963378906,154.7344970703125,158.10049438476562,52704000,26.208231811287334,26.530607279677454,25.502597989095346,26.45974349975586,732676000,168.37599760906474,169.8358671652493,166.61238225395954,169.0618438720703,61177400,135.41485121760454,136.91907211715204,133.81997117282248,136.4639892578125,25610000
2022-02-17,287.34575422063546,287.77237333129176,281.1792173127968,281.88702392578125,32461600,212.53539144000152,215.99124715160343,205.722977245562,206.2691650390625,38747500,158.14599609375,160.3489990234375,154.5,154.65249633789062,64032000,25.58044757027019,25.735148587356477,24.118281669763785,24.459619522094727,810595000,167.57254946752525,168.43476465088062,165.06430342539218,165.4660186767578,69589300,135.13644153659638,135.82080754578618,131.2178338894028,131.32354736328125,30968000
2022-02-18,284.13644314148104,284.9218034378094,277.6014595831245,279.17218017578125,34264000,207.93749393051652,209.28806043075434,203.75669137039452,204.7299041748047,37128400,155.49949645996094,155.49949645996094,150.89300537109375,152.60150146484375,63604000,24.620303993631182,24.937689936455428,23.055336814132236,23.596288681030273,761255000,166.3870146722984,167.0924457737123,162.83039207397334,163.91795349121094,82772700,132.04713705513697,132.8277811560627,129.3370098366061,129.4962615966797,31858000
2022-02-22,276.33126835156816,282.67235205770277,275.8464766527058,278.9685363769531,41736100,200.93639836684068,206.04074245924153,198.67221554938297,200.67820739746094,39852400,150.47850036621094,152.9824981689453,148.48550415039062,150.19749450683594,66128000,22.990466739591504,24.01747672423465,22.955534556689436,23.34477996826172,633422000,161.6448612037598,163.3202994694817,158.87206895600934,160.9982147216797,91162800,129.01734637178785,130.9188410316313,126.79004822871806,128.43917846679688,38906000
2022-02-23,281.35375501257334,282.8275409854315,271.5803655847503,271.74517822265625,37811200,202.74377678275914,205.50449113354318,196.67616031691193,197.07337951660156,44481400,151.65049743652344,151.76300048828125,144.6510009765625,144.82699584960938,64244000,23.755982820677037,24.10830099326957,22.257885303841995,22.343717575073242,566511000,162.1934979328617,162.79116699621056,156.52055301215938,156.83409118652344,90009200,130.10271636407296,130.76821149981333,126.55432525792351,126.63521575927734,26432000
2022-02-24,264.2212168610139,286.1822778670693,263.2613090468984,285.6296081542969,56989700,189.73462538971404,206.9046941439003,188.90045605790752,206.15989685058594,49957200,139.83749389648438,151.74899291992188,139.5,151.35800170898438,100786000,20.97436959630377,23.753985005383658,20.84961126769638,23.702085494995117,735801000,149.49552020889521,159.55791116992768,148.9272434071185,159.45013427734375,141147500,124.06945343759381,132.04662556021043,123.83571004042228,131.68582153320312,43166000
2022-02-25,286.1629874203798,288.5772417022503,282.77911971363164,288.2669677734375,32546700,203.5183647840356,209.8541125423845,201.77056393873042,209.01992797851562,37627600,150.5500030517578,153.99000549316406,149.2135009765625,153.7884979248047,62396000,23.675138387578873,24.1701778047602,23.33579559273523,24.110294342041016,528866000,160.5278794584224,161.78200234869726,157.61791846840168,161.51747131347656,91974200,132.5314781427655,134.38111553073816,130.78408597498338,133.51808166503906,26236000
2022-02-28,285.35815893426843,290.04126448899723,284.0880067320678,289.701904296875,34627500,206.23934870344502,211.67140537212006,205.39525411367887,209.5661163330078,34239800,152.4250030517578,154.4499969482422,150.85000610351562,153.56300354003906,57684000,23.945614559981106,24.617313720025166,23.661165729918974,24.337854385375977,477319000,159.76367431641097,162.07596656799925,159.1464052349538,161.7820281982422,95056600,132.292293746533,134.63075782305722,131.83646870873483,133.8868408203125,29676000
2022-03-01,287.3846078844976,290.84602885663736,283.2638770860494,285.9787292480469,31217800,208.41416290445198,210.28112651537154,200.81723570545105,202.07843017578125,27094900,152.7324981689453,154.0989990234375,149.9770050048828,151.14199829101562,44874000,24.244037444614957,24.329871618461585,23.087277797297364,23.431610107421875,412056000,161.37050993245586,163.23210951924372,158.69570233786408,159.9008331298828,83474400,133.478893852951,135.09774901994817,132.38559223355898,133.16921997070312,24640000
2022-03-02,286.37622044505133,292.3003920940344,284.7667375809277,291.059326171875,31873000,203.3594795827409,207.6991608900357,200.61863062333498,206.6663818359375,29452100,150.8489990234375,152.99949645996094,148.75,152.05250549316406,47334000,23.714109379928413,24.36595776316323,23.37371109259494,24.177289962768555,389642000,161.06675601055625,163.97671685818776,159.6558640904533,163.19288635253906,79724800,133.6061841875285,134.60593387533228,132.43918607442566,133.7483673095703,23966000
2022-03-03,293.6771882703284,293.90987886372875,285.10604328173724,286.919189453125,27314500,207.57007772587977,207.62965909439046,200.0227912203855,201.56204223632812,27263500,153.531494140625,153.9290008544922,146.8560028076172,147.89849853515625,65198000,24.219216091275733,24.28310431664372,23.42761517996613,23.672183990478516,365095000,165.06427499633645,165.4953825137644,162.2033064128783,162.8695526123047,76678400,134.96623245822585,135.6960643904196,132.43769626582628,133.30816650390625,19780000
2022-03-04,285.3387653764105,286.667090171543,278.43533489207505,281.0434875488281,32356500,200.96618413763912,204.46177065665356,197.41101625429653,198.67221069335938,32130900,147.15899658203125,147.85000610351562,143.8070068359375,145.64100646972656,60934000,23.342769336842796,23.63824694769257,22.442359346497184,22.895559310913086,431415000,161.16476749621853,162.20333673673338,158.82308299816066,159.87144470214844,83737200,132.3895573004322,133.19997678353596,129.43768270962033,131.138427734375,24446000
2022-03-07,279.75399609499914,280.8787167872422,270.05815866809127,270.4266052246094,43157200,199.39714934904097,199.49646172826948,185.9808712352933,186.1695556640625,38560600,145.44349670410156,146.09449768066406,137.41650390625,137.4530029296875,86934000,22.77676506442822,22.992385688642184,21.292387654278762,21.314348220825195,450821000,160.05758861933697,161.68403439715155,155.82491261205914,156.0796661376953,96418800,130.922069039704,130.922069039704,125.46896495743786,125.52305603027344,39178000
2022-03-08,269.3502646589374,275.32290213049015,261.78752575076174,267.4595947265625,48159500,186.54687934041166,195.33547726766005,184.81894436975182,188.96994018554688,37508100,136.68350219726562,140.69949340820312,133.57249450683594,136.01449584960938,91662000,21.271424341879477,22.33354729257822,20.613586007361604,21.476062774658203,557467000,155.60938587479396,159.58730866544224,152.65043241487155,154.2572784423828,131148300,125.31064659792504,130.2694566477041,124.9237928357571,126.33099365234375,35250000
2022-03-09,274.8187931136679,280.79143196991623,272.2396970446507,279.7248840332031,35204500,194.38219787476945,197.71889086123977,192.5748155619996,197.123046875,31894700,139.5,140.25,136.8280029296875,139.2790069580078,82656000,22.34752397571556,23.179055323683137,22.207771447985007,22.973419189453125,492742000,158.21559935544633,160.10659124427465,156.1874531828048,159.6558837890625,91454900,130.42180028913822,133.19947477971976,129.11957085055937,132.86944580078125,32258000
2022-03-10,274.41157459600157,277.8827008939295,272.0457879450381,276.9034118652344,30628000,193.48842180655208,194.9184351766103,189.74458461606886,193.85586547851562,24853000,145.68499755859375,148.67449951171875,143.97799682617188,146.8175048828125,135062000,22.49127084816649,22.7478176453068,21.843415073164238,22.6180477142334,428066000,156.9614757494235,157.14763719865718,152.82678391494153,155.31544494628906,105342000,130.4838404498871,132.544389967668,130.42280530507844,131.69427490234375,24266000
2022-03-11,279.2012682861542,280.70414052887327,270.9307218618932,271.55126953125,27209300,191.30365359610056,192.21726972763392,185.37506633949647,186.3085479736328,34694500,149.57449340820312,149.6750030517578,145.36900329589844,145.52450561523438,68900000,22.98140654078104,23.10419076158427,22.00712760972228,22.061033248901367,367209000,155.71717401765326,156.060104640192,151.37673500562354,151.60208129882812,96970100,133.0019488562682,133.20095673609262,129.32651261001283,129.50418090820312,26600000
2022-03-14,271.81307809759875,276.7191690212427,267.43057063229696,268.0317077636719,30660700,185.73259210732104,190.95609860681984,184.5309942307977,185.3353729248047,31010500,145.9810028076172,147.4499969482422,140.88400268554688,141.85299682617188,74086000,21.830436104622745,22.222742745585133,21.12168901899386,21.292387008666992,385354000,148.38838787929845,151.00441119995835,147.06568752183824,147.57516479492188,108732100,129.60096695902467,130.05059757638782,125.47193939245228,125.79749298095703,30254000
2022-03-15,271.8228270355456,279.06561927939794,270.25210599773294,278.4159851074219,34245100,189.47645828108818,190.94618754859334,184.62037992402477,190.6979217529297,31721700,142.85000610351562,147.98500061035156,142.0,147.3665008544922,75584000,21.480055192344064,22.99737530841706,21.284401668232853,22.9324893951416,491996000,147.8494883910694,152.4250955746164,147.34001116939965,151.9547882080078,92964300,126.79054616465082,129.54562410114278,125.62578206944592,128.6952667236328,30292000
2022-03-16,280.3163301409905,285.61027846312476,274.58611649550784,285.4357604980469,37826300,193.34937665165634,202.31673495935266,193.17063257251073,202.21743774414062,40640300,148.5,153.14999389648438,147.35350036621094,153.10400390625,84958000,23.45856243097872,24.553628211845854,23.131141677093435,24.45280647277832,671422000,153.8751690879972,156.76553056777536,151.3375306500096,156.3638153076172,102300200,130.02477486551737,132.77514237118967,128.2391714593981,132.69525146484375,32058000
2022-03-17,284.3691589056267,286.61857018444255,280.5683784873846,286.2404479980469,30816600,200.3008320695021,206.5968487329181,199.71492845430384,206.3982391357422,29499700,152.6405029296875,157.49850463867188,152.13999938964844,157.23899841308594,72934000,24.077467438937035,24.798192476295053,23.863844107563466,24.722328186035156,471941000,155.40360925613626,157.74529344907543,154.44342469949348,157.3729705810547,75615400,132.32851000495455,133.7364529709757,131.73098654036724,133.59848022460938,23994000
2022-03-18,286.38593157017544,291.8446925132739,283.826245999044,291.2920227050781,43390600,205.26613926161622,215.2960826094458,204.57099812382236,214.9882354736328,52128000,156.81300354003906,161.593994140625,156.01100158691406,161.25050354003906,102962000,24.755270261820684,26.5221495744112,24.5805796111346,26.406352996826172,730719000,157.2652159266267,161.15496186500974,156.53037749922927,160.66506958007812,123511700,132.8873195276815,135.89426205846607,131.94241069527084,135.78309631347656,45900000
2022-03-21,289.79880052322176,291.01077978950843,285.9301425844851,290.0605773925781,28351200,213.01204862783814,213.22059855952324,206.18970954170595,210.02293395996094,30142300,161.12100219726562,163.08399963378906,159.55299377441406,161.4915008544922,66538000,26.460263898678804,27.10412711770942,25.92121509093624,26.68686294555664,591727000,160.2045664067095,162.9871658912754,159.71467413165345,162.03677368164062,95811400,135.82873486819136,136.5582637259329,133.6093732604231,135.4624786376953,26632000
2022-03-22,290.68114890416,295.7229954158394,289.68247898846056,294.81158447265625,27599700,209.90376791475666,217.93766087896697,208.72202025875447,215.1471405029297,31998800,161.8054962158203,166.16700744628906,161.69900512695312,164.88900756835938,64086000,26.679871236174723,27.189971767703643,26.026027424283942,26.477230072021484,547007000,162.164127307338,165.9950882926474,161.5762655771906,165.4072265625,81532000,135.48384016666185,140.4466181947447,135.48384016666185,139.23321533203125,29776000
2022-03-23,291.36960955369653,294.0068784229763,288.66446272341494,290.380615234375,25715400,211.85017549876554,215.29610603491705,210.68829336640334,211.97927856445312,23717300,163.7050018310547,166.3699951171875,162.68699645996094,163.4080047607422,55812000,26.079931563168326,26.56507466192013,25.529904449568786,25.58880043029785,502120000,164.5940116285297,169.15000379737148,164.2608735199057,166.76913452148438,98062700,138.1026945773964,138.98258501724257,137.13793046033973,137.472412109375,25302000
2022-03-24,290.0412760670834,294.9473671178432,289.2462103485092,294.85040283203125,24484500,213.5085842412719,219.1392506677934,213.30003430564892,218.04689025878906,31502300,163.74949645996094,164.11849975585938,160.0500030517578,163.64950561523438,56798000,26.119860134581526,28.27006117432525,25.861316069512192,28.100360870361328,877379000,167.60197064721902,170.61970935790146,166.76916261119956,170.55113220214844,90131400,138.23568781136788,140.34386859391884,137.01175920908702,140.25999450683594,20544000
2022-03-25,295.9459874387846,296.20776433611707,290.18665898274526,294.443115234375,22566500,218.98032469389216,223.93571470041402,217.37156742392068,220.28125,40039000,164.0,165.36849975585938,162.25,164.77349853515625,49032000,27.83682564076314,28.307993440069914,27.222910357307455,27.64316749572754,579016000,170.36494232979024,171.73663471959298,169.25778100424003,171.18795776367188,80546200,140.69873918568095,140.90271471411023,138.65952912852086,140.4679718017578,19270000
2022-03-28,295.0733315627351,301.34653794936406,295.0733315627351,301.2496032714844,29578200,220.5891376509777,222.48587688273557,218.01709239793314,222.03900146484375,26224100,164.97500610351562,169.03750610351562,164.89999389648438,168.99049377441406,59854000,27.70705614407583,28.200184516498037,27.158024860655512,28.169239044189453,425494000,168.68948719730128,172.17751745210523,168.52292563460833,172.05015563964844,90371900,139.6371978702013,140.919587238595,138.78723420122037,140.89328002929688,23774000
2022-03-29,304.36203066251414,306.21393912796776,299.64983837259945,305.81640625,30393400,224.50180014859438,229.28835679181603,223.7271969282728,228.2655029296875,31417900,170.38400268554688,170.8314971923828,167.86849975585938,169.31500244140625,66154000,28.644403356385414,28.894960233335265,27.93066392483216,28.605472564697266,488984000,173.11813946075333,175.39123190730578,172.77520887835874,175.34225463867188,100589400,142.0947671698026,143.08930681887722,141.42328971717996,142.18359375,28678000
2022-03-30,304.21654187968613,306.33993220572023,302.10282726832855,304.3134765625,28163600,227.32208418810893,229.546535896173,225.13734833785708,226.26943969726562,25588000,168.50950622558594,168.95050048828125,165.5,166.30099487304688,56168000,28.254093909967974,28.445754802964743,27.454505676769504,27.641176223754883,463487000,174.94054611178674,175.97911541230812,173.12793859273035,174.1763153076172,92633200,141.8064421019281,142.412401536478,141.10967205079334,141.58262634277344,21046000
2022-03-31,304.3522806882295,305.55458445151703,298.5251034770213,298.93231201171875,33422100,226.86525534326952,226.90498635172153,220.7181925146224,220.8175048828125,24192300,166.44500732421875,166.4949951171875,162.95350646972656,162.99749755859375,59966000,27.73301213113302,28.19819004641193,27.221915798943442,27.237886428833008,523440000,174.24490046314256,174.43106194071976,170.87443883843048,171.0802001953125,103049300,141.38806838856462,141.58260845238024,138.57963380751463,138.6099090576172,29516000
2022-04-01,299.96013953034355,300.697032696906,296.2466465454115,300.0086364746094,27110500,222.99233071349855,225.7033888379623,221.15515784665132,223.29025268554688,19544800,164.14950561523438,165.82699584960938,162.3195037841797,163.55999755859375,57090000,27.326730894613775,27.447517830165626,26.220684779158603,26.664899826049805,517235000,170.51191638497735,171.3447392929013,168.46417011530542,170.7862548828125,78751300,138.96772201512198,139.90072682260734,137.76375446153696,139.652587890625,23480000
2022-04-04,300.65813736226033,305.525435773219,300.2896909060564,305.38970947265625,24289600,224.41241418163085,232.72436333956819,224.29325144843688,232.26754760742188,28054800,164.125,168.39450073242188,163.20550537109375,168.34649658203125,49882000,26.680870583661918,27.509406950687776,26.566073594108467,27.311756134033203,397120000,171.04097225778014,174.88172536504146,170.91359549990895,174.83273315429688,76468400,139.7761508845711,142.97143927267746,139.7761508845711,142.57318115234375,19076000
2022-04-05,303.7414225568673,305.29276212664746,300.44484446442266,301.42413330078125,23156700,232.45621733585187,235.2169316018234,229.4174466080516,230.23175048828125,29727200,167.7415008544922,168.11050415039062,163.26600646972656,164.05499267578125,53728000,27.205943962554,27.27082988410383,25.774472454795866,25.885276794433594,436615000,173.91176443413826,174.6955950948926,170.89402610794616,171.52108764648438,73401800,142.33201773142036,142.52109041196036,139.89429172680056,140.01290893554688,19256000
2022-04-06,295.9072534761738,297.6621976161441,287.6851730006055,290.39031982421875,40110400,225.33596570060982,227.40153889568887,219.8741183102283,221.75100708007812,28995100,161.65049743652344,162.1999969482422,157.25450134277344,158.75599670410156,79056000,24.89003332893193,25.25538717602562,23.960675226004746,24.363962173461914,703833000,168.87565359700926,170.1199840728932,166.69073839236125,168.3563690185547,89058800,138.12553913653198,138.80742138904358,135.4025688311033,136.15481567382812,23574000
2022-04-07,287.63663922691137,294.4140182952895,287.3360707147367,292.203369140625,31411200,222.3766247719894,223.95560670287298,217.04388048466566,221.40342712402344,21037200,158.39999389648438,160.07899475097656,154.51150512695312,157.7845001220703,68136000,24.397904594724462,24.6784092608977,23.436603251438946,24.165315628051758,557992000,167.69992580849703,169.85544881098227,166.41641045043957,168.6601104736328,77594700,135.60094228983345,136.6763874321698,133.85330796369908,135.44908142089844,19448000
2022-04-08,291.30165053832746,291.9609601748586,287.2681798847174,287.93719482421875,24361900,220.83739117412068,223.56831487406782,218.50368667844387,220.78773498535156,18375700,156.75,157.36849975585938,154.2310028076172,154.4604949951172,46002000,23.874832859073425,23.880822798634682,23.02134072704367,23.07823944091797,524781000,168.30738857225097,168.30738857225097,165.77954264267717,166.65155029296875,76575500,135.2357242722811,135.2357242722811,132.75681864876051,133.0128936767578,16434000
2022-04-11,282.9148149628091,283.7098510494845,276.3313338468451,276.58343505859375,34569300,216.90486095018167,219.07967176886117,213.72706176092154,214.95846557617188,20516600,152.71299743652344,154.13650512695312,150.5345001220703,151.1219940185547,52112000,22.174832229313022,22.28064432124628,21.621808207745975,21.878355026245117,575207000,165.29944535757966,165.61296861541499,162.1543306146452,162.39927673339844,72246700,131.91064286590625,131.94955087865642,128.65257765810549,128.8302459716797,24188000
2022-04-12,280.44234644172155,281.89672181810613,271.95849007947834,273.4807434082031,30966700,218.71224794767295,220.48982443539919,211.65156788222686,212.65455627441406,20128800,153.6925048828125,155.0989990234375,150.38299560546875,150.78750610351562,55178000,22.497259071532707,22.684927279513232,21.244471063259667,21.466079711914062,662258000,164.62341397476007,166.43600652884118,163.2713064320056,164.27069091796875,79265200,131.43769254156453,131.43769254156453,126.62628271204856,127.41883850097656,23004000
2022-04-13,274.13042443050927,279.8024656994452,272.74389717939255,278.8716735839844,21907200,210.3506337496348,215.10739934568304,209.8640273741091,213.49864196777344,19231800,150.01849365234375,156.02499389648438,149.60000610351562,155.54100036621094,53390000,21.689686094459127,22.460324131590653,21.417166779097364,22.163846969604492,516943000,164.00613046155772,167.58233798502656,163.39866884231074,166.9552764892578,70618900,127.66895485008241,129.68309949549987,127.48245689037394,129.31610107421875,19542000
2022-04-14,279.3273746344273,279.54068423967755,270.8241359315861,271.318603515625,28221600,213.399334103251,213.49864647682404,208.54325603316772,208.7220001220703,18379500,155.38999938964844,155.89700317382812,151.4720001220703,151.7064971923828,51598000,22.465317170334803,22.736838829968864,21.125684399232618,21.220516204833984,569097000,167.17086270518294,167.807731737905,161.7036622205432,161.9486083984375,75329400,129.67690954398194,129.73720257654543,126.16524553120074,126.3056869506836,23484000
2022-04-18,270.4265639610484,273.8685738866559,269.8738942106014,271.9875793457031,20778000,208.54325950228275,211.89981776607013,206.85505519404293,209.30792236328125,16580800,151.52349853515625,154.0395050048828,150.25050354003906,152.78500366210938,46514000,21.162616730014566,22.049049416277743,21.041829811732452,21.74458885192871,525701000,160.60627109784113,163.23210129361956,160.2633554980497,161.7330322265625,69023900,126.46152973079842,127.75383923532786,125.63616941632264,127.0084228515625,14918000
2022-04-19,270.88224409138223,277.46572436879006,269.94174690889537,276.6221618652344,22297700,209.0596591305934,216.91477715151493,207.5501988958004,215.80255126953125,20089900,152.0294952392578,158.6490020751953,151.55050659179688,158.11549377441406,54926000,21.681699582090733,22.33354799958623,21.276415360813395,22.158857345581055,512781000,161.68402299396155,164.4274222551572,160.59646173132168,164.01589965820312,67723800,127.12353902620332,129.92924725515346,126.50269955944287,129.5592803955078,22720000
2022-04-20,280.5974443146908,280.8883371030893,276.6900241975138,277.64990234375,22906700,212.12819758778258,212.674385292964,197.54009903644246,199.02969360351562,43036500,157.6024932861328,157.6024932861328,153.60350036621094,153.9980010986328,59630000,22.477293204743273,22.630023279185664,21.16261619627235,21.44411849975586,468974000,165.34841899344127,165.46600329408383,162.74220370933205,163.84934997558594,67929800,130.30668046770282,130.94141572489315,126.94197022406631,127.29080200195312,22610000
2022-04-21,279.80239086732644,284.37882612930093,271.5415501745788,272.26873779296875,29454600,200.20153948544436,201.56203116820575,184.29266339015666,186.76539611816406,49954100,154.71400451660156,156.73800659179688,147.58949279785156,148.29600524902344,63970000,21.670717529613366,22.35251367670244,19.964731581536245,20.147409439086914,656209000,165.49542471534926,168.06245565058305,162.5560708382442,163.05575561523438,87227800,128.38707343209768,129.3374345183611,123.72205754986155,124.00741577148438,30158000
2022-04-22,273.1123477234531,274.58613398289475,265.06481431264797,265.6950378417969,29405800,189.04942502299562,191.3831294620627,181.99868582411173,182.83285522460938,36426800,148.25,149.61500549316406,143.69749450683594,144.35000610351562,73078000,20.26719955217862,20.44987743487539,19.465615971491907,19.480588912963867,624713000,163.09498690506743,164.47647213215333,158.23524764386613,158.51937866210938,84882400,124.06945514766316,124.51809375058207,118.25357827603916,118.72354888916016,46410000
2022-04-25,264.9774598454801,272.55957966503286,262.53409070181135,272.18145751953125,35678900,181.46244249034362,185.88157089937965,180.39987269787414,185.69290161132812,29281100,144.0229949951172,146.22149658203125,142.30650329589844,146.07400512695312,61874000,19.168138831768125,19.90982865501306,19.06232675761767,19.866905212402344,641566000,157.8628955248933,159.87145701566283,155.25667975939896,159.5873260498047,96046400,118.54042678238903,122.36028045188054,117.88509406779022,122.33248901367188,34522000
2022-04-26,269.0594525267125,269.89328023075717,261.7875754313959,262.0008850097656,46518400,185.33538515455388,185.8914981079493,178.25483986956792,179.6947784423828,31747400,144.8000030517578,144.8560028076172,138.92950439453125,139.39100646972656,77530000,19.683233812845796,19.753110084844213,18.637081301820754,18.754873275756836,653143000,158.9700254572649,159.05820246882445,153.55181869779824,153.6302032470703,95623200,121.83620195877269,121.83620195877269,118.27476349821964,118.61634826660156,49394000
2022-04-27,273.5196006446066,282.1198043655611,270.66902185598894,274.60552978515625,63477700,173.21999209687453,179.95297396586366,167.8276666489614,173.73638916015625,71062900,140.19149780273438,141.94850158691406,135.7834930419922,138.16700744628906,71336000,18.56520811905012,19.13320511845519,18.257752516127315,18.382532119750977,499460000,152.75821530720194,156.55976925790796,152.23893068313222,153.40487670898438,88063200,113.52156674047187,116.62528712088584,112.28211410279226,114.16424560546875,62238000
2022-04-28,276.515542164648,282.129439349792,272.898984777169,280.82049560546875,33646600,201.51236675769346,207.08345147435523,191.5618700393527,204.30287170410156,100890600,142.17799377441406,145.9375,140.3000030517578,144.59649658203125,117316000,18.933554552267157,20.001669421051762,18.457396362070916,19.74711799621582,570327000,156.03070106321982,161.194170207573,155.7171628080034,160.3319549560547,130216800,116.24315487819466,119.54191521421045,114.28672854739176,118.5225601196289,36790000
2022-04-29,279.8315053530754,281.0628954479974,268.08986229591125,269.0788269042969,37073900,203.04171931279444,211.0060756892692,198.51333815204498,199.0793914794922,49193400,129.8489990234375,130.76100158691406,121.625,124.28150177001953,272662000,19.36779142646502,20.09251119840402,18.484351602327767,18.514299392700195,500435000,158.568327600733,162.84018882642286,154.07112011517893,154.46302795410156,131747600,116.70271958035475,118.07442777146485,113.84018621276864,114.11065673828125,33694000
2022-05-02,269.2631089235298,276.27321045257355,267.81843852952846,275.8175048828125,35151100,199.77450522946864,210.4102178692344,199.59576114199825,209.66542053222656,49915300,122.4010009765625,124.66799926757812,118.375,124.5,148788000,18.508308488040186,19.53948612130761,18.358573351962736,19.498559951782227,572049000,153.5420538968097,155.0313157503038,150.17159242252777,154.76678466796875,123055300,113.05853784970085,116.46597994119503,112.5553083971859,116.28483581542969,30280000
2022-05-03,275.3230056361228,275.4878479002829,271.62889375112417,273.2093200683594,25978600,208.99014717021623,213.40927537457003,206.6465174147809,210.55918884277344,41556300,124.05349731445312,126.22049713134766,122.82499694824219,124.25350189208984,79134000,19.36578895282095,19.790040634737174,19.09925959232835,19.567432403564453,475751000,154.9528969165434,157.46115753940876,153.15990462040372,156.25601196289062,88966500,115.89576265591572,118.4118949240734,115.75878948827263,117.25010681152344,21216000
2022-05-04,273.99461437075183,282.0324703593983,268.31286891823476,281.15985107421875,33599300,209.1887491007281,222.74407035940482,205.52435875990173,221.86024475097656,41375900,123.5999984741211,126.0,119.18299865722656,125.92849731445312,110746000,19.887868830192616,20.364026989571897,18.717934609583033,20.29814338684082,648855000,156.44219580516028,163.1145261346623,156.04048055543203,162.66383361816406,108256500,117.12504284413512,122.2262785018127,114.8769048965248,121.66250610351562,33232000
2022-05-05,276.8548930460878,277.64025334846656,265.99554553295394,268.91400146484375,43260400,217.22265296779887,218.64272609094522,204.72991591258807,206.835205078125,41129200,123.0,123.4990005493164,115.07250213623047,116.40699768066406,144392000,19.83196677519654,19.88986315661059,18.46737678729166,18.81077003479004,626331000,160.5376906280676,160.76303686900772,151.8175999162394,153.60081481933594,130525300,119.32554082473231,120.33075791991476,114.32505073378451,115.87740325927734,43090000
2022-05-06,266.4512719319163,270.7562255668046,263.0189376361337,266.37371826171875,37780300,205.90170328237653,207.9275605290676,199.62555225514092,202.35647583007812,34747200,114.8499984741211,119.05049896240234,113.08149719238281,114.77249908447266,124260000,18.702962121693464,19.47759284066745,17.958277283967274,18.64206886291504,633297000,153.08071539567254,156.44632072177137,151.28507409487776,154.32687377929688,116124600,114.65902395613811,116.62378752267509,113.29326803880778,114.79898071289062,35310000
2022-05-09,261.84573831970226,264.0757687100623,255.31075448225116,256.53240966796875,47726000,198.45374711598748,201.1648205739182,194.22330332061387,194.84893798828125,36303200,111.3125,114.0,107.95700073242188,108.78900146484375,128124000,18.00220081323754,18.222809887329202,16.79732840064044,16.92011260986328,644455000,152.0210492953049,152.90416000742098,148.6456508199546,149.20494079589844,131577900,112.46003592271695,114.70261576616211,111.71363510132933,112.24217224121094,34520000
2022-05-10,263.42615521933493,265.42349495118094,257.00751689764115,261.3027648925781,39336400,198.12604417981822,201.55212452552124,192.8429555526192,196.27894592285156,34452500,111.25,112.64250183105469,107.1709976196289,108.85900115966797,105434000,17.657806577427667,18.16590978890649,16.99497790989981,17.56397247314453,761474000,152.599963074193,153.7970575708187,150.05858149525076,151.60891723632812,115366700,115.1766534784488,115.82231597225426,112.53923846850854,113.73149871826172,31158000
2022-05-11,257.59893757945724,263.10616476658646,251.41299010553567,252.62496948242188,48975900,194.9681017385989,199.27799243110317,186.96401469453613,187.43075561523438,31153400,108.10350036621094,110.15599822998047,104.42849731445312,105.37200164794922,109704000,17.316412260690328,17.72169650040984,16.538786536925784,16.600675582885742,670167000,150.61789721596364,152.53128118939546,143.07228159830737,143.74932861328125,142689800,112.86400923317011,115.8024654597424,112.80395852195956,113.11264038085938,36502000
2022-05-12,249.85199770937754,251.97538813892353,242.41529334839248,247.5831756591797,51033800,185.76240936095664,196.67617994764143,183.49822636026158,189.91342163085938,38262200,102.75,110.78050231933594,102.40550231933594,106.93049621582031,132026000,16.190399781878746,16.75839666865511,15.539550023935458,16.14647674560547,708728000,140.08939498593494,143.45498708775622,136.19393338715008,139.88333129882812,182602000,111.10470071914486,114.00146967224408,109.29378185929983,112.31859588623047,41464000
2022-05-13,249.52239881358048,255.03933304619025,247.58323119830393,253.17771911621094,34925100,191.24409306072036,198.50338187615907,189.95310800388307,197.2421875,24549800,109.06900024414062,113.18399810791016,107.80000305175781,113.05500030517578,93684000,16.758395637485194,17.896384717582276,16.56373981104597,17.674776077270508,670437000,141.87518108716213,145.3192870677171,140.42297369266063,144.34786987304688,113990900,113.99055846758641,117.20594475627321,113.15135542878694,115.64813232421875,29738000
2022-05-16,252.0529298587127,257.7347048140357,248.00007774550323,253.5460968017578,32550900,195.68310969161757,203.94538776702177,194.57086858599118,198.65235900878906,27112600,113.0999984741211,113.99250030517578,110.35399627685547,110.81050109863281,74566000,17.478125554261457,17.75663289781755,17.07583632290922,17.233556747436523,521446000,142.81717961196202,144.75019240669823,141.47289233038416,142.80735778808594,86643800,114.52503847826414,115.73942577678814,113.4838440753947,113.93794250488281,23282000
2022-05-17,258.0158590570985,260.168335678037,254.47688508920922,258.70428466796875,28828800,200.717915455325,204.0347578335047,196.98400353286522,201.21444702148438,24872700,113.2750015258789,115.80000305175781,111.27649688720703,115.36849975585938,76448000,18.042129937144267,18.33860712731935,17.60290714990144,18.144948959350586,585830000,146.0650115425021,146.95792901438662,143.9259353445969,146.43788146972656,78336300,116.3548183956085,116.3548183956085,114.47888882248881,115.83273315429688,21576000
2022-05-18,255.59441054369825,256.1775215944614,245.65247241501044,246.9255828857422,31356000,198.61261226508478,199.6056753264102,190.3006792907317,190.9064483642578,23960000,111.43949890136719,112.85299682617188,106.2490005493164,107.11250305175781,108380000,17.67378227574179,18.08605417628394,16.834265532095618,16.90813446044922,545161000,144.09277542323014,144.59319436014727,137.27325546059197,138.17599487304688,109742900,114.37964107756378,114.83437565155293,111.30718016760673,111.56425476074219,27982000
2022-05-19,246.75064893827593,250.4145118299985,244.7875390054142,246.01205444335938,32692300,189.8736711661357,193.93529581114845,188.28477921859724,189.96304321289062,24446900,106.28050231933594,110.03399658203125,106.19300079345703,107.31900024414062,88142000,16.90713478134416,17.655812285056605,16.704491716469843,17.09380531311035,621310000,137.2536291483144,139.00020681352638,134.03521536260072,134.77113342285156,136095600,111.00842338816487,112.741920008228,109.64564334675333,109.92107391357422,29192000
2022-05-20,249.99660787697098,251.26002017736235,239.50072692589913,245.44839477539062,39199300,193.6175062700501,196.53711409468445,186.56675247378425,192.19741821289062,31465600,109.56849670410156,109.89800262451172,105.0094985961914,107.59100341796875,99500000,17.301441630973102,17.37930322099408,15.727221518406013,16.664566040039062,739105000,136.47845848613497,138.0582299092985,130.1201304167111,135.00662231445312,137426100,111.25110445801242,111.71214700448216,105.58112851026546,108.4992446899414,37586000
2022-05-23,248.2959145287571,254.13667953053155,246.29390757961752,253.31060791015625,33175400,193.83599542267453,195.62351209328918,189.91339907653796,194.8687744140625,25059200,108.46099853515625,108.81900024414062,103.94999694824219,107.55699920654297,107798000,16.245307554637872,16.885178156912975,16.15047573412626,16.868207931518555,639889000,135.202883911534,140.57018180016163,135.06551311431642,140.42300415039062,117726300,109.2843444916302,111.1716935586173,108.34166954116641,110.83521270751953,31558000
2022-05-24,250.62836356197613,253.97147296907548,246.36196267456333,252.30963134765625,29043900,179.29757477627385,182.40585247871965,174.88837147364822,180.0225067138672,50406300,104.0250015258789,105.4000015258789,101.26000213623047,104.0999984741211,102934000,16.48089009745048,16.56773659401327,15.75217672510654,16.125516891479492,588550000,138.1661878220446,139.30441157484717,134.75153153593112,137.72463989257812,104132700,105.58558998260682,105.6029539511262,101.4471270014987,105.137451171875,60386000
2022-05-25,250.87127199454082,257.12990628779517,249.88970222522656,255.12791442871094,28547900,179.14859492045568,184.16356710269176,178.07610000083076,182.5548095703125,28030200,103.65550231933594,108.17500305175781,103.6500015258789,106.7750015258789,93120000,15.991750587212342,17.08082630804417,15.971785398507762,16.945066452026367,781132000,135.8308524536192,139.12776621000188,135.742545873108,137.88162231445312,92482700,104.35928788625647,105.75154805646027,103.4354686838197,105.05159759521484,37900000
2022-05-26,254.88492936958542,259.58863995946916,254.06858584488728,258.4127197265625,25002100,181.61138743549637,191.49236240543442,180.99567799980568,190.30068969726562,23056500,107.97000122070312,112.66549682617188,107.45349884033203,111.07749938964844,93002000,16.00772274521179,18.06009712140226,15.993747492579688,17.819522857666016,996575000,134.8103917996885,141.62989697300142,134.56508575048807,141.08041381835938,90601500,105.26101721995352,108.14414771940906,104.70270469181337,107.48979949951172,30288000
2022-05-27,260.92010410159867,265.643241139635,260.0259965721128,265.5460510253906,26910800,190.0325607294829,193.97502255882603,188.48338467468687,193.7764129638672,22562700,113.55000305175781,115.18699645996094,112.62799835205078,115.14649963378906,93660000,18.15393222834226,18.847706383566344,18.068083436188743,18.777830123901367,738379000,142.6601657784012,146.869610416665,142.5326018592053,146.8303680419922,90978500,108.97119510009125,112.02776856109718,108.73447566378962,111.95928955078125,29924000
2022-05-31,264.8560798770332,267.03299630860687,261.3574429989598,264.21466064453125,37827700,193.53805118598245,196.22925863503252,190.67802484203835,192.29672241210938,26131100,116.27999877929688,121.99449920654297,115.67500305175781,120.20950317382812,144634000,18.94652985213168,19.16614311852199,18.31764164379846,18.639074325561523,664100000,146.27108722583742,147.8312299883083,144.08294665114528,146.04539489746094,103718400,112.23721089180535,115.56673888073168,111.734481176105,113.1900634765625,51302000
2022-06-01,267.4508644163128,269.8707409098893,262.436157371953,264.7491455078125,25292200,195.14683847181115,198.14589349403096,183.716686817317,187.33143615722656,36623500,122.25599670410156,125.17900085449219,120.62249755859375,121.68399810791016,127528000,18.690983767171357,19.01940218977042,18.09004412210462,18.287694931030273,544514000,147.08544467274558,148.89090788101987,144.907126593916,145.9178009033203,74286600,114.07591068775803,116.52504049374802,112.70518706116705,113.28732299804688,28630000
2022-06-02,257.00356501404997,266.9163331602478,254.2338100694297,266.8482971191406,44008200,187.14273921918476,199.54610286315108,186.42773257091963,197.48052978515625,31951600,121.68399810791016,125.61000061035156,120.04499816894531,125.51100158691406,100560000,18.259747943212208,19.584407883815693,18.165913818116607,19.55745506286621,648656000,145.05436821890447,148.42978169809749,144.10257959347064,148.37091064453125,72348100,113.3379567488017,117.02033758337525,112.4645028634996,116.86946868896484,27472000
2022-06-03,262.69852941102215,265.7501266065524,260.85203609962264,262.41668701171875,28059000,194.6205141545029,195.2461487952102,188.46352558358373,189.4565887451172,19465000,124.19999694824219,124.4000015258789,121.04650115966797,122.3499984741211,97604000,19.04835384760268,19.297913027935877,18.489339912786797,18.68699073791504,598779000,144.14179449565412,145.19171132509297,141.74762059734428,142.6503448486328,88570300,115.12902196130963,115.49825433222765,112.82182511407755,113.7111587524414,25052000
2022-06-06,264.39935102940996,266.45965147122394,259.69563897248617,261.18255615234375,22400300,192.64432063982002,195.55398831610356,187.09308626734085,192.9025115966797,30574200,125.25,128.99000549316406,123.80999755859375,124.79000091552734,135269000,19.105254520476123,19.302905366003518,18.53126758487554,18.75287628173828,422406000,144.2693611343495,145.78045445382116,142.17934925780943,143.3960723876953,71598400,115.87343213288153,118.50965827025381,115.6608238461561,116.13943481445312,23786000
2022-06-07,259.1319252881435,265.4391694080939,258.45162412939817,264.826904296875,22860700,190.5986047413895,195.16670133175938,190.1616696801112,194.2928009033203,18828700,122.01000213623047,124.0999984741211,120.62999725341797,123.0,85156700,18.43942965955534,18.96649855003817,18.15593002204157,18.892629623413086,388914000,141.6396644479589,146.20234922339836,141.39435849288608,145.9178009033203,67808200,114.78707989999292,116.87208894831058,114.26847047487584,116.35680389404297,26414000
2022-06-08,264.0591896604282,265.3128741834113,262.0183154658259,262.7958068847656,17372300,193.3196042963057,200.62854978866102,193.06141332875293,195.27593994140625,22267200,122.61000061035156,123.75,120.75,121.18000030517578,64926600,18.76981947875276,19.15022859840962,18.506229327517012,18.619054794311523,363252000,145.79026939576806,147.05604181726716,144.6913032640919,145.18191528320312,53950200,116.0064371237209,117.76276512980755,115.82801912123996,116.36524200439453,22544000
2022-06-09,260.2397199822008,265.0308915383597,257.17842513828543,257.33392333984375,26439700,192.9323054091504,198.0664400188012,182.40583007585803,182.72361755371094,23501600,119.98999786376953,121.30000305175781,116.0999984741211,116.1500015258789,67029800,18.45231168223878,18.90360967908765,18.012994188635677,18.019983291625977,395574000,144.31844471982856,145.17210490927135,139.85387199936835,139.96180725097656,69473000,115.47541063507776,117.46895777798171,114.0118848082445,114.06250762939453,23142000
2022-06-10,253.24253313611206,253.24253313611206,245.41921820228913,245.86627197265625,31422800,181.7702481006762,181.82984461020973,173.80589360848077,174.35208129882812,27450800,113.41999816894531,114.5,109.05000305175781,109.6500015258789,87266000,17.572678573964275,17.669528115431987,16.84281246150541,16.947650909423828,465248000,137.64608608075142,138.11706935567418,134.48654395741318,134.55523681640625,91437900,111.94166626726074,112.65208960540404,110.03571135172886,110.59799194335938,31324000
2022-06-13,238.20817089954593,242.00807632258994,234.728975085956,235.43841552734375,46135800,169.4066517176232,171.38285298811775,162.89215939372417,163.1205596923828,31749300,104.19000244140625,106.54000091552734,101.86000061035156,103.66999816894531,99277700,15.9751648511992,16.286680840029465,15.581776363415553,15.622713088989258,604153000,130.37525676148604,132.6615109809625,128.97211331960065,129.4038543701172,122207100,106.6461358498506,108.40543986916931,105.79457439548948,106.08087921142578,36756000
2022-06-14,236.99335622167607,238.82042366109098,234.70952192240742,237.60562133789062,28651500,164.87828673909902,165.5932934763899,160.24068327688394,162.59423828125,27244300,104.19000244140625,104.87999725341797,101.43000030517578,102.30999755859375,69728800,15.706581027600341,16.041061051837058,15.388075961207294,15.811418533325195,469680000,130.63035125622758,131.37607607962988,129.0113227305463,130.2672882080078,84784300,106.09428119239865,107.6501095703764,105.56028421140596,106.3960189819336,25480000
2022-06-15,241.31804702603347,248.11122688546928,239.4812665255515,244.6708984375,33111700,166.04016743535288,170.96576767627823,162.84250265313943,168.17526245117188,30008300,103.86000061035156,109.05999755859375,103.52999877929688,107.66999816894531,85011100,16.070014185322673,16.841814932140252,15.901276860613777,16.501344680786133,563936000,131.76858160626196,134.7613181921413,129.67858439406757,132.88717651367188,91533000,108.08882009403322,111.2287756405572,107.31388572600937,109.5687255859375,33192000
2022-06-16,239.05366802425112,240.453122742363,236.17702428513732,238.07211303710938,33169200,162.58431031260895,163.93487688731022,158.50281990437463,159.7540740966797,26944100,104.47000122070312,104.58000183105469,102.01000213623047,103.66000366210938,82186300,15.835380972284335,15.917254419069693,15.377093820674675,15.576783180236816,545749000,129.60009621204748,129.90427332336094,126.61716621170363,127.6180191040039,108123900,107.34440018613208,108.47690508360789,105.00495174306114,105.84217071533203,35314000
2022-06-17,237.80972023794652,243.4464064672868,237.1585879163122,240.67665100097656,43084800,160.5584488585028,164.7491767213856,158.7907975972423,162.6041717529297,31374200,102.80000305175781,106.9800033569336,102.51000213623047,106.22000122070312,99772100,15.623708384885509,15.970169836744422,15.30420544580371,15.855348587036133,630334000,127.62782938306579,130.58130861525225,127.37270152778396,129.08984375,134520300,105.74192217834539,108.4362074021435,104.84221414019781,107.06251525878906,43516000
2022-06-21,243.21316362761155,247.57673936751254,242.48428215744224,246.59518432617188,29928300,164.7789779097741,166.59628547684798,154.888076418778,155.96058654785156,50724900,108.19999694824219,111.62999725341797,103.55999755859375,108.68000030517578,70901200,16.44942865985989,16.981600402488183,16.381533414039843,16.540287017822266,483089000,130.91491273074396,134.48656772231706,130.8167993077871,133.31890869140625,81000500,108.88535211170355,111.83422827840597,108.47989242973591,111.1811294555664,39010000
2022-06-22,244.7972453506843,249.92858401068787,243.32004157236312,246.00233459472656,25939900,157.28136982760896,159.67464085713905,154.3617613099616,154.7689208984375,47267800,107.43000030517578,112.12999725341797,107.0199966430664,108.94999694824219,60040100,16.2008152838492,16.636139386270397,16.154887153230657,16.33460807800293,437135000,132.25918724085466,135.17342395812105,131.39572023105475,132.80868530273438,73409200,110.33547106809041,112.92256622301568,109.90003147952321,111.19998168945312,23922000
2022-06-23,248.3736001456706,252.0665868874674,246.4882248009331,251.57093811035156,25861400,155.1859658329667,158.64182097667785,153.1799742450864,157.6487579345703,40499200,110.38999938964844,113.0,107.93000030517578,112.44000244140625,64345300,16.49335423638741,16.55925175967928,15.82838875234843,16.199811935424805,463680000,134.2510716127321,135.98782727058793,133.08341268546732,135.67384338378906,72433800,112.10916860537084,112.35383929162457,110.20247137785185,111.84564971923828,24710000
2022-06-24,254.43791604246806,260.43419339301283,254.35045383369882,260.1620788574219,33923200,160.60808476606041,169.06898629668228,160.1810749228338,168.9796142578125,68736000,112.37999725341797,116.70999908447266,111.43000030517578,116.45999908447266,69867600,16.474388949004762,17.113394941258946,16.284683330908774,17.099416732788086,472153000,137.27323450557805,139.24550436943025,137.14568556404583,139.0001983642578,89116800,112.75729608421425,117.75431761322301,112.75729608421425,117.65556335449219,39122000
2022-06-27,260.6576132245158,260.7450754048255,255.8664415119634,257.4311218261719,24615100,170.13159273167577,170.5586026293299,166.8445408491839,168.3142852783203,29174600,117.08999633789062,117.9800033569336,112.69999694824219,113.22000122070312,62133200,17.28513052368087,17.303102235686215,16.600194433475785,16.842817306518555,427968000,140.02066475796738,140.79584011879487,138.32315139441545,139.0001983642578,70207900,118.04960316540595,118.36226061668158,115.13719688644596,115.75431823730469,32840000
2022-06-28,256.546824812342,259.39431434341117,249.1025126077075,249.2580108642578,27295500,168.72142760981015,170.11172514854024,159.49587736831415,159.5653839111328,27744500,113.5,114.8499984741211,107.04000091552734,107.4000015258789,74942900,16.873764714738712,17.175295947359764,15.920247295866085,15.95719051361084,461149000,139.46134767334664,140.72711982555325,134.741663449174,134.85940551757812,67083400,115.48483387420151,116.97912710873163,111.60692146996085,111.73347473144531,28232000
2022-06-29,250.33668828688562,254.5933594799912,248.55821627920625,252.9315185546875,20069800,162.43536684806529,165.17621602665525,159.20791121061575,162.80279541015625,28595200,107.37999725341797,110.98999786376953,106.91000366210938,108.91999816894531,66375300,15.789452817507586,15.795443069795565,15.146452414426411,15.517874717712402,482352000,134.87907356263912,138.02879459026983,134.1038981265762,136.61582946777344,66242400,111.31363206051596,112.81834535869702,110.72355999579256,111.42082977294922,18628000
2022-06-30,249.81192039392005,252.2220987114216,245.77878289484812,249.59811401367188,31730900,161.0251593299037,164.08379518713716,157.39056026746715,160.13140869140625,35250600,108.11000061035156,108.18000030517578,102.5199966430664,106.20999908447266,97679400,15.337155541620188,15.542836100215856,14.838930531324044,15.135469436645508,686070000,134.67300165333307,135.77196780465343,131.2583461315228,134.1529541015625,98964500,109.6768976824354,110.50102357939595,106.51114258064412,108.55828857421875,38046000
2022-07-01,249.17055781580504,252.4553585095582,247.4406655990664,252.2707061767578,22837700,159.19793253588242,159.50577965191306,153.92477025048137,158.9198760986328,31423900,106.29000091552734,109.75,105.8499984741211,109.55999755859375,73021200,14.875873577381968,15.039618570774806,14.369660585584475,14.500456809997559,577610000,133.48570492012948,136.42937688810812,133.11284998534265,136.32144165039062,71051600,107.5304944051267,108.98890868286857,106.30767123286135,108.26895904541016,31028000
2022-07-05,248.9470591091099,255.5750289021865,247.56704519965683,255.4486846923828,22941000,157.0430120915462,167.08288153776365,155.930786168884,167.02330017089844,28618600,107.5999984741211,114.08000183105469,106.31999969482422,113.5,76583700,14.15299631092678,14.947760206321728,14.033182701418724,14.940771102905273,651397000,135.18323666479031,138.95113328697806,134.35899711370092,138.90206909179688,73353800,106.71412621302082,113.20354782139363,105.45853636865279,113.0391845703125,36398000
2022-07-06,256.3232668081978,260.4438664218845,255.01127448719635,258.7139892578125,23824400,167.0332296710171,170.39971336251205,164.31224616080019,168.59234619140625,23085900,113.20999908447266,115.4800033569336,112.01000213623047,114.33000183105469,66958900,14.986701312141356,15.295221689457538,14.766043683803519,15.106514930725098,529066000,138.69602774966668,141.41400763305737,138.43109305954474,140.23654174804688,74064300,113.24266278225355,115.48583311314871,111.41487220762426,114.3558120727539,28852000
2022-07-07,257.65470611483187,261.4837653703721,257.5575159983353,260.84234619140625,20859900,168.274530960028,171.52185137959535,166.6161174832239,170.9955291748047,24083400,113.8499984741211,116.98999786376953,113.48999786376953,116.33000183105469,57872300,15.432009036553442,15.920249363063476,15.365112647572856,15.83338451385498,492903000,140.59956929502877,143.79836886527636,140.5897624458258,143.6021270751953,66253700,115.14440152879284,118.96970739061597,114.67392353728296,118.4178466796875,32184000
2022-07-08,257.3339878404552,260.55078169221645,255.87622520098918,260.1231689453125,19658800,168.80085998074657,171.20407084283283,166.98355270569803,169.6946258544922,19249200,114.5999984741211,116.58000183105469,113.69000244140625,115.54000091552734,45719700,15.406048858995538,16.012106984675512,15.365112136209438,15.81341552734375,467972000,142.5326123028861,144.7796239540416,142.2774994180926,144.27919006347656,64547800,116.67492653097854,119.53844429693852,116.63919143586197,119.27393341064453,29082000
2022-07-11,258.169743253347,259.02496869990176,254.7974513473784,257.0618591308594,19455200,165.91105887075022,166.328143553091,160.7868496540944,161.7501220703125,21885600,114.08000183105469,114.30000305175781,110.87000274658203,111.75,53487600,15.501900947599497,15.502899799154374,15.014658492987547,15.1284818649292,437321000,142.93489980535588,143.88668829327412,141.08038702449986,142.14991760253906,63141600,117.76673982908447,117.91016486019606,115.36921702152986,115.65507507324219,26718000
2022-07-12,258.39331011954675,258.45161825659886,244.94300794231012,246.52711486816406,35868500,163.65679062146467,164.75909119254507,160.97552346700783,162.1374053955078,16639700,112.16000366210938,113.2300033569336,108.33999633789062,109.22000122070312,54280300,15.244297240246594,15.407044301783353,14.853904443697134,15.058586120605469,458483000,143.0231790018653,145.6626734804045,142.32651847225287,143.12130737304688,77588800,115.96871369752942,116.9721890297241,113.76176313125352,113.99452209472656,24970000
2022-07-13,243.14512305849968,246.41051237825036,241.12369016254638,245.6038818359375,29497400,159.0489939667087,163.83555035660143,158.50280621658072,162.35589599609375,16555100,107.02999877929688,111.77999877929688,106.01000213623047,110.4000015258789,61353800,14.567352563950944,15.35113388131245,14.442546597436209,15.140460968017578,521918000,140.30525550924634,143.70028289937923,139.45158026337106,142.75831604003906,71185600,111.80047576496845,114.2997286494013,110.9905484768161,111.35183715820312,38958000
2022-07-14,243.51442327742907,247.95573289017767,239.01479069630014,246.9255828857422,25102800,160.1016679295878,161.4621598143189,156.18899606667017,156.9536590576172,23765200,110.23999786376953,111.18000030517578,107.58000183105469,110.62999725341797,51163100,15.084547722465837,15.448980906104412,14.705137480469018,15.348137855529785,456235000,141.37472492986996,146.1532799781237,140.56030739054873,145.6822967529297,78140700,110.00097738401358,111.15383746378811,108.5116515751349,110.61041259765625,32366000
2022-07-15,248.5194148023389,253.03847375929305,247.5961679522132,249.4912567138672,29774100,159.42636371697952,163.8355668671646,158.71137213459764,163.55751037597656,23342800,112.5,115.58999633789062,111.58999633789062,113.55000305175781,84317800,15.634693763078548,15.757502029258568,15.42102524308435,15.737533569335938,385935000,146.96775651820843,148.0274804295402,145.41742051675783,147.35043334960938,76259900,112.12206845294672,113.1518510631691,110.99006332709506,111.92752838134766,34330000
2022-07-18,252.43595113538595,253.49525532129357,246.16757340891874,247.0908203125,20975000,165.59328022000832,170.4990146042201,164.49097951767354,166.0699462890625,23574300,115.0,117.23999786376953,113.1500015258789,113.76000213623047,59115400,16.276696063894367,16.870771818679195,15.977162485969991,16.076007843017578,670517000,147.90971463576915,148.7241323716371,143.9455611978647,144.30862426757812,81420900,112.595517164046,113.94539347549131,108.48633731298709,109.091796875,33354000
2022-07-19,250.32698837282734,252.4067439825156,246.53681142712958,252.2220916748047,25012600,169.1881631762132,175.26571992802639,168.3341282653375,174.56063842773438,25933700,115.69999694824219,118.94999694824219,114.02999877929688,118.20999908447266,60990000,16.460405101540026,17.08343687318292,16.146893417699648,16.965620040893555,702366000,145.14268358851726,148.3905333334654,144.1516525247905,148.16485595703125,82982400,110.89824604120244,113.95531168622901,109.67739926047726,113.76673126220703,30992300
2022-07-20,252.58170343561682,257.411758856481,251.61958944694678,254.8849639892578,22788300,176.25880119663285,182.3264182430064,175.4742727457146,181.8199462890625,24784300,118.62000274658203,123.4800033569336,118.31999969482422,122.7699966430664,71268300,16.920694158582595,17.90516367987839,16.774920881624166,17.77935791015625,760538000,148.2825708215841,150.8337592919261,147.54665279809592,150.16651916503906,64823400,113.21089535897589,115.46400093196159,112.41685538012788,113.84613037109375,26780100
2022-07-21,252.47477933086478,257.43117824236685,249.79248658053865,257.382568359375,22404700,179.37702474501341,182.5746897122472,177.6292236779382,181.89939880371094,27195800,123.19999694824219,124.8499984741211,121.26000213623047,124.62999725341797,60239900,17.85723740485581,18.11583423265357,17.517765033329383,18.02198028564453,557049000,151.59913522400217,152.6490522792443,149.08720372847873,152.4331817626953,65086600,114.23323225039135,114.35234166091513,111.07691238380127,114.18360900878906,27267800
2022-07-22,257.7713097746288,257.8587719777169,251.77506247182694,253.02871704101562,21881300,171.86945307838997,174.38190172971616,167.2417749894323,168.09580993652344,42583900,125.01000213623047,125.5,121.3499984741211,122.41999816894531,51463800,17.86522652815311,17.939111072810018,17.11039945674806,17.292118072509766,536671000,152.47240210045547,153.3456908921451,150.52958270466215,151.19680786132812,66675400,110.97765125985214,112.33745530559987,106.79899263895324,107.55333709716797,44455300
2022-07-25,253.65071891343598,254.13663983089467,249.5786992524714,251.54180908203125,21056000,167.8276927849411,169.3868093936931,163.66675525532875,165.49398803710938,26166300,122.69999694824219,123.63999938964844,120.02999877929688,121.13999938964844,50221300,16.992580547570068,17.097419003652497,16.623155964154584,16.997573852539062,480748000,151.11834238686484,152.1290021734992,149.4208286149878,150.0782470703125,53623900,108.06945227591243,109.7568013593638,106.21337812849376,107.4044418334961,28289900
2022-07-26,252.54279829754145,252.56225411501038,242.5425674350256,244.80694580078125,39348000,164.78888117236554,164.84846252953244,156.85430212928955,158.0459747314453,28468400,115.79000091552734,118.1500015258789,114.52999877929688,114.80999755859375,67075100,16.86278201471348,16.89273612928647,16.45242073831852,16.507335662841797,397865000,149.40121302020523,150.21563102127112,147.96863386443746,148.7536163330078,55138700,106.63025878915802,106.93794863187382,103.98013689664695,104.65507507324219,36626600
2022-07-27,253.80621209782652,262.4458704154243,251.56125987665692,261.1727600097656,45994000,161.462138917526,169.68470084170153,160.89610078404186,168.40365600585938,43846600,117.30999755859375,121.9000015258789,117.16000366210938,120.97000122070312,61582000,17.005563430899105,17.908161524582788,16.886748654316154,17.762388229370117,569776000,149.71514047025667,154.37595387109238,149.30302823990996,153.84608459472656,78620700,108.78409571083199,113.54836577163863,107.6128797626186,112.75431823730469,41474600
2022-07-28,262.15436025094607,270.01655789466145,260.32729267977885,268.6268310546875,33459300,159.94274035613432,160.38961572025178,153.77582699484466,159.6051025390625,73214300,121.56999969482422,122.83999633789062,118.08000183105469,122.27999877929688,82245500,17.947098395523145,18.11184128131467,17.412929010303365,17.956083297729492,474646000,154.03253631118739,154.68014773185416,151.5107984661639,154.39559936523438,81378700,111.9602857008125,113.84613546787841,111.01834525515086,113.73695373535156,23303800
2022-07-29,269.8805519116232,274.0594609061049,268.84067378949203,272.8349304199219,32152800,156.5961304718885,159.0291321576182,154.09360709228082,157.99635314941406,42065400,134.89999389648438,137.64999389648438,132.41000366210938,134.9499969482422,148892900,17.785350474084527,18.21568123422587,17.66453800022714,18.134807586669922,435460000,158.21258113398608,160.55770616166393,156.50524578988953,159.45872497558594,101786900,112.55579734919976,116.02974166508496,112.38706472842306,115.77167510986328,31336200
2022-08-01,269.9971103708195,273.3596748735574,268.0728528273835,270.1817626953125,21539600,156.1591851083066,164.04410918466886,154.15319324119818,158.82058715820312,40596700,134.9600067138672,138.8300018310547,133.50999450683594,135.38999938964844,76846900,18.153775758484443,18.816746510993376,17.9620743588274,18.41237449645996,476469000,157.98688125382472,160.51844113720935,157.8691391572039,158.4774932861328,67829400,114.66994641723024,116.24811374743231,113.83620335417874,114.62032318115234,22856200
2022-08-02,268.2283090561538,270.0651041041312,264.7102468493613,267.08154296875,22754200,157.21184780202478,161.11459443078232,156.9139257829455,159.0788116455078,27374500,134.72000122070312,137.44000244140625,134.08999633789062,134.16000366210938,61922400,18.09386602418229,18.908599199934613,18.06391191246353,18.497238159179688,489527000,157.09396729027588,159.36059231885778,156.63279081571793,157.00564575195312,59907000,113.57814291596826,116.20841689334405,113.40941027351059,115.03720092773438,17911000
2022-08-03,268.9669954414521,275.5172008854387,268.8211954180765,274.5162048339844,23518900,161.56144252689967,168.3639158538557,160.44921667380174,167.62905883789062,31721900,136.2100067138672,140.49000549316406,136.0500030517578,139.52000427246094,71827800,18.15577686644505,18.93856042640232,18.108848930894748,18.863676071166992,418146000,157.82008857109244,163.46212742924678,157.73178199101062,163.01077270507812,82507500,115.47392135917269,118.53099459641399,115.28534093394066,117.89575958251953,25302800
2022-08-04,273.8650200050531,275.8087036946795,272.2809427109455,275.6629333496094,18098700,167.13252231139165,170.9558061443517,165.64292766539518,169.38677978515625,23938200,140.5800018310547,143.55999755859375,139.5500030517578,142.57000732421875,70585000,18.819741947233144,19.24408146520657,18.73087939960465,19.18517303466797,409652000,162.89298862903826,164.05084071884252,161.34265293350123,162.69674682617188,55474100,117.41933574874363,118.61039949285419,116.83372398086027,117.98509216308594,15757700
2022-08-05,271.2896517042955,275.6629401132576,270.83288483969574,274.94378662109375,16774600,165.83161242349757,170.4195590937745,164.64986491074373,165.95077514648438,25832700,140.10000610351562,142.86000061035156,139.60000610351562,140.8000030517578,50686900,18.780801158866524,19.199151379943174,18.63702558545363,18.959524154663086,386068000,160.36807379339814,162.9621035680302,160.16172387120494,162.47080993652344,56697000,116.05953000320336,117.97516267009925,115.8411665532051,117.33992767333984,15615700
2022-08-08,276.0516785842541,277.86904784198094,271.4548853993135,272.4267272949219,18739200,166.83462322756057,176.27864912306143,165.9706630633594,169.0690155029297,27299100,142.0500030517578,144.22999572753906,138.2899932861328,139.41000366210938,52229000,17.474832214042483,18.2106876713627,17.215235587063688,17.765378952026367,981859000,163.47301089783898,164.88793871959618,161.3407986917232,161.99913024902344,60276900,118.2332441648947,119.96028905685228,116.9528463332815,117.26053619384766,17061100
2022-08-09,271.7659090647991,275.10901823396375,269.79304134775583,274.3509826660156,23405200,167.77800080416407,168.35397919679417,165.44431170704559,167.3609161376953,18655100,138.0500030517578,138.9499969482422,136.2100067138672,137.8300018310547,40434700,17.225219526625484,17.41991651210645,16.69803929354924,17.059476852416992,668263000,161.16392597706255,162.93258559805665,160.40732977942574,162.04824829101562,63135500,117.11163240829929,117.32006817431427,115.69227760606545,116.62528228759766,15424300
2022-08-10,280.05567781115093,281.6494830162943,278.8603016635988,281.0177917480469,24687800,174.7692005526362,179.22804468728987,172.74334310966682,177.10289001464844,30262100,142.89999389648438,144.60000610351562,141.00999450683594,142.69000244140625,54773800,17.670524148965043,18.08987218320143,17.290115126159264,18.068904876708984,597422000,164.7601512300086,166.3912489539949,163.99373470776638,166.29299926757812,70170500,118.69973212567663,120.87343152453795,118.47144855610613,119.75184631347656,20497000
2022-08-11,282.6601894486074,283.0100382556766,278.44239965548013,278.9380187988281,20065900,178.46339053169922,181.82987410175613,175.14654799822966,176.2587890625,24079100,143.86000061035156,144.49000549316406,139.75999450683594,140.63999938964844,44867300,18.10285603043002,18.677962127300052,17.848250796763534,17.914148330688477,509327000,167.09874512344325,168.0125588424397,165.26131220591463,165.55609130859375,57149200,121.17119453273358,121.42925354725472,118.66002997133384,118.92801666259766,16671600
2022-08-12,280.35695809957093,283.69036865234375,278.8603132900209,283.69036865234375,22619700,179.5557414317746,180.20124155559793,177.6689275530866,179.24789428710938,21274000,142.0500030517578,143.57000732421875,140.1199951171875,143.5500030517578,47643500,18.131808897875185,18.68894324186174,17.925129506160957,18.679956436157227,478094000,166.86292858705644,169.17199900038648,166.45022886043446,169.1032257080078,68039400,120.2580479159398,121.73695373535156,119.5037034907786,121.73695373535156,16121100
2022-08-15,282.80597041000163,285.89642028825256,281.94101695182127,285.2064208984375,18085700,177.71857316609862,180.18136532983021,176.96383553717615,179.6351776123047,15878700,142.8000030517578,143.75999450683594,141.49000549316406,143.17999267578125,39014600,18.67197109315223,19.134251734089823,18.584108348581022,19.002456665039062,457666000,168.53332166791955,170.370754508125,168.36628368181792,170.1742401123047,54091700,121.30022998354421,122.34241648723292,120.66499494766124,121.96524047851562,15525000
2022-08-16,283.7681375602767,285.76043146556236,282.2423681526486,284.4678649902344,18102900,178.19523068394807,179.73448139510987,175.81187034484427,178.2250213623047,21156700,143.91000366210938,146.57000732421875,142.0,144.77999877929688,59102900,18.890631929999405,19.112287457353222,18.47228168872419,18.849695205688477,451240000,169.77141253005902,170.6852264080059,168.6709196812625,170.01705932617188,56377100,121.40941156862304,122.31064928688622,120.63025929055411,121.5979995727539,15626200
2022-08-17,282.1791399463547,285.69495138930665,281.91619637542664,283.7179260253906,18253400,175.5338239205312,176.90425581483473,172.96179418949083,173.6370849609375,20118100,142.69000244140625,143.3800048828125,140.77999877929688,142.10000610351562,48149800,18.49424549864217,18.65898836136106,18.116832049135276,18.306535720825195,446799000,169.76158567645695,173.08272003979997,169.56507124556938,171.51058959960938,79542000,120.0297607283746,121.24067989020192,119.30519173769794,119.42430114746094,17589200
2022-08-18,282.61739830194875,284.2925155216381,281.53634866422476,282.5979309082031,17186200,173.13062255896347,174.54077038611848,170.66783023780124,173.4484100341797,18844500,141.32000732421875,142.77000427246094,140.3800048828125,142.3000030517578,37458700,18.27258906814681,18.835712659380874,18.154772227670087,18.74385643005371,415447000,170.72450960712317,171.8544787813878,170.1054749327735,171.11753845214844,62290100,119.33496642350073,120.7840967309053,118.66002829391245,119.96027374267578,15652000
2022-08-19,281.36109961223826,281.7019722471869,278.1082610446249,278.682861328125,20570000,169.01934308908173,171.12464724604104,165.89120026496457,166.79489135742188,26240800,140.47000122070312,141.11000061035156,137.91000366210938,138.22999572753906,47792800,18.377431354862185,18.491254730260824,17.74241883906721,17.82129669189453,441588000,170.0170261568602,170.71466951867444,168.3269753298755,168.5333251953125,70346300,118.97764927887584,119.10667878809409,116.79402229086824,117.24067687988281,20187000
2022-08-22,274.71907016692614,275.08915876957286,269.9859068077309,270.5020751953125,25061100,164.34202175823924,164.34202175823924,161.13441695931127,161.9189453125,19499700,135.72000122070312,136.32000732421875,132.85000610351562,133.22000122070312,50461500,17.462850357349936,17.530745594391743,16.93966358559003,17.007558822631836,409593000,166.73519456201245,166.90223255698254,164.22959465128477,164.65211486816406,69026800,115.23571001917952,115.6327337956586,113.81635512977093,114.21337890625,19316000
2022-08-23,269.22625732421875,271.5830904016893,268.21338796500265,269.22625732421875,17527400,161.3528773706251,163.9050566390296,159.58522638399307,159.9923858642578,18111800,133.41000366210938,134.99000549316406,132.9499969482422,133.6199951171875,36252100,16.962629795617797,17.43789077526951,16.94365828212294,17.15433120727539,369986000,164.17064162540487,165.7722632709113,163.74812140904885,164.31802368164062,54147100,113.46897184272552,115.06698718921282,113.44912405987819,113.91561889648438,14390700
2022-08-24,268.22308164579806,269.99559523146576,267.93089241978953,268.5931701660156,18137000,159.48596568492076,164.3122537366885,158.66172136041752,162.12750244140625,20891500,132.75,135.47000122070312,132.10000610351562,133.8000030517578,38627000,16.985595480724132,17.378984974458614,16.868778397240728,17.195270538330078,522661000,164.40647334198977,165.1827105189657,163.35509799580043,164.61280822753906,53841500,113.5979914578415,114.85556534654049,112.93298098774915,113.84613037109375,16051200
2022-08-25,270.09297956266056,271.7388808966969,267.35630971117797,271.5733337402344,16583400,164.0341436741475,167.7084889997073,162.88220207802408,167.6091766357422,15550500,135.25999450683594,137.4199981689453,134.27999877929688,137.27999877929688,37496300,16.817853882408595,17.919142398294323,16.80687127701837,17.885194778442383,770691000,165.84102594330326,167.1773448089003,165.4185207470986,167.0692596435547,51218200,114.29278672262073,116.90320540419083,114.19353267030758,116.82379913330078,14874700
2022-08-26,271.79731971202773,273.02444918596143,260.98700095652805,261.0941162109375,27549300,167.31129680993618,169.73437363236965,160.54853831222465,160.65777587890625,24023600,136.5500030517578,137.8300018310547,130.5,130.75,53322700,17.82927933310313,17.896174759315368,16.211793365981354,16.234758377075195,769127000,167.59988131493301,168.0715189036816,160.71193645776907,160.77088928222656,78961000,114.94787149420665,115.73199139432494,110.39204453341436,110.47145080566406,31698700
2022-08-29,258.9125930668451,260.4221335952859,256.96478349661675,258.30877685546875,20338500,159.54551105399935,161.91893110471815,157.90694795228592,158.0658416748047,20052700,129.89999389648438,131.9499969482422,128.77000427246094,129.7899932861328,48101600,15.99513199090072,16.312637235028117,15.742524473597898,15.776471138000488,496132000,158.3439099366534,160.0634374134409,157.03708224821386,158.56991577148438,73314000,109.9553197678231,111.12653580240911,108.9925395225364,109.51859283447266,20386100
2022-08-30,259.711155479428,260.08121426548763,253.8579792613374,256.1076965332031,22767100,159.23768284651592,160.53859315412387,154.82848001713788,156.06980895996094,19567900,131.25,132.07000732421875,126.8499984741211,128.72999572753906,49203000,15.935225659002597,16.014102549024937,15.158433454249854,15.443989753723145,530181000,159.30682979347176,159.72933499269527,154.9736176696823,156.1428985595703,77906200,110.20345437435583,110.54092723851655,107.99005948003216,109.091796875,20548200
2022-08-31,258.464616362346,260.13970413279804,254.51053542030976,254.6468963623047,24791800,165.91107021908033,166.67571794587022,161.0152609370121,161.79977416992188,40953000,129.4499969482422,130.58999633789062,126.73999786376953,126.7699966430664,53648700,15.360118825458853,15.515876799554972,14.93577837401633,15.070569038391113,573710000,157.51855169061037,157.78385443277264,154.40375206464415,154.48236083984375,87991100,110.79898183257136,110.93793901443901,108.23819407201151,108.33744812011719,25898000
2022-09-01,252.11470907784698,254.08201562576158,248.7450070823957,253.6047821044922,23263400,162.4452548742399,166.19903197568158,159.2376654786566,164.21290588378906,30145700,126.0,128.02000427246094,123.66000366210938,127.81999969482422,56636100,14.18694525781563,14.357680321549397,13.249403541245552,13.91536808013916,1178865000,153.91243529158203,155.66143904544523,151.97673759886456,155.20945739746094,74229900,108.38707927111064,110.39204602317912,107.38460346767542,109.72703552246094,22784400
2022-09-02,254.8709044936886,257.8315537612824,247.82956191198872,249.37806701660156,22855400,166.28841544244423,166.76508149443754,158.11551025538967,159.2078857421875,22634200,129.5,131.3800048828125,126.38999938964844,127.51000213623047,57429800,14.07811421619894,14.149003156104582,13.569903514231424,13.62581729888916,743157000,156.9682888748041,157.56766760419046,152.2715237467297,153.09689331054688,76957800,110.51113507755568,110.84364786205148,107.3250325619203,107.87094116210938,20618100
2022-09-06,249.5143726473492,251.10181219377696,245.36552950333498,246.64134216308594,21328200,158.9894072176834,160.56837389852208,156.59612152734138,157.44021606445312,19339800,127.91999816894531,128.6199951171875,124.73999786376953,126.11000061035156,43888600,13.709687300934593,13.757613132647895,13.330277005721786,13.444100379943848,535751000,153.74540904842692,154.3546082697241,151.01381803326322,151.8391876220703,73714800,107.33000861113351,108.06945773272552,105.7171056606775,106.67988586425781,20565100
2022-09-07,248.05355058936814,252.07576732439404,246.61217564051898,251.35508728027344,24126700,156.66562873223995,159.8434427650851,155.72222182065045,159.2773895263672,16831200,126.12000274658203,129.82000732421875,125.4000015258789,129.47999572753906,47900300,13.545970723388965,13.820626019078334,13.329243169761526,13.696781158447266,512657000,152.1241142058328,153.94189101263512,150.9351774352468,153.2442626953125,87449600,106.95779452939786,110.16374490531014,106.81386972546036,109.65754699707031,22987200
2022-09-08,250.79022588375577,253.6340111575061,248.1411888699315,251.7738494873047,20319900,157.6090688684695,161.10464046070226,156.6457963416658,160.93582153320312,22530800,127.72000122070312,130.27999877929688,127.0999984741211,129.82000732421875,43988500,13.442101543383522,13.990413000100926,13.352215340579692,13.972434997558594,624873000,151.94730530144426,153.63735672172723,150.02142752260102,151.77044677734375,84923800,108.36722699493593,109.75680643003494,107.25556193233697,108.60543823242188,21660700
2022-09-09,253.70224358327107,258.3088247710061,253.49773186240105,257.55889892578125,22084700,162.11755708898195,168.36391755240584,161.88915681033242,167.97662353515625,22086800,130.91000366210938,133.69000244140625,130.75999450683594,133.27000427246094,49387600,14.139220126924226,14.455822402281239,14.108259874455117,14.368931770324707,486612000,152.76282069447305,155.07190642293236,152.05535676886382,154.62973022460938,68028800,109.2307513287724,111.1662317998191,109.18112051767947,110.94786834716797,21732900
2022-09-12,258.8444189971821,260.47085310586147,258.24060277088006,259.69171142578125,18747700,166.228832262736,170.20108467611442,166.11959471525049,167.78794860839844,23220400,134.10000610351562,136.49000549316406,134.0,136.4499969482422,53826900,14.350960765620393,14.528736791278869,14.180174968803186,14.48678970336914,484159000,156.81105233922636,161.39973173078485,156.5261087123494,160.5841827392578,104956000,111.1563103943137,111.80147311192768,110.10420377865334,111.0372085571289,19732900
2022-09-13,252.0855150926959,253.6048042043682,245.02470528633097,245.41427612304688,33353300,160.41939772079658,160.50878491113568,151.61093335516279,152.0677490234375,44444100,131.00999450683594,131.39999389648438,126.2699966430664,126.81999969482422,72694000,13.784671426649664,13.904520650543393,13.082553985169255,13.114513397216797,714956000,157.11565333541313,157.7445084078153,150.6993615052029,151.1611785888672,122656600,108.079390373467,108.55582044496477,104.21834927747148,104.52603912353516,33015000
2022-09-14,246.91404207019949,247.59577234574667,243.33981382641142,245.6382293701172,23913000,152.2663791257827,152.47491390782315,148.0160699299061,150.41928100585938,43064200,127.36000061035156,128.83999633789062,126.33000183105469,128.5500030517578,45316800,13.237358200305806,13.273313250736237,12.896786750675185,13.111516952514648,588507000,152.0946413613245,154.3644300184662,150.9351958505273,152.6055908203125,87965400,104.6550717936455,105.31015459512474,103.72206704484307,105.08187103271484,22115800
2022-09-15,243.252171211811,244.83962570319943,237.65221941398767,238.9767303466797,31530900,148.76083898978294,153.13031008628744,147.66846363918748,148.5125732421875,34606300,127.37999725341797,130.3699951171875,125.5,126.27999877929688,52887200,12.998659878355168,13.21638563613665,12.773941987146994,12.91276741027832,523625000,151.95709434204855,152.53683214610933,148.7440452074938,149.716796875,90481100,104.22827859607038,105.41934243467084,102.54092932335399,103.12654113769531,26494900
2022-09-16,237.88592392219905,238.89879299269597,235.74333684929235,238.35340881347656,39791800,147.0229775485444,147.54929971688694,143.28905103750927,145.27517700195312,40122800,122.77999877929688,123.87000274658203,120.69999694824219,123.52999877929688,115667800,12.726002043403634,13.195412225015103,12.601158980925465,13.181429862976074,670751000,148.57701100499813,148.7145726076231,145.78645207689314,148.0758819580078,162278800,102.2034681593596,103.25557484523341,101.09677060359992,102.85855102539062,64540100
2022-09-19,236.14268298899873,238.74300685593585,234.5649620689847,238.13919067382812,26826900,144.23251050137634,147.5493380878504,144.0934822538278,146.99322509765625,22169500,122.16000366210938,124.70999908447266,121.80000305175781,124.66000366210938,47279700,12.995662804943986,13.446096763090381,12.99366546083005,13.365198135375977,569685000,146.71006595451675,151.8686478234834,146.50373107588743,151.7900390625,81474200,101.77665879894217,103.24563694250317,101.60792615331398,103.076904296875,19738600
2022-09-20,235.7530952999418,237.15550545081834,233.3864993779155,236.1231689453125,26660300,144.76875195384073,147.80752291864286,144.21263898681053,145.07659912109375,23217400,123.3499984741211,124.4000015258789,121.13999938964844,122.19000244140625,47698400,13.198409709348152,13.466072904902665,13.040608074137973,13.15945816040039,524818000,150.7288529156578,155.3273682721185,150.41443284470995,154.16790771484375,107689800,102.11412409518287,102.40196614676198,100.36723157694932,101.07194519042969,24001700
2022-09-21,237.89568781443512,241.19722391131666,232.66580985308437,232.71450805664062,28625600,145.37450849074926,148.56224775043975,141.01496203125282,141.13412475585938,38338600,122.48999786376953,123.76000213623047,118.44999694824219,118.54000091552734,58498900,13.1964094143311,14.013382133890827,13.093538106056018,13.244348526000977,807679000,154.600234046477,155.9758648340084,150.92536828428254,151.04327392578125,101696800,101.47889021763504,102.71958481292508,99.24563994611297,99.26549530029297,26596800
2022-09-22,231.66271451815115,237.49640922958957,231.37055498618827,234.69155883789062,31061200,140.56809023965945,143.577070336103,139.89279942616923,141.82928466796875,34418500,117.08000183105469,118.79000091552734,116.26000213623047,117.30999755859375,55229200,13.053587725360877,13.132488997665579,12.412394637690474,12.54522705078125,759162000,149.72662084225365,151.7802241971407,148.28221666613402,150.08035278320312,86652500,98.70966209083562,100.92306465070604,98.6699665264192,99.82132720947266,21272700
2022-09-23,233.28911605979133,234.83763576552224,229.06237339573931,231.71139526367188,34176000,140.43900836322868,141.63068127817743,137.92655945695614,139.43601989746094,31710700,116.0,116.05000305175781,112.05999755859375,113.77999877929688,65126700,12.404405964748552,12.595166136683892,12.241610515089357,12.500285148620605,663309000,148.55733788432917,148.8324610577634,145.97312915554878,147.81056213378906,96029900,99.31511371020326,99.36474452064054,97.28037921644933,98.4317398071289,25657000
2022-09-26,230.8641061836128,235.14928080942127,230.71801156599744,231.253662109375,27694200,139.14799788660858,141.25330198021248,135.24526714438548,135.42401123046875,30497000,113.30000305175781,117.33999633789062,113.12999725341797,115.1500015258789,62723300,12.475315780941502,12.643105051772439,12.198663170837841,12.212645530700684,547343000,147.05398109807987,151.09241446222893,147.03432515906897,148.1446533203125,93339400,97.87591663582947,99.69229535554446,97.64762549649416,98.07442474365234,22437900
2022-09-27,233.71766175746237,235.49017556599165,228.38066779678476,230.24082946777344,27018700,136.96328408935977,138.4528789911983,133.18964064078025,133.4676971435547,30826500,117.19999694824219,118.31999969482422,113.05000305175781,114.41000366210938,60094700,12.491296042868766,12.720008599389836,12.24260909385547,12.397414207458496,553854000,150.08036255735442,152.02588086273627,147.33893608818533,149.11741638183594,84442700,99.16624566827849,99.71214677098449,96.61537019694262,97.35978698730469,24225000
2022-09-28,230.6303769171642,236.0063351920129,228.60465329387907,234.7792205810547,29029700,133.6861535620933,141.04475498386643,133.33859055874663,140.62767028808594,32658500,114.37999725341797,118.69999694824219,113.80000305175781,118.01000213623047,55763800,12.39441703024492,12.80689854678782,12.338487591385359,12.72000789642334,542414000,145.06914652315353,148.01690757279204,142.31789987820665,147.2308349609375,146691400,97.29029876527687,100.64514161509229,97.07194288935496,99.99005126953125,24617000
2022-09-29,232.65609511384054,233.68843172668625,228.29300618270508,231.3023681640625,27484200,138.3932939070833,138.86996002006063,134.26214718676619,135.46376037597656,38985400,115.5999984741211,116.06999969482422,113.05999755859375,114.80000305175781,58969700,12.432370978846492,12.48430573642893,11.931001405248,12.204657554626465,532763000,143.55599938266687,144.16519866358385,138.23036343618654,139.9990234375,128138200,98.56078607297609,98.56078607297609,95.80147480905075,97.35978698730469,21921500
2022-09-30,232.07173317953664,234.26301864836014,226.6568256876074,226.8223876953125,35694800,135.1062437159562,140.0119780697595,134.56005595639368,134.73880004882812,33166400,114.08000183105469,116.91999816894531,112.83999633789062,113.0,59479600,12.071824510658695,12.617139480743118,12.059839492993778,12.123759269714355,565638000,138.819918971248,140.60823487907734,135.59703414181732,135.79354858398438,124925300,97.00246672969558,98.75333483071957,95.3151175859504,95.4342269897461,26277800
2022-10-03,229.2669108311526,235.30511704742838,228.53648230029808,234.45782470703125,28880400,136.18866414251312,138.651456228818,135.1558852524302,137.64846801757812,27723100,113.58000183105469,116.91000366210938,112.44999694824219,115.87999725341797,50941900,12.331498357596713,12.662083111911944,12.089801611564782,12.496291160583496,547478000,135.80335372086685,140.57872706512543,135.2924042908768,139.96951293945312,114311700,96.49626572648086,99.22579388340206,96.2977500442363,98.56078338623047,24840000
2022-10-04,238.6943143855835,243.8267966387145,238.58718426741393,242.3854217529297,34888400,139.51543467540031,141.40224842715523,138.3734030652836,139.306884765625,34670700,119.88999938964844,123.0,119.79000091552734,121.08999633789062,62812600,12.862829366915662,13.203401777565151,12.862829366915662,13.150467872619629,584182000,142.504593932989,143.67387488258018,141.7479977315321,143.55596923828125,87830100,100.28783233105867,101.95532626806342,100.28783233105867,101.64763641357422,22580900
2022-10-05,239.57082618879338,244.04104526402548,237.73014687189743,242.69705200195312,20347100,137.28105787017572,139.23739352437994,133.84505263982953,138.0159149169922,27979300,118.58000183105469,121.75,117.69000244140625,120.94999694824219,48217500,12.894789072692479,13.304274120258059,12.605153237647787,13.192414283752441,507131000,141.56135391828514,144.81371535397435,140.51979882721227,143.85076904296875,79471000,99.94044390782157,101.97517871318828,98.99751137329586,101.45905303955078,18475500
2022-10-06,241.46019588133413,243.80730987931113,239.65848102253324,240.34994506835938,20239900,136.76464446578143,140.46876539966271,135.65241869866074,138.10528564453125,36231100,120.7699966430664,121.52999877929688,119.5,120.30000305175781,42253800,13.203401093971486,13.63885351819357,13.086547421310968,13.113513946533203,644157000,143.27100136570334,144.970872598081,142.6912786611767,142.89761352539062,68402200,100.74440796486718,102.95781060480748,100.74440796486718,101.47889709472656,17156200
2022-10-07,234.61361969677648,235.02267271918691,227.08534105905326,228.12742614746094,37769600,135.81128212035446,137.330667205212,131.521258102209,132.5242462158203,33214800,118.0,118.16999816894531,113.87999725341797,114.55999755859375,54678000,12.489298012265124,12.654090789293177,12.00690469700817,12.060836791992188,672478000,140.05797036356424,140.60823177983056,137.0217795686969,137.650634765625,85925600,99.9007355018137,100.66500008015534,98.47145283077565,98.82877349853516,24249900
2022-10-10,226.9685107950048,228.43910165549525,220.8134254836655,223.26766967773438,29743600,132.6235672770044,135.16580614396682,130.95521354997354,132.8618927001953,24024000,115.0999984741211,116.25,112.43000030517578,113.66999816894531,42339700,12.02188568072584,12.10877633421103,11.393675761746923,11.655346870422363,698699000,137.97486877441406,139.4192729060871,136.15709176712548,137.97486877441406,74899000,99.10667914465193,99.2456363284513,97.14142321800459,97.97516632080078,16529900
2022-10-11,221.68018361933272,223.08260876857707,218.26178346350437,219.52786254882812,30474000,130.70696701014188,131.73976117223205,126.10908735119844,127.64833068847656,38481400,112.70999908447266,115.4800033569336,110.38999938964844,112.20999908447266,56432200,11.54648105807328,11.831122990139335,11.268830304620026,11.571450233459473,667482000,137.4639147607023,138.88867789955424,135.8131758038938,136.5599365234375,77033700,97.5185993622589,99.37468128236328,96.52604364355905,97.3200912475586,21617700
2022-10-12,219.5181209293946,221.91393311184666,218.1157105964302,219.85899353027344,21903900,127.4298738864634,128.77050008091746,125.37422584084904,126.61555480957031,34605200,112.48999786376953,113.83000183105469,111.4000015258789,112.9000015258789,45728700,11.564462656173577,11.720265977710053,11.330756245153442,11.48556137084961,492590000,136.70731279613284,137.91589041966,135.75420235526866,135.93106079101562,70433700,97.53844664290189,98.90619435315163,96.94291472926554,97.56822967529297,17343400
2022-10-13,214.11293909981683,229.93888935580085,213.41172657654943,228.12742614746094,42551800,122.67308358829318,130.2302943889548,121.68002048782748,129.3861846923828,34325700,107.87999725341797,113.44000244140625,105.3499984741211,112.52999877929688,86868100,10.95722491597618,12.062835356186497,10.799423302844042,11.94498348236084,850103000,132.63942598399592,141.08966528093347,132.0302118420066,140.5001220703125,113224000,95.21587567742034,99.78163072208707,94.56078523190662,98.96773529052734,32812200
2022-10-14,229.39352376407572,231.04917376716926,222.38141236844757,222.59567260742188,30198600,130.09126942927062,130.87578263105397,125.64234329376768,125.88068389892578,23559400,114.0999984741211,114.95999908447266,106.5999984741211,106.9000015258789,67737300,12.0418607547837,12.095792850477494,11.189932138993667,11.212903022766113,713432000,141.79711592519322,142.00346577520415,135.78368877686898,135.9703826904297,88598000,99.87592003369244,100.53597050088787,96.30768098335732,96.4565658569336,22624800
2022-10-17,229.66623513189379,232.72429558367523,229.00397214596376,231.33160400390625,28142300,129.39613707206735,133.85498111053334,129.27695918491287,133.1101837158203,29612200,110.11000061035156,114.19000244140625,110.08999633789062,113.79000091552734,62782000,11.503536397037033,11.932996747101859,11.502538201372328,11.873071670532227,580774000,138.61357366022068,140.41169491464842,137.82750095740744,139.93023681640625,85250900,98.77913243130956,101.01238258672876,98.76921232733415,100.02975463867188,23311600
2022-10-18,236.89258935569006,237.56457112933387,229.22794910689007,232.27627563476562,26329600,136.13901825885176,136.88381559214864,130.4884867324357,131.8787841796875,25445000,119.05999755859375,119.5199966430664,114.79000091552734,116.36000061035156,65607400,12.328502366248351,12.476316320774814,11.603414003628952,11.95197582244873,659362000,142.95657861316172,144.14550040873658,138.1615495711484,141.2468719482422,99136600,103.16622784968058,103.44414219626584,99.90071913210777,100.63520812988281,21610500
2022-10-19,230.854359464379,233.35730163218065,228.17612158677025,230.30897521972656,19985700,131.9681635517954,136.0496537710444,131.30281304878633,132.30580139160156,30691000,114.70999908447266,116.58999633789062,113.22000122070312,115.06999969482422,47198100,11.864085613152273,12.334494942688758,11.819142034502585,12.035869598388672,523131000,139.22276826600364,142.42599680685538,139.03607431855443,141.35498046875,61758300,99.95035515083292,100.90221569593305,98.8932884882681,99.54341125488281,21573700
2022-10-20,229.61752091462319,235.01294654635635,228.74099774675008,229.9875946044922,21811000,132.0078664636755,135.82124016414522,130.39910914114193,130.61758422851562,26356300,113.83000183105469,118.23999786376953,113.51000213623047,115.25,48795100,12.097790381957378,12.752966821066378,12.089800053684597,12.178689002990723,652398000,140.52960554450746,143.34962560942563,140.16603813694184,140.89315795898438,64522000,100.06945825217235,102.23322982714598,99.22578748171075,99.7816162109375,25125100
2022-10-21,228.6144117292178,236.65885980316088,228.3806692339145,235.80181884765625,26299700,125.43382311407888,129.21739186609335,124.5698628912249,129.108154296875,46348600,114.79000091552734,119.58999633789062,114.5,119.31999969482422,55660500,12.082808987293975,12.482307307631256,11.872074435302578,12.450346946716309,609494000,140.38220497154572,145.27549920361895,140.1660346242772,144.70559692382812,86548600,97.72703350859237,100.86351316170806,97.49874993779162,100.72455596923828,28988700
2022-10-24,237.3989952337496,241.37252804090215,235.00319808540834,240.7979278564453,24911200,126.36727762009004,132.55405639945275,123.70586824809732,128.8201446533203,63563400,119.9800033569336,120.38999938964844,116.56999969482422,119.81999969482422,49531500,12.492294138366445,12.694040152673212,12.048851423181409,12.583179473876953,517457000,144.6269694579804,147.61402706279983,143.45768863799606,146.8476104736328,75981900,101.33000683899147,102.33249020702785,99.55333881634537,102.20346069335938,24680800
2022-10-25,240.80765754624483,244.48901592120419,239.4149810348262,244.1189422607422,34775500,129.9721082704897,137.39029111902516,129.6841114749998,136.5561065673828,38433200,119.6500015258789,121.31999969482422,118.94999694824219,120.5999984741211,50934600,12.678061042532914,13.28330006623939,12.648098026202799,13.244348526000977,505482000,147.47648086131204,149.83469868322362,146.75919654145045,149.6873016357422,74732300,102.53100927223,104.31760503106875,102.25308730865137,104.14887237548828,29910200
2022-10-26,225.1375205085959,232.08146493583703,224.05648582781117,225.2836151123047,82543200,130.76653152754133,134.60969572856067,127.63838906788622,128.91944885253906,82791500,116.0,119.3499984741211,114.76000213623047,115.66000366210938,68802300,12.852842851331863,13.371190325371368,12.692044742302587,12.87980842590332,532953000,148.3313246354716,149.3433879403945,145.46215770101213,146.74935913085938,88194300,96.03968853145226,97.80643640842473,93.86598919585641,94.11412811279297,71504300
2022-10-27,225.01093027224846,227.59178658537854,219.8881970156547,220.8328857421875,40424600,97.30032829256321,101.78897028259763,95.71142123185368,97.26060485839844,232316600,113.91999816894531,114.12000274658203,109.7699966430664,110.95999908447266,129605400,13.612888669821526,13.820627724270784,13.105526052414842,13.15945816040039,583113000,145.49167413504986,146.45460526216635,141.6202786941001,142.2786102294922,109180200,93.60792919267483,94.46152773284477,91.21587380273763,91.91065979003906,54036500
2022-10-28,220.33619766891604,230.4258506343881,220.1511534041053,229.7148895263672,40647700,98.88923256309111,100.15041945886574,96.83359209850978,98.5118637084961,95928300,97.91000366210938,103.95999908447266,97.66000366210938,103.41000366210938,223133400,13.087547371735592,13.832611021415424,13.04460113938634,13.816630363464355,521040000,145.6193922207591,154.75745443354808,145.24601935139384,153.02810668945312,164762400,91.84118430526883,96.13895261235133,91.63572453364353,95.86103820800781,35696900
2022-10-31,227.65997973649493,228.7897128662686,225.1180876248081,226.07252502441406,28357300,97.53866840882115,98.63103641008414,91.9576505148814,92.5137710571289,121361400,103.55999755859375,104.87000274658203,100.73999786376953,102.44000244140625,99251400,13.760698315334567,13.820623390124373,13.28030237881131,13.480051040649414,486341000,150.49303288896766,151.55422867895751,149.27461957607085,150.66989135742188,97943200,95.06697975664831,95.63273617907231,93.67740032027045,93.955322265625,29868700
2022-11-01,228.47805057491365,229.5883013482599,221.3977591826353,222.21583557128906,30592300,93.6756441380607,96.81371959753587,92.90105613149628,94.53960418701172,110189600,103.98999786376953,104.58000183105469,96.05999755859375,96.79000091552734,153370000,13.793659368317671,13.907516554815446,13.502026173930659,13.525996208190918,432817000,152.37961754304112,152.7431699919974,146.5332269791364,148.02674865722656,80379300,94.8783989975548,95.44912308828071,89.75681534682231,89.8262939453125,43220600
2022-11-02,223.47217862480318,225.26415970324368,214.2979832888999,214.35643005371094,38407000,93.55647365415787,94.539604000825,89.85235253745208,89.91193389892578,71821100,97.31999969482422,97.73999786376953,92.01000213623047,92.12000274658203,135761800,13.832611349969781,14.192159017824103,13.194413691854113,13.20240306854248,672628000,146.35633217647393,149.5202635488904,142.47511648464766,142.5045928955078,93604600,90.2332552237503,90.6203513962909,86.3622859257442,86.42183685302734,43553600
2022-11-03,214.34668818412212,214.6583448304135,208.3961296970331,208.65908813476562,36633900,89.45512541093512,89.8324866594847,87.79671186073098,88.29324340820312,60664000,92.47000122070312,93.5,89.0199966430664,89.30000305175781,136683300,13.02662341252142,13.7636966949046,12.939732756516582,13.40414810180664,500065000,139.58630459413143,140.3134243600425,136.33394407491397,136.46168518066406,97918500,85.70221106547837,85.9056867727628,82.82875847776307,82.86846160888672,48510400
2022-11-04,211.87297194348153,215.80754042041704,207.86047444612015,215.61276245117188,36789100,89.72325182690423,90.75603838606281,87.47892704303133,90.16020202636719,55638100,91.48999786376953,92.44000244140625,88.04000091552734,90.9800033569336,129101300,13.9684389349222,14.211133849312025,13.679801299085328,14.138225555419922,612576000,139.84739003185524,140.41823769444377,132.25908536615194,136.19595336914062,140814800,84.87343696802398,86.08435608999167,83.25556638887753,86.05457305908203,40173300
2022-11-07,216.19708099047648,222.4495465508367,215.50560220664244,221.9236297607422,33498000,94.1225197898974,96.20795079311442,92.45417347202974,96.04906463623047,81987300,91.94999694824219,92.0999984741211,89.04000091552734,90.52999877929688,77495700,14.210135563074418,14.39390455505636,13.93648037167957,14.28304386138916,410061000,134.94598671425354,136.95378268582516,133.52871190234,136.7274169921875,83374600,86.68980586266004,88.27790094290526,86.312637446031,87.99005889892578,26899900
2022-11-08,222.73200573046222,225.6050216725194,219.94663764635982,222.89756774902344,28192500,95.25460878437805,97.12157222311384,94.13245023187092,95.80079650878906,52088300,90.79000091552734,91.72000122070312,88.2300033569336,89.9800033569336,88703400,14.782418287448653,14.872305452756422,14.19815266542522,14.58366870880127,595292000,138.19391993058036,139.19781051108808,135.32000793975288,137.29827880859375,89908500,88.49627737383966,89.73200447898023,86.99751601903579,88.24813842773438,30172000
2022-11-09,221.43668922544174,222.6638185603741,218.47602571220258,218.6513214111328,27852900,101.01437905455495,104.17231999405277,100.04117388955267,100.76611328125,107677300,89.47000122070312,89.4800033569336,85.87000274658203,86.13999938964844,90796200,14.144219240509747,14.193158459885122,13.741725330956239,13.75870418548584,454414000,136.31406095143706,136.36327480735815,132.46576869499577,132.74134826660156,74917800,87.8858473957141,88.82381228007551,86.70967125078771,86.74937438964844,26743900
2022-11-10,229.2864046738626,236.9802616693803,228.8676327342918,236.63938903808594,46268000,106.37692885293671,111.96787173860783,103.88433818993818,111.09397888183594,80671000,92.94000244140625,98.69000244140625,91.6500015258789,96.62999725341797,173414900,14.78141849736078,15.753196449879484,14.528735884798065,15.730225563049316,700819000,139.0108096143879,144.55194091796875,137.298266687944,144.55194091796875,118854000,91.65258496845573,93.84613961602565,90.96772672020228,93.46896362304688,42371200
2022-11-11,236.64913798358995,241.51866209227285,235.61678638963826,240.66162109375,34620200,108.47228243543034,114.10294822219623,108.05519018804513,112.2359848022461,59961700,97.87999725341797,101.19000244140625,96.66000366210938,100.79000091552734,111590500,15.787154735164645,16.36842382289729,15.462562957739296,16.306501388549805,655487000,143.51854343102002,147.64240042758996,142.09141663457416,147.33729553222656,93979700,94.00495141605279,96.63522559091078,93.45905031312702,96.00991821289062,30569100
2022-11-14,235.675194012061,237.5450891758998,232.96774024623764,235.24667358398438,31123300,110.22009088345791,115.46346376858001,110.03141401301576,113.42768859863281,53395000,98.7699966430664,100.12000274658203,97.29000091552734,98.48999786376953,99533100,16.197636964580276,16.51923316178462,15.902008144433236,16.274539947509766,527852000,146.61882473623606,147.90814675324938,145.10312196997452,145.93971252441406,73374100,94.78907119211138,96.45656510342108,94.404951098873,95.31512451171875,24170100
2022-11-15,239.24944207060548,240.5544708560725,233.76635362727728,235.65573120117188,31390100,115.26482647619379,117.91630296834855,113.61634577347024,116.267822265625,50670500,103.20999908447266,103.79000091552734,97.33999633789062,98.94000244140625,111336300,16.701002374204336,16.97665487250418,16.3614291584318,16.64507293701172,545876000,149.81752177217496,151.16589433590542,146.2152837355369,147.6719207763672,89868300,97.93546135297309,99.67243369054474,96.2977430630287,97.98509216308594,31831000
2022-11-16,237.1206951717324,238.10712057795988,234.80604092204587,236.08544921875,24093300,113.7057364919192,115.27477816754063,111.87850383914812,112.44454956054688,33287800,96.8499984741211,98.48999786376953,95.54000091552734,97.12000274658203,87958800,16.14170859646812,16.34145634523152,15.853070937382359,15.890024185180664,649547000,146.7763108997982,147.5046219917799,144.96533989912186,146.44166564941406,64218300,97.29030963200795,99.10668844110727,97.17319181150478,98.25308990478516,24660200
2022-11-17,232.22767936193608,237.5699524551827,232.08118792162216,236.03660583496094,23123500,109.64410848040296,111.55078795269303,109.03833933923725,110.67688751220703,35093800,95.37000274658203,96.97000122070312,94.02999877929688,94.8499984741211,82617900,15.69526955824207,16.24557835765425,15.515495248164541,15.657317161560059,710894000,144.11888720950952,149.0891860323431,143.8433076526517,148.3411865234375,80389400,96.45655058347974,98.73943142323438,96.37714432046612,97.7667236328125,21818700
2022-11-18,237.82387701389203,238.0485170933891,233.44849211403692,235.5873565673828,27613500,113.01058846285041,113.52697796246153,109.85264737178989,111.2727279663086,33357700,95.94999694824219,95.98999786376953,92.4800033569336,94.13999938964844,72428200,15.945953056863983,15.98190906001259,15.101015557178844,15.389653205871582,492072000,149.90611212166033,150.28995621048665,147.6030475887024,148.90220642089844,74829600,98.27293661316246,98.42182147455547,96.01983105649133,97.07194519042969,24969900
2022-11-21,235.79243178186513,238.95678085777178,235.55804548901057,236.39796447753906,26394700,110.74639649912582,111.59050621756411,108.43256517321927,109.09791564941406,24351100,93.97000122070312,95.0199966430664,90.58999633789062,92.45999908447266,84330300,15.127983852269379,15.457569474107316,15.061067579512033,15.297770500183105,404739000,147.79004119922186,147.99671837716943,145.3885491071394,145.67396545410156,58724100,96.83373242923986,97.98510068512952,94.95780274731541,95.11661529541016,18696900
2022-11-22,237.90201790004144,239.58185601879657,235.08927783112682,239.3083953857422,19665700,109.09791252768984,110.84570570118566,107.56859444793977,110.66695404052734,29029000,92.62000274658203,93.3499984741211,90.87000274658203,93.19999694824219,62192000,15.308755601738653,16.037839574271395,15.103013909275052,16.017864227294922,472866000,145.7920747269315,148.04592513732047,144.6110022662971,147.80970764160156,51804100,95.4441575371263,96.82181772887805,93.70718510234065,96.6054458618164,18868900
2022-11-23,239.3865485548775,242.48252553949445,238.56616658912475,241.7988739013672,19508500,110.94501340234123,111.88842033935603,109.96188303119828,111.4614028930664,21343100,93.23999786376953,94.58000183105469,92.83000183105469,94.12999725341797,59414700,16.077791369185103,16.506253688652514,16.027854897361706,16.498262405395508,427241000,147.09121210280074,149.43365312101446,146.98294764352303,148.68565368652344,58301400,96.6153573535617,98.3314898433163,96.6153573535617,98.08434295654297,17568900
2022-11-25,241.53510238359647,242.89264412556477,240.96864408013352,241.71090698242188,9200800,110.52793133194992,111.94801193573602,110.24986728645337,110.63716888427734,12007600,93.79000091552734,94.43000030517578,93.06999969482422,93.41000366210938,35088600,16.29751282305904,16.466299355969085,16.151696223942388,16.24957275390625,167934000,145.96920976620405,146.53022062215993,144.79798922240155,145.77236938476562,35195900,97.73199454465066,98.2034645659175,96.80395737718689,96.8734359741211,8567800
2022-11-28,240.33386298973988,240.89054534482318,235.17715584666723,236.11473083496094,24778200,110.01153991004735,111.26280166148337,107.62818671851666,108.0254135131836,23309400,93.93000030517578,96.4000015258789,93.43000030517578,93.94999694824219,74943100,16.00587750224232,16.336463192763517,15.70525673572653,15.807127952575684,303741000,142.84927987681326,144.32560563619245,141.1170630589414,141.9438018798828,69246000,96.47639488213176,97.10170971505562,95.17614955573718,95.5334701538086,19974500
2022-11-29,235.76314670175077,237.12068869969116,232.64764779898533,234.7181396484375,17956300,108.78013045833187,110.17042028263462,107.78706738046849,108.70068359375,23899200,94.04000091552734,94.41000366210938,91.44000244140625,92.41999816894531,65567300,15.807126494631538,15.911995146685767,15.500512771594675,15.619362831115723,298384000,142.01266197350824,142.5244590100729,138.13485967272496,138.94190979003906,83763800,95.2853438247631,95.6724399282433,93.68732859856074,94.7295150756836,20220000
2022-11-30,234.95251010235393,249.36784723041217,234.25908259878403,249.18228149414062,47594200,108.75033836840706,117.34033539585985,108.62123532101768,117.28074645996094,43348600,92.47000122070312,96.54000091552734,91.52999877929688,96.54000091552734,102805800,15.681298173391307,16.91306558413823,15.581398772907361,16.90607261657715,565298000,139.16825626793215,146.37273080225066,138.33168095809938,145.69361877441406,111380900,94.4118991071478,100.69477081298828,93.96524450711816,100.69477081298828,39888100
2022-12-01,247.94196873918125,250.13942980347773,245.0608561020454,248.74282836914062,26041500,118.37313410239103,120.35926056435378,117.57868806348866,119.60453796386719,36551400,96.98999786376953,97.2300033569336,94.91999816894531,95.5,68488000,16.98200093379881,17.247733765667537,16.618364626853012,17.11786460876465,470977000,145.87081033178356,146.7762881829984,144.29605710134743,145.96922302246094,71250400,100.64514089409802,101.82627692679915,99.92057196307098,100.52603149414062,21771500
2022-12-02,243.98653586131007,250.08081797025935,243.85956668321174,249.0651092529297,21528500,117.01263581110268,123.17955722302418,116.79416070021333,122.63336944580078,39950500,94.4800033569336,95.36000061035156,93.77999877929688,94.12999725341797,72496400,16.64234117792431,16.916067342010866,16.428554479527566,16.85912322998047,371389000,143.6563344518848,145.66413072697534,143.35121453595042,145.4771270751953,65447400,98.63026860784426,100.39701664921658,98.43175291226342,100.07939910888672,18821500
2022-12-05,246.12539896649085,247.89314681984325,242.26763698881598,244.357666015625,23435300,120.905428177411,123.80517050918586,120.50820143607213,121.5807113647461,35474900,93.05000305175781,94.05999755859375,90.81999969482422,91.01000213623047,71535500,16.662320750441012,16.97800471429634,16.455527032443175,16.5933895111084,352255000,145.4377569527139,148.53803463745106,143.46932286260514,144.3157501220703,68826400,99.0719426457391,100.9925353668301,98.61536796458614,99.12653350830078,19955500
2022-12-06,244.96316804950706,245.97887669587513,238.08754909606984,239.39625549316406,22463700,119.07821369134132,119.71377354252466,112.95100789955556,113.32837677001953,43689200,90.5,91.04000091552734,87.9000015258789,88.25,75503600,16.513469290675516,16.556425555356533,15.803179908628083,15.971012115478516,352694000,144.74881132681773,144.97517704731527,139.68008441838234,140.6544647216797,64727200,98.92801845539366,99.46399940772264,96.03968549143026,96.58558654785156,20877600
2022-12-07,239.11305308285705,240.41199845740607,236.5542366516699,238.66378784179688,20481500,112.97086004692484,115.07614896382506,112.09695967254044,113.13967895507812,29461100,88.33999633789062,89.88999938964844,87.4800033569336,88.45999908447266,68086900,15.75622742232806,16.169813909620327,15.651331932839504,16.103879928588867,372388000,139.9458322919547,141.10720126498546,137.79039443330282,138.71556091308594,69721100,96.0496086137237,96.585589582895,94.3176038203689,94.4416732788086,26647900
2022-12-08,239.12281178477338,242.93175300820135,237.38437721752427,241.62303161621094,22611800,115.58260501564732,116.52601185996862,113.79508853786317,114.52996063232422,30619400,89.23999786376953,90.86000061035156,87.87999725341797,90.3499984741211,73305900,16.256728622158576,17.16182280977595,15.943041522391448,17.151832580566406,515456000,140.1131279990439,141.25482328488022,138.8730200272998,140.39854431152344,62128300,94.9776550505126,95.15631537507932,93.1017254288614,93.25060272216797,25593200
2022-12-09,238.9861269716375,242.5118322229361,238.45874280468607,239.68931579589844,20609700,114.50017198974827,116.72463108662397,113.0800915339436,115.09600830078125,26033400,88.9000015258789,90.30000305175781,88.62999725341797,89.08999633789062,67398500,17.142838730956267,17.565416038789124,16.95802427651782,16.983997344970703,465338000,140.09347268821548,143.272505058159,138.676197516891,139.91632080078125,76097000,93.20097447341072,93.78657865587707,92.32752067909017,92.37715148925781,21885300
2022-12-12,241.67188039318714,246.64302204339194,241.39841976544412,246.6137237548828,30665100,114.38102468912072,114.91727974978602,112.35517476320891,113.9142837524414,24747100,89.20999908447266,90.58000183105469,87.87000274658203,90.55000305175781,61999800,17.019964378211757,17.520462850697957,16.78020459668349,17.517465591430664,457328000,140.44774653895632,142.21933993621704,138.83363144766497,142.20950317382812,70462700,92.39700773487503,93.17616760482018,91.21587158517735,92.86351013183594,27380900
2022-12-13,255.57936772226543,257.75730647644866,247.16065519497627,250.92076110839844,42196900,121.28280444893988,122.44469413726709,117.8170160434879,119.31654357910156,44701100,95.2300033569336,96.25,90.5199966430664,92.48999786376953,100212000,18.512469006153694,18.77121078174227,17.693289316822757,18.05392837524414,656589000,147.14046624112265,147.60304951034107,141.96348935709867,143.174072265625,93886200,97.33994195328432,99.05706673014706,94.66996456656575,95.13646697998047,34788500
2022-12-14,251.1258502529427,256.458347318601,248.37169195338248,251.2137451171875,35410900,118.56181549227547,123.27886571815174,118.56181549227547,120.74655151367188,36922000,92.5,93.45999908447266,89.87000274658203,91.58000183105469,70298000,17.969013028546826,18.2337493318541,17.402580576281,17.656326293945312,496888000,143.05597702965818,144.34529916781915,138.93210452988586,140.9497528076172,82291200,94.82876261576224,96.49625632109286,93.24067517558981,94.60047149658203,26452900
2022-12-15,247.7954903825162,248.26427792829423,241.5644623556632,243.19546508789062,35560400,117.5091619839413,117.80707637704052,113.21912956566705,115.34428405761719,34531000,89.88999938964844,89.97000122070312,87.47000122070312,88.44999694824219,84802900,17.128851458484657,17.302677220211773,16.68329837585279,16.93504524230957,478542000,138.88283646734595,139.56194847795751,133.8830132053196,134.34559631347656,98931900,92.84366437510401,93.33001456500213,89.75681543296425,90.52108001708984,28298800
2022-12-16,242.74618523388142,244.00605626723987,237.82386444207205,238.976318359375,86102000,119.39598553083218,122.45461426632954,117.9957628564649,118.60153198242188,67064000,88.2699966430664,89.3499984741211,86.7300033569336,87.86000061035156,146144100,16.84713627352837,17.02395931877001,16.39358980223308,16.554428100585938,478232000,134.53264031194206,135.47748033551235,131.6193510336839,132.3870391845703,160156900,90.52107430259025,91.06698295150255,89.33993820168727,90.18360900878906,48485500
2022-12-19,239.14232316975992,239.48415634998406,233.1359365642747,234.83529663085938,29696400,116.01957187119426,116.98284435751376,113.53691394829686,113.68587493896484,29769900,87.51000213623047,87.62999725341797,84.51000213623047,84.91999816894531,83531500,16.555426124711342,16.592387869431995,16.128853140261523,16.237743377685547,354039000,132.97755207276447,133.0661279935264,129.24737645818792,130.28079223632812,79592600,90.20345275025069,90.52107024831994,88.26301225260495,88.48633575439453,23020500
2022-12-20,233.8098412838887,237.23788993522047,232.85272912283375,236.15380859375,25150800,112.4743297898754,116.51609633840275,111.67987627248904,116.27775573730469,28742500,85.33000183105469,86.61000061035156,84.33000183105469,85.19000244140625,74348300,16.047933599626546,16.293687865100402,15.836146679866738,16.068912506103516,403260000,129.31625782088165,131.14690185461754,127.83993247167396,130.21189880371094,77432800,88.06946689092203,89.11164578855437,87.38460106347884,88.96276092529297,21976800
2022-12-21,236.04637204350925,239.88459664487903,234.5032643589745,238.72238159179688,23690600,115.89045916890343,119.50520819779996,114.81795679355497,118.92923736572266,20392800,86.18000030517578,87.2300033569336,85.20999908447266,86.7699966430664,59267200,16.09788497158055,16.610372416442008,16.085895936024823,16.4844970703125,325025000,130.8811625578248,134.65071518492888,130.6547968699711,133.3121795654297,85928000,89.06202986482222,90.23820599326167,88.24813446108449,89.57815551757812,20336400
2022-12-22,235.6264185705002,236.3393833310989,228.408980416361,232.62811279296875,28651700,116.38698780977433,117.79714311561598,113.58655027861963,116.30754852294922,23618100,85.5199966430664,85.68000030517578,82.25,83.79000091552734,81431300,16.07790496925897,16.12186159180077,14.867117143254697,15.323659896850586,565045000,132.22957105725172,132.43624823454394,128.24348886904642,130.1430206298828,77852100,88.2679691084836,88.51610800650896,86.29278560052927,87.60295867919922,23656100
2022-12-23,230.59667062115278,233.29221736870184,228.47734339350782,233.15548706054688,21207000,115.22511707731186,117.3602043835439,114.7385182510215,117.22117614746094,17796600,83.25,85.77999877929688,82.93000030517578,85.25,57433700,15.180803762657309,15.32366040889023,14.868117043970384,15.190793991088867,349326000,128.85367283616628,130.32999816428637,127.59387642427377,129.77883911132812,63814900,86.96773422614893,89.42926815166591,86.96773422614893,89.14142608642578,17815000
2022-12-27,233.12616367836742,233.35078882419523,230.32318521167457,231.4268035888672,16688600,117.11194086388592,117.77729137467526,115.2449848171056,116.06922149658203,21392300,84.97000122070312,85.3499984741211,83.0,83.04000091552734,57284000,15.058924263104824,15.084898282356406,14.041941802476122,14.106877326965332,464902000,129.3064518231432,129.3359771357154,126.68843064335461,127.97775268554688,69007800,88.64516075149496,88.83374878667638,86.88338017162705,87.27543640136719,15470900
2022-12-28,231.35846669812094,234.12238618004355,228.7019792420853,229.05357360839844,17457100,115.44358969536862,117.33041117127519,114.70872509527865,114.81796264648438,19612500,82.80000305175781,83.4800033569336,81.69000244140625,81.81999969482422,58228600,13.913072868778418,14.247737902630835,13.870115648293575,14.021964073181152,351066000,127.62341762114275,128.96195335269854,123.88339749624971,124.05071258544922,85438400,86.84861925694143,87.86102268662181,85.72703410010159,85.81636047363281,17879600
2022-12-29,230.14740695846007,236.27100238515564,230.14740695846007,235.3822479248047,19770700,115.5925567337181,120.19043657200733,114.96692207560486,119.42578125,22366200,82.87000274658203,84.55000305175781,82.55000305175781,84.18000030517578,54995900,14.387599701260994,14.66831791059792,14.212774495230988,14.588397979736328,354923000,125.9699273840094,128.42062552699434,125.71403637929805,127.56436157226562,75703700,86.38212887509755,88.69974572753088,86.34242573493127,88.28783416748047,18280700
2022-12-30,232.6476561526492,234.3567925734217,231.133846628039,234.22006225585938,21938500,117.34034806387496,119.58466537798836,116.92325577343314,119.50521850585938,19583800,83.12000274658203,84.05000305175781,82.47000122070312,84.0,62401200,14.319664595858889,14.614369650707939,14.218765770853738,14.599385261535645,310490000,126.38331908581098,127.8990067839709,125.41878304163788,127.87931823730469,77034200,86.71462173067384,88.16871968710213,86.38211649859605,88.06946563720703,19190300
2023-01-03,237.40391403529475,240.011565882423,231.85653825258547,233.9856414794922,25740000,121.9680154005033,125.49339260262421,121.4317603919951,123.87469482421875,35528500,85.45999908447266,86.95999908447266,84.20999908447266,85.81999969482422,76706000,14.836148204062967,14.981003655234762,14.081903121676092,14.300683975219727,401277000,128.2238013285794,128.83401111884518,122.21023430585915,123.09603118896484,112117500,89.16127890666588,90.86847589467597,88.357303653299,89.03224182128906,20738500
2023-01-04,226.85611938033796,227.43233894450995,220.6837029776662,223.75038146972656,50623400,126.49639063127337,128.1548119719727,124.97700511216185,126.48646545410156,32397100,86.55000305175781,86.9800033569336,83.36000061035156,85.13999938964844,68885100,14.552431925929696,14.838145196007998,14.226757745256368,14.734249114990234,431324000,124.88729543343348,126.62936374107429,123.10586505340991,124.36566162109375,89113600,90.33248723113951,90.56077077837028,87.14638466544511,88.04960632324219,27046500
2023-01-05,221.89472640541456,222.2365596343891,216.58175162726957,217.11891174316406,39585600,125.25506187770603,127.62848995649135,123.67609498620853,126.0594482421875,25447100,85.33000183105469,85.41999816894531,83.06999969482422,83.12000274658203,67930800,14.476509114267246,14.549436068229195,14.133851704136582,14.25073528289795,389168000,125.12351256937882,125.75341088924934,122.79092293482029,123.04681396484375,80962700,87.41437163840293,87.55332881699137,85.91561055780093,86.1240463256836,23136100
2023-01-06,217.79280825495562,220.48835513572715,214.2280440359925,219.677734375,43613600,128.0753531918348,129.42591965584387,125.16567791552465,129.11807250976562,27584500,83.02999877929688,86.4000015258789,81.43000030517578,86.08000183105469,83303400,14.459525782981146,14.994990027309514,14.019966208080364,14.844141006469727,405044000,124.02120184221346,128.2336424206293,122.91887596059405,127.57421875,87754700,86.70967547384267,87.81141301993817,84.93299967944179,87.50372314453125,26612600
2023-01-09,221.16220567014574,225.84036362664992,221.1231462597137,221.81655883789062,27369800,130.25016326294266,132.0277395914627,128.38319973683383,128.57188415527344,26649100,87.45999908447266,89.4800033569336,87.08000183105469,87.36000061035156,65266100,15.268714667138873,16.03994193956856,15.125857081198152,15.612370491027832,504231000,128.4107665197256,131.30436630158056,127.83991897613902,128.09580993652344,70790800,88.53099502761467,90.15382552806882,87.92057546367433,88.1389389038086,22996700
2023-01-10,222.4416512068121,225.90875938940619,222.0216991383432,223.50621032714844,27033900,126.38714433308007,132.51434975414818,126.26798160348737,132.06747436523438,28684400,87.56999969482422,90.19000244140625,87.29000091552734,89.87000274658203,67756600,15.491492779879401,15.946037698097602,15.456527932742713,15.893091201782227,384101000,128.20410381019116,129.18832083166095,126.09787998496417,128.66668701171875,63896200,86.07442389495867,88.80891188022328,86.05456854206112,88.5756607055664,22855600
2023-01-11,225.88921816868051,230.44040764705468,225.71342844154773,230.26461791992188,28669300,130.05155039539636,132.9215021516353,129.4358409686768,131.96815490722656,25423000,90.93000030517578,95.26000213623047,90.93000030517578,95.08999633789062,103126200,15.824158513514837,16.011970219679487,15.547435115356448,15.984996795654297,353285000,129.1784814447806,131.4028064616691,128.40095662151043,131.3831329345703,69458900,89.38955430366411,91.76176156569193,89.0719368167323,91.57318115234375,25998800
2023-01-12,229.7665026549743,234.2981546866577,228.10620187098192,232.94061279296875,27269500,132.51435215688096,136.72493031020812,130.84599814762683,135.7616729736328,30757700,96.93000030517578,97.19000244140625,93.5,95.2699966430664,85254800,16.083897626620722,16.620359284778843,15.476504976085742,16.49448585510254,551409000,131.76698078856714,132.14097304777255,129.36548883237654,131.3043975830078,71379600,91.71214974142238,91.93051321072134,89.89577096236188,91.22579956054688,22754200
2023-01-13,231.46589026262427,233.78054439645499,229.4344578762405,233.64381408691406,21333300,134.03373369283793,136.43694468179817,133.90463063523947,136.02978515625,22423800,94.18000030517578,98.37000274658203,94.12000274658203,98.12000274658203,85549400,16.26171809881235,16.905074955368576,16.14883216160721,16.882097244262695,447287000,129.94617875784812,132.79056549396478,129.58202324711493,132.63308715820312,57809700,90.84662752181106,92.28782168527326,90.25307970566047,92.10916137695312,18630700
2023-01-17,232.41324073937315,235.28459213527947,231.55378456577233,234.7376708984375,29831300,135.23530901109694,135.80136218171825,133.31870473781115,134.42100524902344,21147600,98.68000030517578,98.88999938964844,95.7300033569336,96.05000305175781,72755000,16.882101069354157,17.71027253708016,16.882101069354157,17.684297561645508,511102000,132.7019674841355,135.12313266732727,132.01301865225,133.79444885253906,63646600,92.08931768282399,92.27790569120275,90.16375717966973,91.47393798828125,22935800
2023-01-18,235.92920583478175,236.72028947485737,230.0204739060556,230.30369567871094,30028700,134.86789893919627,136.29791224625038,131.87878442440996,132.09725952148438,20215500,97.25,99.31999969482422,95.37999725341797,95.45999908447266,79570400,17.64933195026429,17.8551253151724,17.264716740500983,17.359622955322266,439624000,134.6605787592018,136.42232060237055,132.8988218980733,133.07598876953125,69672800,92.24812416569286,92.89129525669863,90.71958756208764,91.09675598144531,19641600
2023-01-19,228.3210895299991,230.02046480616403,225.29347050869634,226.5142822265625,28623000,131.57095128372185,136.49653636219355,131.22337309604464,135.20555114746094,28625200,94.73999786376953,95.44000244140625,92.86000061035156,93.68000030517578,69002700,17.018960755905177,17.17980093611209,16.714267402001692,16.748231887817383,452932000,131.96381962844052,134.0995687562006,131.65871475561192,133.13504028320312,58280400,90.70966986789205,93.69726481156859,90.69974219001155,93.2109146118164,28707700
2023-01-20,229.37586152604075,235.11856433736398,229.03402830061015,234.61070251464844,35389800,134.9473578036574,138.96926679906724,133.67623811836893,138.40321350097656,28688600,93.86000061035156,97.3499984741211,93.19999694824219,97.25,67481500,16.993986450014212,17.838142558730407,16.808173556686363,17.82115936279297,564967000,133.14486670992753,135.84162653742413,132.1015991542997,135.69398498535156,80223600,95.23571930203236,98.67988889810704,95.19602373670406,98.54093170166016,53704800
2023-01-23,235.47013642558932,239.44509106116212,234.05398311341634,236.9155731201172,31934000,138.3237663794459,142.76276009307352,137.69814686781393,142.2761688232422,27470100,97.55999755859375,97.77999877929688,95.86000061035156,97.5199966430664,76501100,18.045934566497856,19.22575518813864,17.80018219062393,19.17380714416504,655163000,135.94005904305521,141.0579999020067,135.72353008280908,138.88287353515625,81760300,98.39203314852789,100.64513858393207,98.01486474955105,100.45655059814453,31791800
2023-01-24,236.83747939221803,238.25361804107612,234.82558401353157,236.38821411132812,40234400,140.70711051189517,143.99414688881774,140.37939787648503,142.1470489501953,21970200,96.93000030517578,98.08999633789062,96.0,96.31999969482422,66929500,18.808173425147835,19.47550662588318,18.80118045535214,19.24573516845703,496204000,138.0954934654877,140.90051809732327,138.0856567013407,140.28045654296875,66435100,98.80891602833275,100.33744503515337,97.96523768447395,98.47144317626953,27391400
2023-01-25,229.00471246415324,237.61876602103504,225.50830635326923,234.9915771484375,66526600,140.2403761535725,142.17684622265583,139.33668507035335,140.5184326171875,26622000,92.55999755859375,97.23999786376953,91.5199966430664,97.18000030517578,94261600,18.894088631944097,19.350632400488387,18.561421422166926,19.303678512573242,449537000,138.6663409653264,140.18202862963406,136.61916767862735,139.62103271484375,65799300,96.476413040722,96.99254625623635,94.55284411256523,96.00991821289062,31000900
2023-01-26,237.96061466071725,242.51180433252105,236.34914915023313,242.20904541015625,33454500,143.39832110735034,146.48674828891208,142.30596067082345,146.27821350097656,25482100,98.23999786376953,99.48999786376953,96.91999816894531,99.22000122070312,68523600,19.681297222805807,20.14583232825715,19.258719930188406,19.782196044921875,489535000,140.91035682918778,141.9733130723702,139.66039693887691,141.68789672851562,54105100,97.54837534007642,98.47145246627174,96.0992448917933,98.42182922363281,24542100
2023-01-27,243.1759467422718,243.9963286862057,241.06638039859524,242.36532592773438,26498900,147.21170231500102,152.12736239461694,146.36759248742518,150.6874237060547,35771900,99.52999877929688,103.48999786376953,99.52999877929688,102.23999786376953,87775600,19.442538121142203,20.607372500637613,19.38559591313847,20.344635009765625,542142000,140.90049992434123,144.9062550377642,140.82176076743906,143.62677001953125,70555800,98.3126578924552,100.82382292823385,98.23325160871042,99.96029663085938,29020400
2023-01-30,238.8005289422948,239.86508806743547,236.54447131176642,237.04257202148438,25867400,148.3735602855576,150.07168968806806,145.93061841073978,146.03985595703125,28040100,101.08999633789062,101.73999786376953,99.01000213623047,100.55000305175781,70691900,19.930047598821574,20.119856196776876,19.130846582408306,19.14283561706543,488611000,142.67209860282117,143.2527830109075,140.59540019505755,140.74302673339844,64015300,98.00991271096092,98.66896355953914,96.79402595278148,97.2208251953125,24365100
2023-01-31,237.765261353504,242.1601830602323,237.27693671942308,242.02345275878906,26541100,146.92367120527942,148.84029071897626,146.49666137884958,147.9365997314453,29842100,101.16000366210938,103.3499984741211,101.13999938964844,103.12999725341797,66527300,19.150830104290442,19.667313303213437,18.931050789927134,19.51746368408203,498017000,140.4477482733763,142.0618633846007,140.03437897857034,142.0126495361328,65874500,97.13149457139012,99.16623664221824,97.06201598018421,99.12653350830078,22306800
2023-02-01,242.20902977404796,249.22136469253888,239.7381082028261,246.84811401367188,31259900,147.00312805837234,152.51463124063147,146.03985564845766,152.0578155517578,55661000,102.52999877929688,106.23999786376953,101.23999786376953,105.1500015258789,80450100,19.67130927886173,21.170807752513607,19.5913893538845,20.92205810546875,660477000,141.69771052689384,144.29604258311244,139.0895417079852,143.13465881347656,77663600,98.99749766924913,101.42926353709606,97.68732452396537,100.67491912841797,26392600
2023-02-02,252.77644503452774,258.50937315485646,251.24309807964167,258.4214782714844,39940400,182.10793083625816,195.79234024734723,178.91026618373948,187.46054077148438,150475700,110.25,114.0,108.87999725341797,112.91000366210938,158154200,20.978999571946993,21.927049958105407,20.679300340238534,21.68729019165039,564276000,146.54994117081904,148.7939552787564,145.83146678995257,148.4396514892578,118339000,105.99501990085484,108.00990668019372,105.74688098571264,107.99005889892578,46622600
2023-02-03,253.47959800298776,258.0307878622556,251.0965710413973,252.3173828125,29077300,182.19728289326244,195.4050247713877,181.62130449358847,185.23605346679688,76809700,105.26000213623047,108.77999877929688,102.5199966430664,103.38999938964844,144374800,20.978997108875344,21.723252844703303,20.768207695861946,21.07889747619629,429366000,145.6936529941079,154.8960886893848,145.496812581912,152.06153869628906,154357300,102.73943729280762,107.215857815108,102.53100151534208,104.43670654296875,36823400
2023-02-06,251.42859910463446,252.26850319934903,248.83070838044688,250.77423095703125,22518000,185.23607379267708,189.37714543580742,184.2330854357221,184.7693328857422,42483800,102.93000030517578,103.94999694824219,100.6500015258789,102.18000030517578,81945200,20.78519321039508,21.54842912938245,20.76521275361375,21.06791114807129,452197000,150.1620199448286,150.6836538403975,148.4002628109197,149.33526611328125,69858300,101.9205777042125,103.92057679608975,101.44911527014645,102.69973754882812,25573000
2023-02-07,254.44650236769075,262.4940850050237,254.00699815459296,261.3123474121094,50841400,184.29263190267812,192.43574540777024,183.12080969240583,190.2907257080078,47080700,101.16999816894531,102.41000366210938,98.08000183105469,102.11000061035156,119501300,21.360614360794933,22.23673802068742,21.12884604934928,22.15082359313965,664150000,148.26246234257331,152.7800151967711,148.26246234257331,152.20916748046875,83322600,102.85854354090914,107.86102513268486,102.77715324727075,107.2357177734375,33738800
2023-02-08,266.82060062873455,270.2974697516429,259.9938017557166,260.5016784667969,54686000,188.68201008412757,189.50625436758497,181.65112073211336,182.15757751464844,36139100,102.04000091552734,102.66999816894531,98.77999877929688,100.05000305175781,75878300,22.364609852385264,22.85511993042836,21.985989180590057,22.18279266357422,559651000,151.45131927430748,152.14026818212696,148.78408455222657,149.52224731445312,64120100,101.92554669965989,102.80892066202824,97.72207272730535,99.25556945800781,73546000
2023-02-09,267.4065775689988,267.58239710210876,256.6634348210044,257.46429443359375,42375100,184.83886197746415,185.3552439417176,176.04032124262613,176.68580627441406,37118800,101.31999969482422,101.77999877929688,97.56999969482422,98.23999786376953,64622500,22.583394939904977,22.996980498584975,22.097880878059367,22.31466293334961,523876000,151.35289040745275,151.89421276586904,148.04592065726195,148.4888153076172,56007100,99.79154352738443,99.86102211828701,93.16127164408728,94.74935913085938,97798600
2023-02-10,255.42310477455004,257.9233247404557,254.57342460398476,256.9564514160156,25818500,175.12669134476383,177.64906506091359,172.14750191549953,172.9419403076172,33433600,97.55999755859375,98.81999969482422,96.2300033569336,97.61000061035156,52740100,21.668308556927258,22.05591910392087,20.790187926657033,21.243732452392578,550737000,147.32567733632254,149.17882019931434,147.08909918660703,148.85353088378906,57450700,95.02728544575376,96.2977555949545,93.82629389619372,94.15383911132812,49325300
2023-02-13,261.39046487819326,268.1879364908774,260.9118863953709,264.9845275878906,44630900,176.9837048826787,179.7444190570658,174.6003595309434,178.185302734375,31463200,97.8499984741211,99.68000030517578,96.91000366210938,99.54000091552734,52841500,21.51645868835971,22.025948836069368,20.94103456636859,21.76620864868164,474919000,148.79435847028975,152.05708767351098,148.76478808797367,151.6529541015625,62199000,94.30271332124248,94.64017860343876,93.34986081712536,94.29278564453125,43116600
2023-02-14,266.3029914231284,268.5492730065141,262.9921358196889,265.8146667480469,37047900,175.93108652361,180.25090250837437,174.659966793786,178.2349853515625,24034600,98.41000366210938,100.91999816894531,97.5199966430664,99.69999694824219,56202900,21.556420076698707,23.025949676572004,21.34463219361314,22.948028564453125,675474000,149.94767374239032,151.57412024796835,148.70567235340334,151.0122528076172,61707600,93.95532195698155,94.46648751360657,91.96028296968275,94.24315643310547,42513100
2023-02-15,262.7109069591907,265.07053065688496,260.61562828503037,263.69000244140625,28922400,175.1962038438669,176.95392990973855,174.1137686177919,175.9310760498047,25308900,99.08999633789062,101.16999816894531,98.44999694824219,101.16000366210938,47957600,22.526448693208266,22.832142420903672,22.08389284711268,22.741233825683594,420575000,150.92354792770303,153.27941747242824,150.69683660205456,153.11184692382812,65573800,94.03471956430559,96.61536272341945,93.6575511458331,96.37715148925781,36964500
2023-02-16,258.50082598261054,261.1639673790336,256.42514795944504,256.669921875,29603600,171.55166735716432,174.63016933039438,170.59832002033082,171.2438201904297,25827500,99.20999908447266,100.62999725341797,98.0999984741211,98.1500015258789,56339200,22.110867159447228,22.52744999044247,21.905073777556623,21.979999542236328,412026000,151.31784339392544,154.09758049199988,151.16013965459408,151.51499938964844,68167900,94.82876722014726,97.15134379430933,94.26301080547198,95.06697845458984,35642100
2023-02-17,253.967573126931,254.65292198719706,250.6484253397839,252.6653594970703,30000100,169.03918907715567,171.97864714115232,168.52279206209818,171.6807403564453,24171300,97.80000305175781,97.94000244140625,95.6500015258789,97.19999694824219,60029400,21.609366570739,21.71825680895327,20.954022522936867,21.366609573364258,465888000,150.17441057100683,150.81512239489066,148.69583093968438,150.37155151367188,59144100,94.36227144437989,95.03720963292763,92.75432846126934,93.8858413696289,31095100
2023-02-21,249.16022201193073,250.14911804172624,246.33063657642128,247.3880615234375,28397400,173.10084877617902,176.93407344078165,170.68771240655548,170.88632202148438,34592600,95.33999633789062,95.61000061035156,94.2699966430664,94.58000183105469,56580400,20.978994510105068,21.472499862681932,20.597376640455924,20.634340286254883,410015000,148.05511953332274,149.1394173925265,146.29068760704538,146.35968017578125,58867200,92.54588210947828,92.71958236867864,91.31511528466467,91.36474609375,28367200
2023-02-22,248.7784030931242,249.02317699870756,245.10679450937417,246.25233459472656,22491100,169.88332710252644,171.5615911643237,168.51289505206418,169.93296813964844,22433200,95.0999984741211,97.01000213623047,94.80000305175781,95.79000091552734,59534100,20.68629577363989,21.082898172560363,20.400580541197964,20.733247756958008,513184000,146.74408634882758,147.80866542554767,145.0585140913541,146.7835235595703,51011300,91.24962049124635,91.67245173405243,90.19354575367564,91.11662292480469,29891100
2023-02-23,250.2176775849685,251.47091880005274,245.24386997643438,249.44419860839844,29219100,170.80684176314054,172.48512071423704,168.20502146429376,170.8465576171875,20017800,96.12000274658203,96.43000030517578,93.66999816894531,95.81999969482422,48467000,23.41656006308935,23.864112008367524,23.001974156806483,23.640335083007812,1117995000,147.94667430552937,148.1931042440918,145.1373820304515,147.2665252685547,48394200,91.44415064857093,91.44415064857093,89.3399374861947,90.39204406738281,32423700
2023-02-24,244.73474425667752,245.75299711343044,242.91362583186992,244.0102081298828,24990900,167.4701777271182,169.53575100498932,166.49698003228437,169.20803833007812,19791300,93.52999877929688,94.13999938964844,92.31999969482422,93.5,57053800,23.201772660724565,23.450524180326013,22.924050815235166,23.262710571289062,589716000,145.0092263234326,145.0880857046954,143.6390765358812,144.6149444580078,55469600,88.96275168514488,89.45902946273765,88.1984872395951,88.6848373413086,31295600
2023-02-27,247.18246470486716,247.5349396941545,244.17663424902608,244.9305419921875,21190000,170.68770143860985,171.91909006380854,167.88725604335212,168.36392211914062,19277000,94.27999877929688,94.77999877929688,93.13999938964844,93.76000213623047,47470300,23.646324873974233,23.856113913208368,23.430541317778875,23.477493286132812,452994000,145.6006854773172,147.03982803359767,145.344388690471,145.80767822265625,44998500,89.41933257733358,89.77665320796535,88.94291011822351,89.42926025390625,22724300
2023-02-28,243.86333443445264,246.23274385931393,243.53043059507243,244.2060089111328,22491000,170.70756546079775,176.31838187716573,170.6777747757344,173.7264862060547,46051100,93.13999938964844,94.69000244140625,92.91999816894531,94.2300033569336,43959300,23.348627491238524,23.801175507716838,23.182793127166743,23.19278335571289,455963000,144.95007197860627,146.9510815880518,144.7332124606566,145.304931640625,50547000,88.87342512956303,90.7692022981537,88.85356977784703,89.62776947021484,30546900
2023-03-01,245.51801706479446,245.68446153065187,240.65191054363095,241.12188720703125,27565300,173.37887720914978,176.61627250504657,171.8495667534545,172.2169952392578,30998400,93.87000274658203,94.68000030517578,91.58999633789062,92.16999816894531,52299500,23.16880994807016,23.232747037293194,22.485493858738007,22.675304412841797,460026000,144.73323786008925,145.1275197577975,142.93922063146897,143.2349395751953,55479000,89.48881920235208,90.52107039328135,89.18112180779958,89.83621215820312,26323900
2023-03-02,241.3960138819759,246.14461839541934,240.47566166300976,245.86068725585938,24808200,171.1842257694203,173.7959714755196,170.24080368144263,173.31930541992188,17352000,91.41000366210938,92.2300033569336,90.38999938964844,92.12999725341797,55509400,22.465509649279113,23.356615814296525,22.40956399575206,23.290681838989258,389415000,142.31822024697658,144.61494903595985,141.84506394442167,143.8263702392578,52238100,89.19105203078807,91.79155058079907,89.10171808381965,91.62281036376953,23328600
2023-03-03,246.9181207220463,250.27641144489547,246.1348412573584,249.95330810546875,30760100,177.67884419711405,185.32542687141702,175.82182108915276,183.96493530273438,45877700,92.73999786376953,94.94000244140625,92.66000366210938,94.9000015258789,55759600,23.29667828013058,23.87609816871999,23.106867758135774,23.866107940673828,412393000,145.9259379185379,148.95210462024477,145.2260853537234,148.8732452392578,70732300,92.04959848223413,93.40940229555405,91.97019979436118,93.320068359375,30242500
2023-03-06,251.06947021639408,254.68233526542298,250.62888019720313,251.50027465820312,24109800,186.69585692091326,188.34434525170775,183.3591644038687,183.6173553466797,33209400,95.19000244140625,96.55000305175781,93.73999786376953,93.75,52112400,23.867107967065923,24.223749385629638,23.463510762437853,23.530445098876953,437429000,151.59384830577196,154.0680147422593,151.26857399298945,151.63328552246094,87558000,93.65755015416657,95.58311050579802,93.59799923940635,94.86846923828125,28288200
2023-03-07,250.94217713898314,252.30313429367388,248.09302044698885,248.83712768554688,21473200,187.68893091467473,189.0394973728768,182.73354045821804,183.23007202148438,36701500,94.05999755859375,95.08999633789062,92.77999877929688,93.55000305175781,49100700,23.580402685270712,24.104966338425466,23.22169964405819,23.268661499023438,515154000,151.50512207262017,151.83041139396585,148.9718301446463,149.43511962890625,56182000,94.70965818395362,95.37466865117595,93.14539405582894,93.46896362304688,24101500
2023-03-08,248.72940376299266,249.2189514923591,245.56692961443244,248.39651489257812,17340200,181.6014509997279,183.97487129085047,180.08206561247465,183.6868896484375,19432400,93.5999984741211,94.16999816894531,92.18000030517578,93.91999816894531,44899100,23.467495262178186,24.179904417575,23.4045478535388,24.160919189453125,513573000,150.62784041964048,151.278419098267,149.66183922588297,150.68698120117188,47204800,93.70221755613018,95.52355631627923,93.70221755613018,93.94539642333984,25395200
2023-03-09,250.47226024324826,254.13406846962502,246.320889244456,247.04542541503906,26653400,185.0573508261589,187.61944078909306,179.04931486920512,180.42967224121094,26582800,93.68000030517578,96.20999908447266,92.18000030517578,92.25,56218700,24.154924912871536,24.43369447307599,23.36358275312628,23.416540145874023,501257000,151.36714931784533,152.3331506331596,148.08470016179072,148.43955993652344,53833600,93.78658602050105,95.20594097512884,91.66748505219165,91.97021484375,24438900
2023-03-10,245.8313095923703,247.50555459686285,242.4240613016346,243.3933563232422,28333900,179.7543499292982,183.48827695906897,177.55968891934018,178.26475524902344,25665000,92.66999816894531,93.56999969482422,90.25,90.7300033569336,69827500,23.38956009205049,23.607379462799077,22.707126734055908,22.9459285736084,474866000,148.06496662146847,148.78453780981002,145.5020893181875,146.37937927246094,68572400,91.81140252008929,92.48634070097877,90.12406085416511,90.3324966430664,32850100
2023-03-13,242.22824622027488,252.51855056988012,240.59315835594796,248.61195373535156,33339700,176.7255332709814,182.50515320013594,173.6073154373622,179.64512634277344,24728000,89.97000122070312,94.0199966430664,88.12000274658203,92.43000030517578,72397100,22.733106940046454,23.27865305444534,22.278484860419933,22.946928024291992,421890000,145.69925527320058,150.95314411845015,145.59082548311505,148.32127380371094,84457100,89.89081140537432,92.38708844092993,89.27046407899174,90.9776611328125,31508600
2023-03-14,251.38277879923007,255.61247868470284,250.51138437002095,255.3383331298828,33620300,186.27875937922718,192.97200945503522,185.2658308762908,192.67408752441406,41642600,93.83000183105469,95.06999969482422,92.70999908447266,94.87999725341797,60912700,23.476487867060463,24.19888701960605,23.44051655907677,24.04301643371582,474910000,149.11965944141213,151.2093801741156,147.956517536496,150.41094970703125,73695900,92.37715438705688,94.12405445789844,92.08931233877172,93.54837036132812,32303900
2023-03-15,254.5452601893461,260.9093809729157,253.79133752741032,259.89111328125,46028000,191.61152878670697,196.4080255450834,189.51616496662461,196.37823486328125,42123600,93.22000122070312,96.66999816894531,93.06999969482422,96.19999694824219,70731800,23.741268759575973,24.265832423154546,23.340602676375205,24.207881927490234,524486000,149.03098388604963,151.06156433450928,147.77911548729296,150.80528259277344,77167900,92.84365836210459,96.52603899232889,92.34738052666846,95.83125305175781,38367300
2023-03-16,259.66589855598056,270.77863800186395,257.77625148946686,270.4261779785156,54768800,196.88466397431856,204.3326364383573,194.729719093076,203.50839233398438,50447100,95.75,100.98999786376953,95.61000061035156,100.04000091552734,84446900,24.00704616957806,25.56674868740069,23.874155298745986,25.51978874206543,583253000,149.98711209240733,154.22570978036399,149.47453364061312,153.62442016601562,76161100,95.8510961355268,101.21089801007058,95.1563102290075,100.31759643554688,54499500
2023-03-17,272.44312854039293,277.4071201106938,270.54368084412533,273.5886535644531,69527400,199.16872616449064,200.49942703670612,194.0743077851282,194.25306701660156,50141100,99.79000091552734,100.66000366210938,97.45999908447266,98.94999694824219,87300200,25.96042077804169,26.377074252166967,25.64668049095668,25.70363426208496,848547000,153.8511391851991,154.50171782493953,152.07684064085686,152.78656005859375,98944600,100.08931500570836,102.71958917391197,99.99998862590255,101.69725799560547,76140300
2023-03-20,271.189857247299,271.67940495199,264.2089021976658,266.5391540527344,43466600,197.10318624110985,197.97708673508296,192.2967638301425,196.43783569335938,25186300,98.41000366210938,98.4800033569336,95.69999694824219,97.70999908447266,62388900,25.59372917074599,26.00238993506894,25.109131303094223,25.87849235534668,432747000,152.85558396503848,155.56631354554972,151.94870846939224,155.1522979736328,73641400,100.30767742123733,101.8163663379624,100.03969071203699,101.17120361328125,26033900
2023-03-21,269.1337737128017,269.2512603911417,263.8858063365012,268.0567626953125,34558700,201.79043897159778,202.1380171523649,196.57685717774208,200.75765991210938,31827000,98.13999938964844,100.8499984741211,98.0,100.61000061035156,58597300,26.15826276917553,26.370086636571166,25.35992640091997,26.17724609375,547408000,155.0734148747329,157.12369840917287,154.30453974820858,157.0054168701172,73938300,101.2208280519322,105.17119528005082,101.10171864834624,105.05208587646484,33122800
2023-03-22,267.6846819650657,275.16498531924117,266.49018435697667,266.597900390625,34873300,201.09529255545812,205.93150535957898,198.28492195719429,198.4239501953125,28477800,100.44999694824219,102.0999984741211,98.61000061035156,98.69999694824219,57475400,26.40305656588551,27.566091472465203,26.215212950904103,26.446022033691406,797295000,157.02515051318744,159.82459083880553,155.55642275206148,155.57614135742188,75701800,104.35730992504037,106.70966975559035,103.43423278369538,103.44416046142578,32336900
2023-03-23,272.1297973919541,275.1845704783979,269.4470853649454,271.85565185546875,36610900,201.43294730167042,206.43799459982785,200.7477312302489,202.8629608154297,27389700,100.43000030517578,101.05999755859375,97.62000274658203,98.70999908447266,57559300,27.09248178596672,27.476163665994406,26.667835494751287,27.168418884277344,564889000,156.56186795883147,159.24302685232914,155.4282812343858,156.66043090820312,67622100,105.10173051856704,106.30371410940663,104.62530798672589,105.46897888183594,31385800
2023-03-24,271.44445936393123,274.76360784861777,269.52544032042374,274.7048645019531,28172000,203.7566883902138,206.14004902497825,202.13800577125969,204.5809326171875,27716400,98.06999969482422,98.30000305175781,96.4000015258789,98.12999725341797,56095400,27.00855309347375,27.144439836382894,26.33311386181286,26.75676155090332,454920000,156.5914437450547,158.0503047976887,155.59587218901564,157.9615936279297,59196500,104.9528292814151,105.36970839755767,103.96027366006327,105.27044677734375,25236200
2023-03-27,274.6362856404628,275.5762089469485,269.7603793312512,270.6024169921875,26840200,203.38925794851974,204.4319772692873,199.9631931685185,201.43292236328125,18527200,99.06999969482422,99.33999633789062,97.08000183105469,98.04000091552734,46721300,26.814715931188335,26.977580691716717,26.343107731941966,26.508970260620117,361026000,157.6560126824132,158.47416184588545,155.61556566491817,156.01971435546875,52390300,104.53595579809486,104.61536206375317,101.8659788029712,102.29277801513672,25393400
2023-03-28,270.02473146887456,270.36742083827164,266.3628943176216,269.4764404296875,21878600,198.76156536376755,199.63546570535854,196.5271734791504,199.2878875732422,19127300,98.11000061035156,98.44000244140625,96.29000091552734,97.23999786376953,38720100,26.42503717383145,26.490982347841836,25.828532839951382,26.3880672454834,356104000,155.7141038277052,156.22668215680014,153.7525166935295,155.39866638183594,45992200,102.23323659598337,102.23323659598337,99.53348389367748,100.6054458618164,24913500
2023-03-29,273.12844134818954,275.2628920047133,272.5899508360895,274.64605712890625,25087000,202.14793034442258,204.29295036342754,201.13500169884674,203.92552185058594,18851100,98.69000244140625,100.41999816894531,98.55999755859375,100.25,49783300,26.802727159767205,27.055515439693604,26.57491583467265,26.961593627929688,393694000,157.09418046089732,158.75019776487642,157.07447689173614,158.4741973876953,51305700,101.95531375660877,102.05456780336732,100.27789234777528,101.14141845703125,26148300
2023-03-30,278.2883815165173,278.513554404513,275.5958683420122,278.11212158203125,25053400,201.9691860222498,206.6465049204473,201.4130730889809,206.3982391357422,22608300,101.55000305175781,103.04000091552734,101.01000213623047,102.0,53633400,27.206388565387414,27.47616480917353,27.079493220776026,27.360260009765625,364516000,159.22332411879057,160.14990317241256,158.96704237580855,160.04147338867188,49501700,100.68485954037943,100.85359220353435,99.54341889253223,100.56575012207031,25009800
2023-03-31,277.7988101339081,283.22297833808955,277.0840595769203,282.27325439453125,32766000,205.80240916140227,210.69820313423787,205.33566827660388,210.4698028564453,25440300,102.16000366210938,103.48999786376953,101.94999694824219,103.29000091552734,56750300,27.117460914270833,27.810884824300686,27.082490132563102,27.75393295288086,433933000,160.120319104618,162.64375926608275,159.59788883873148,162.54518127441406,68749800,100.95283102717076,103.41437229246367,100.6848443421768,103.22578430175781,28108000
2023-04-03,280.5304066816727,282.24382365262437,278.01415418141534,281.2255859375,24883300,207.39129684433962,212.00904941071065,206.75573705825332,211.5919647216797,17924600,102.30000305175781,103.29000091552734,101.43000030517578,102.41000366210938,41135700,27.48615371526439,27.976745147259045,27.313297061618556,27.941774368286133,398716000,161.92418140899423,163.91532439911353,161.87489241518372,163.7970428466797,56976200,101.90569050119943,104.16871625448533,101.61784844344304,104.12902069091797,20719900
2023-04-04,281.2256084444779,284.37829711852913,279.6982218699312,281.1766357421875,25824300,211.90975392152575,214.73999007972566,211.06564414720177,213.23052978515625,21026400,102.75,104.19999694824219,102.11000061035156,103.94999694824219,48662500,27.942776983152683,27.976749146372356,27.284323812201485,27.43020248413086,368592000,164.22093523724538,164.4574983782598,162.75220722625122,163.26478576660156,46278300,104.059541407356,105.31016377523416,103.82133014719805,104.33746337890625,20377200
2023-04-05,279.87447046132644,281.14728273137956,277.00572765537777,278.3960266113281,22064800,212.6644774037662,213.69727161345537,208.48368983343693,210.01300048828125,19396600,103.91000366210938,103.91000366210938,100.75,101.0999984741211,45175400,26.80672385592453,26.97558225141349,26.373084198934407,26.858680725097656,515015000,162.38747921010668,162.69304993016723,159.48946069965245,161.4214630126953,51511700,105.32999691194759,105.7468684224363,103.32701449577492,104.168701171875,21864200
2023-04-06,277.2896759756227,285.97424977654526,276.1343502576284,285.5043029785156,29770300,207.79846352965933,215.43512155529157,207.2026195802258,214.6009521484375,26104400,100.75,102.37999725341797,99.80000305175781,102.05999755859375,43808000,26.561922527602437,27.057510906173512,26.405053322399837,27.01454734802246,397654000,160.1104583059446,162.60434321282244,159.686606015777,162.30862426757812,45390100,104.98260572198302,108.81387106210268,104.03472084988645,108.08930969238281,34684200
2023-04-10,283.16419420739436,283.5460557851989,278.75826456602096,283.3404541015625,23103000,213.22058382610507,214.16399073590577,209.19867526017546,213.2602996826172,16106100,100.95999908447266,102.19999694824219,99.56999969482422,102.16999816894531,37261200,26.80072620018478,27.598063878336834,26.64685475224009,27.55609893798828,395279000,159.11489681167845,159.7161865234375,157.79403581892626,159.7161865234375,47716900,106.59055842302254,107.16624255943994,104.81388277120973,106.1538314819336,19741500
2023-04-11,279.77654407914395,280.00174680479614,275.75247584510697,276.9175720214844,27276600,213.98524452930243,214.52150711898213,211.92961167670683,212.36656188964844,16710100,100.80000305175781,101.0,99.01000213623047,99.91999816894531,60417800,27.700978013397847,27.76692318959248,27.103473133288535,27.146438598632812,314378000,160.03162242596915,160.0414742096721,158.21788648492154,158.50375366210938,47644200,106.12405713251643,106.42182688139324,104.49626633654826,105.33001708984375,18721300
2023-04-12,278.83662385276324,281.01021712063323,276.0657667752644,277.56378173828125,27403400,213.34968761381884,215.3358139520289,211.1053703067004,212.51551818847656,18972200,100.4000015258789,100.51000213623047,97.70999908447266,97.83000183105469,56735000,27.347271008432646,27.44518919596043,26.426035812990722,26.472997665405273,446259000,158.917767985699,159.7457691153541,157.49832888292315,157.8137664794922,50133100,106.59055048271136,106.78608255210057,104.18856763085282,104.43670654296875,22761600
2023-04-13,277.66171935623237,283.8398102405288,277.2505159342496,283.78106689453125,24222700,214.23353996763763,219.61594119763515,214.19382410321052,218.82150268554688,23310400,98.94999694824219,102.56999969482422,98.70999908447266,102.4000015258789,67925100,26.71180158046341,26.86467442012051,26.30713907820163,26.44102668762207,353615000,159.32186881483895,163.43231787231758,159.11486107428212,163.19573974609375,68445600,105.67740085535641,107.45903642274081,105.64762539758821,107.38459777832031,21650700
2023-04-14,281.0004245840228,282.4494967636299,277.7596206838942,280.1584167480469,20987900,216.36862385657403,220.56927712431687,216.04091116860224,219.95358276367188,21591200,102.06999969482422,103.19999694824219,101.11000061035156,102.51000213623047,51450500,26.481988137925153,26.860673088743237,26.198223603530394,26.735776901245117,395660000,162.23961256067847,163.94491858408577,161.48061917083933,162.85076904296875,49386500,106.88832141584483,108.76425100686151,106.78905979179629,108.6451416015625,20758700
2023-04-17,283.8691389960497,285.50424155811174,280.1779598756737,282.76275634765625,23836200,218.26532298731868,219.44707045154968,215.62378676761736,217.34178161621094,15481900,103.16000366210938,103.7300033569336,101.58999633789062,102.73999786376953,39919500,26.542942510363897,26.983576314494652,26.41105214594061,26.97957992553711,321471000,162.73246797792896,163.02818690758198,161.68760746192598,162.87046813964844,41516200,104.64514906462927,105.9156191649266,104.53596733045379,105.62777709960938,29043400
2023-04-18,285.47488392928074,285.6609144658387,281.0102108111372,282.3417663574219,20161800,218.38450114536104,218.91082335488744,214.71017085421727,216.37850952148438,12281000,103.94999694824219,104.19999694824219,101.5199966430664,102.30000305175781,39790500,27.510138201217032,28.086658738816173,27.334283752804854,27.644025802612305,604812000,163.72806193096773,165.01935243982652,163.2844759960185,164.0927734375,49923000,106.20346546657571,106.25309628321669,103.99999048546637,104.33746337890625,17641400
2023-04-19,280.01150857079625,283.00753836856154,278.591838043408,282.42010498046875,17150300,211.98917839281134,215.82240251472518,211.45291584018815,214.20370483398438,15898100,101.58000183105469,105.12000274658203,101.38999938964844,104.30000305175781,58398900,27.338280018329133,27.97674934416324,27.209387427098346,27.907806396484375,358660000,163.43235220441335,165.75865162452376,163.1760554202755,165.23622131347656,47720200,103.43917453542184,104.93793555837468,103.02727063997726,104.2381820678711,16732000
2023-04-20,279.2870204448904,282.988000624926,279.12056104553,280.1290283203125,23244400,211.9991090817005,215.24642970344084,211.294042757246,211.5919647216797,16475400,103.52999877929688,105.25,103.20999908447266,103.80999755859375,57696900,27.64802393339629,28.006727009696085,26.977581546120554,27.08149528503418,427713000,163.71821714939145,165.47279739564374,163.19578679746758,164.2702178955078,52456400,103.8709464139381,106.09228484593666,103.86101873748065,105.11164093017578,22515300
2023-04-21,279.05199435523303,280.2856342624869,277.14274634027174,279.78631591796875,21676400,208.75179104036965,211.92958977941137,208.12615646803314,211.41319274902344,17717200,106.0999984741211,108.1500015258789,105.08000183105469,106.95999908447266,86774200,26.929618278406625,27.160427351710336,26.69980973159089,27.096479415893555,345103000,162.69305305620966,164.07305473489896,162.14105238473394,162.66348266601562,58337300,105.30022715234816,105.84613579862736,104.69973521403983,105.12157440185547,22379000
2023-04-24,276.19304795792937,278.9932766450886,272.8935008803915,275.8797302246094,26611000,212.1977294176344,212.43607003183712,209.24834576393567,211.31390380859375,15750900,107.66000366210938,109.2300033569336,105.06999969482422,106.20999908447266,69575600,26.990571258678283,27.343276892968767,26.64885426501781,27.019546508789062,339282000,162.643765839196,163.23520373133107,161.54961626736943,162.96905517578125,41949600,105.26052319470531,106.52106546021989,104.57565741537479,105.9850845336914,21410900
2023-04-25,273.6670342373716,275.7133405569095,269.6135639108985,269.66253662109375,45772200,209.35758075618784,209.79451581413423,205.69317530472057,206.11026000976562,19198200,104.91000366210938,105.44999694824219,102.44999694824219,102.56999969482422,65026800,27.055512582409374,27.224372863895415,26.203222209345313,26.219207763671875,378527000,162.83105575677226,163.93505711689548,161.3918982344198,161.43133544921875,48714100,105.81636446454722,106.6401875182786,103.78162223739844,103.83125305175781,31408100
2023-04-26,290.49764832472823,293.30764764371935,286.61063797416637,289.1954345703125,64599200,211.0259200488981,212.6247523316215,207.43103628335922,207.94741821289062,41992700,105.04000091552734,106.62000274658203,104.0999984741211,104.9800033569336,73803800,26.979579875522322,27.30730663861179,26.682825603237607,26.933616638183594,406337000,160.73146218660858,162.91976126426218,160.47518046288778,161.4214630126953,45498800,104.77417700523206,106.22330741487521,102.5012235492373,103.67243957519531,37068200
2023-04-27,289.7829002150644,298.81996255788124,289.0779502504288,298.4576721191406,46462600,238.22589653598078,240.01341307215787,235.12754464190036,236.90512084960938,71196500,108.16000366210938,110.86000061035156,106.80000305175781,109.81999969482422,149961200,27.340281221046943,27.47217159023553,26.60289311743897,27.203393936157227,377161000,162.83104713478986,166.1529178634098,162.83104713478986,166.00506591796875,64902300,104.44663867611075,108.3374551666708,103.64266341718557,107.56326293945312,38235200
2023-04-28,297.65479307400113,302.4719255630899,296.96941436297186,300.83685302734375,36469600,237.35202858870025,238.76217650609945,234.11464803069435,238.6529541015625,39554000,107.7300033569336,109.4800033569336,104.33000183105469,105.44999694824219,130715900,27.202394701984563,27.734951176667415,27.048521337557332,27.72595977783203,292216000,166.08391841749662,167.42449781718415,165.48262879614657,167.2569122314453,55275900,106.99749614340858,107.48384626451002,105.25059617631587,107.41436767578125,23957900
2023-05-01,300.55292192498604,302.1488522384796,298.77096109153786,299.1723937988281,21294100,236.96473723497323,242.30742212922294,234.81973222744224,241.49310302734375,29143900,104.94999694824219,105.2300033569336,101.81999969482422,102.05000305175781,74728100,27.816879080883538,29.033867945647167,27.75692944439326,28.885990142822266,570329000,166.8626573980738,168.01594783420873,166.23179728666088,167.16822814941406,52472900,106.91810791476617,107.87096053775701,106.69974443546836,106.9081802368164,20926300
2023-05-02,301.32645423519284,302.7167531753242,297.556930414214,299.02557373046875,26404400,241.49310059756277,243.22103601271516,237.33217853707353,237.5804443359375,24350100,101.47000122070312,103.9000015258789,101.1500015258789,103.62999725341797,73469400,28.656185891505462,28.812056494254247,28.05968148797479,28.186574935913086,402730000,167.6610625345139,167.91735928630777,165.14747425578494,166.13319396972656,48425700,106.85854915899976,106.92802775435598,103.72206954554999,105.19105529785156,20343100
2023-05-03,300.2103062048158,302.1586970048939,297.7331953825414,298.0367126464844,22360800,237.80883395896282,240.07301673078624,231.13544837265977,235.38575744628906,34463900,103.73999786376953,105.95999908447266,103.27999877929688,103.6500015258789,65051900,27.81688013981046,28.34344291416342,27.44918571868085,27.778911590576172,383387000,167.07950544573387,168.47922575134587,164.77292473257992,165.05877685546875,65136000,105.42927114860292,107.3250486604808,104.83373922344859,105.33001708984375,17116300
2023-05-04,299.83820988509484,301.32645423519284,297.05758212520743,299.02557373046875,22519900,234.42245890467396,236.54761320512407,231.31416673911798,231.90008544921875,17889400,104.04000091552734,105.38999938964844,103.30999755859375,104.0,45345500,27.628038892272958,27.835866361148614,27.217380869969254,27.539113998413086,321850000,162.535328337613,164.65461977543495,161.96360907995128,163.42247009277344,81235400,105.36971312684835,105.50867031426654,103.92057519074666,104.4267807006836,19780600
2023-05-05,299.32907229863827,305.44841906822023,297.9093718962461,304.156005859375,28197100,230.628974772949,233.05203595567318,228.25555462179068,231.16522216796875,27000500,104.2699966430664,105.76000213623047,103.55000305175781,105.66000366210938,56951700,27.802892348359304,28.731119816226787,27.707971926376775,28.65618324279785,361494000,168.53832923206727,171.8109254505963,168.32146972164009,171.0913543701172,113453200,104.5359519883639,105.64761694927151,103.9592759318793,105.42428588867188,20710600
2023-05-08,303.6468870133391,303.7154308682789,299.69133289455476,302.19781494140625,21318600,229.81468249897824,233.98554488249752,228.67266588724453,231.65185546875,16400500,105.04000091552734,106.0999984741211,104.69999694824219,105.83000183105469,49430900,28.498313634929115,29.19573394414959,28.326457491586734,29.12679100036621,344979000,170.0169159017989,171.36736200944458,169.65220445536363,171.02235412597656,55962800,105.00742860294079,107.61288731888632,105.00246855056989,107.4342269897461,17266000
2023-05-09,301.5614319841714,303.5587952895824,299.90675810012203,300.58233642578125,21340800,229.85442042692114,234.24375805736074,229.4770515529703,231.75115966796875,16865600,105.4800033569336,106.79000091552734,105.16000366210938,106.62000274658203,44089400,28.875000355164328,28.94893830563209,28.426373831725307,28.547271728515625,314869000,170.57878228109809,171.0617752659888,169.14949184838724,169.3170623779297,45326900,107.97020246225496,109.77169339135227,106.92305594795248,107.13645935058594,24782400
2023-05-10,302.1684462755373,306.4568893157109,301.23832348494085,305.78131103515625,30078000,234.5317268391623,235.1077052956207,229.11953559789785,231.46316528320312,19119000,108.0999984741211,110.66999816894531,108.05000305175781,110.19000244140625,78627600,28.980910779016046,29.088822793586665,28.437363846624915,28.861011505126953,369350000,170.54924563088602,171.54481722364216,169.4452292165715,171.08152770996094,53724500,107.74190955821912,112.66498424955095,107.67243097160629,111.44413757324219,47533500
2023-05-11,303.61751818157876,304.6161848272032,299.85779507616377,303.6272888183594,31680200,231.4333745254559,236.55758411330328,230.6885771488365,234.15435791015625,20449000,111.02999877929688,113.27999877929688,110.48999786376953,112.18000030517578,74924800,28.872004608217654,28.92596062028458,28.22254475076314,28.55426788330078,322149000,171.36736154745756,172.0967844383617,169.71134476851833,171.26878356933594,49514700,114.99749587496332,117.5582912172827,114.07441883634114,116.02975463867188,57115100
2023-05-12,304.05809666453393,304.1560121908101,300.19068735342637,302.5111389160156,19774700,235.0977780320759,235.31625313958426,229.84446542827206,232.18809509277344,16161400,112.16000366210938,112.63999938964844,109.31999969482422,110.26000213623047,49852700,28.505307600656668,28.756100516190692,28.022708903166627,28.316465377807617,274222000,171.3773522647327,171.81167121139163,168.79119952450796,170.34092712402344,45533100,116.12900308682514,117.37962524039534,115.68235610399198,117.04215240478516,31293800
2023-05-15,302.63841521778266,303.4216796405487,301.15997149921776,302.9908752441406,16336500,235.27651903465465,238.59334630985595,233.69755226718914,237.20306396484375,20653200,111.1500015258789,112.29000091552734,109.25,111.19999694824219,53011100,28.48432681161874,28.944944446377114,28.128623434840744,28.928956985473633,293926000,170.9233138186056,170.97267098611968,169.25514096380277,169.84739685058594,37266700,115.62280731812581,117.91064842930201,115.61288721374498,116.08930969238281,22107900
2023-05-16,303.35316000473966,307.15205550564514,303.35316000473966,305.2232360839844,26730300,234.1543500950929,237.9776492286438,233.8862339585763,237.16334533691406,18163800,111.05000305175781,114.79000091552734,111.05000305175781,113.4000015258789,71472900,28.817047075448265,29.845193723113187,28.808055678185124,29.188737869262695,449405000,169.768428394902,170.9035679392614,169.58088019536424,169.84739685058594,42110300,115.96027332070344,120.29773647449159,115.96027332070344,119.19599914550781,32370100
2023-05-17,306.4301577933981,308.5299869808576,304.90922423008425,308.1080627441406,24315000,236.79590818162305,242.14851802395924,236.48806102557035,240.80789184570312,21193100,114.88999938964844,115.83000183105469,114.22000122070312,115.5,65655200,29.55943412398546,30.173923220986072,29.405562670982768,30.15294075012207,432535000,169.4920742376562,170.69630196545663,168.21872838992437,170.45941162109375,57951600,119.28533536350669,121.36970066232753,118.57069410160275,120.5756607055664,26659600
2023-05-18,308.6281218082049,313.0535052333268,307.83332313670064,312.5432434082031,27276000,239.62616082865472,245.37599027263568,239.5169232670551,245.13766479492188,22943300,116.69000244140625,118.5999984741211,116.33999633789062,118.1500015258789,73174100,30.38474850266172,31.80157031583205,30.29482308288843,31.651695251464844,748725000,170.76535626460668,172.97642757139764,170.35078321865043,172.78887939453125,65496700,120.65506331636973,122.97764749293866,120.58558472324069,122.60047149658203,27014500
2023-05-19,310.79668509180397,312.76897905978745,310.4336325582829,312.3666687011719,27546700,245.75331182096357,246.96484994249136,241.72147830139446,243.93600463867188,21733600,118.16000366210938,118.30999755859375,115.69999694824219,116.25,55056300,31.50981251370551,31.553776602186183,30.89032841498642,31.238039016723633,473908000,174.11159953538055,174.11159953538055,172.68033195301507,172.89749145507812,55809500,123.27541389183706,125.53744764704801,121.80643570863663,122.33248901367188,30268900
2023-05-22,312.6217450177961,316.5368664420845,312.04281946483945,315.1533203125,24115700,243.70761021472313,251.81100845505782,243.41961344046746,246.59742736816406,27738500,116.7699966430664,116.7699966430664,114.25,115.01000213623047,70741100,30.875340877060037,31.493828286869693,30.654525616110014,31.150114059448242,372000000,171.73273062815065,172.45331220735133,171.2095777379714,171.94989013671875,43570900,122.59054395340543,126.10419167686175,122.5309854681955,124.93297576904297,29760200
2023-05-23,314.02496753538287,316.66449486892907,309.3346604791277,309.344482421875,30797200,245.09791840756068,249.8646246511215,244.93902466375565,245.02841186523438,17748100,114.2699966430664,117.13999938964844,113.77999877929688,114.98999786376953,67576300,30.974256822059314,31.262017766354816,30.60556376728732,30.66251564025879,356253000,170.89372201948225,171.140492823502,169.06761204505847,169.343994140625,50747300,123.9999753837632,124.48632552301795,122.1339735221134,122.37218475341797,24477900
2023-05-24,308.82436880109975,310.56114546951807,306.7441236524187,307.96087646484375,23384900,243.57853135653195,247.85863116367986,243.2508186944588,247.4812774658203,17724300,115.3499984741211,117.33999633789062,115.0199966430664,116.75,63487900,30.184911363622657,30.58158294267241,29.781247533939762,30.51263999938965,721419000,168.88004898113246,170.19287135053577,168.3174194294986,169.620361328125,45143500,120.97268542869617,121.83621160982608,119.85110021903462,120.7344741821289,23087900
2023-05-25,317.17470817825347,320.7660354537529,313.99551318959146,319.804443359375,43301700,251.64220015112937,253.8468015914283,247.44154720264257,250.9371337890625,22371400,116.62999725341797,116.87000274658203,114.30999755859375,115.0,66496700,38.49101183651756,39.447217938255974,36.60457902009647,37.948463439941406,1543911000,170.18301363335365,171.65375792303627,169.47231254318322,170.75552368164062,56058300,124.27789966472285,125.04217180284299,121.98509839556073,123.42430114746094,33812700
2023-05-26,317.940028599587,327.14402564243557,317.80267115227514,326.64361572265625,36630600,251.1754685062599,260.49040619358874,250.95700854244143,260.2222900390625,25727200,116.04000091552734,121.5,116.0199966430664,120.11000061035156,96779900,37.858535295090505,39.137471155324974,37.51881748077454,38.913658142089844,714397000,171.08128541223243,173.49963649375093,170.873991291327,173.1640167236328,54835000,123.14142518821842,125.06201804206125,122.37219300717007,124.49626159667969,25154700
2023-05-30,328.93976624150633,329.44017625595285,324.31812296404604,324.99517822265625,29503100,263.4099867418485,266.7863952138384,259.4774653594547,260.69891357421875,23816500,122.37000274658203,122.91999816894531,119.86000061035156,121.66000366210938,64314800,40.56129320908205,41.903176556488546,39.91582970590061,40.077693939208984,923401000,174.6742524991613,176.67803022234617,174.28929064745816,175.00985717773438,55964400,125.34985364805256,125.43918002149202,121.97516293158685,123.7121353149414,27230700
2023-05-31,326.05487171947954,329.63637661307075,321.1879203022461,322.2280578613281,45950600,258.1963779397753,263.1616929001556,256.65714242440833,262.8836364746094,25473700,121.44999694824219,122.04000091552734,119.16999816894531,120.58000183105469,72800800,39.455203631645354,40.26153261415584,37.79058690184261,37.80257797241211,1002580000,175.03946345752533,177.03337571367211,174.4768188110026,174.9604949951172,99625300,122.77913674607848,123.97020812658324,122.18360484212559,122.45159912109375,41548800
2023-06-01,319.81423378408647,327.2716331746607,318.62694664026094,326.3394470214844,26773900,264.055458030824,272.0992747694921,264.0455480083558,270.7189025878906,25609500,120.69000244140625,123.48999786376953,119.93000030517578,122.7699966430664,54375100,38.457038285135596,40.01674290011226,38.30816374839411,39.736976623535156,635873000,175.40466591116137,177.79340523372372,174.64460769798924,177.7637939453125,68901800,122.58061908698166,124.10915565070522,122.38211099199353,123.44414520263672,25017700
2023-06-02,327.97806066792737,331.16707696462373,326.3099478578334,329.1064758300781,25873800,270.7685739237483,273.43991594358334,269.23924834633203,270.7189025878906,19416900,124.91999816894531,126.38999938964844,124.0199966430664,124.25,61264400,40.063703080946816,40.46636830283073,39.025564415674026,39.294342041015625,482731000,178.69165461361322,179.4319669478336,176.94451328757913,178.61268615722656,61996900,123.56324813324942,125.80146592309599,123.42429095099801,124.29774475097656,19367500
2023-06-05,328.92986157492777,332.20718550871004,328.3803719300385,329.6363525390625,21307100,268.42495029713945,273.65841235642824,267.69009328325524,269.5074157714844,20742900,123.36000061035156,125.80000305175781,123.02999877929688,125.30000305175781,47950100,38.87669004097322,39.5321435245976,38.674858118858616,39.13847351074219,396094000,180.27099781019854,182.56102285189482,175.7402747725204,177.26039123535156,121946500,123.6823728661651,127.03720858188797,123.45408171125463,125.68733215332031,22672500
2023-06-06,329.03788733131825,329.077145159796,325.93720761541044,327.4188537597656,20396200,268.26607538837465,274.6514637291308,267.81918487933905,269.2392578125,19419000,125.06999969482422,127.4000015258789,125.0,126.61000061035156,45695200,38.79775882224138,39.12748282035394,38.116322111286685,38.62190246582031,388729000,177.64536518975015,177.79342164547316,175.13816542041533,176.8951873779297,64848400,125.65754871684929,127.92058204882389,125.03224135889516,126.95780181884766,19450100
2023-06-07,325.4268516357255,328.21355775333575,316.44854992905215,317.3120422363281,40717100,269.785480795916,272.3475704025808,260.97698514947285,261.7714538574219,26163600,127.01000213623047,127.37000274658203,120.62999725341797,121.2300033569336,95663300,38.88670945650624,39.470284518759414,37.328840938446405,37.44775390625,511998000,176.13511905525095,178.8693435880805,175.0295907510138,175.52313232421875,61944600,126.62529349121426,128.58559710467284,121.71710573773842,122.0248031616211,34179300
2023-06-08,317.8615911316955,320.5109403004731,317.2826654870996,319.1568298339844,23277700,258.8121074074924,265.79333998070234,257.0841872637423,262.74462890625,20899400,123.01000213623047,125.62999725341797,122.26000213623047,124.25,62159300,37.69657436729438,38.835744998272645,37.47773561947334,38.48200225830078,417772000,175.60208462454239,178.50411146672758,175.16778069465795,178.23760986328125,50214900,121.67243909446749,122.80891960712718,121.10172259826479,121.75680541992188,24815000
2023-06-09,318.8918385067795,323.79801789828633,318.32273487313944,320.6580810546875,22529000,260.6592238964262,266.09128048444296,259.88463585946414,263.1120910644531,16949800,124.08000183105469,125.80000305175781,123.19000244140625,123.43000030517578,51396000,39.00861399501781,39.68212369971367,38.538958335587395,38.7418098449707,427717000,179.15559212759166,179.8761586114367,178.29683460490384,178.62257385253906,48900000,121.64761723739545,123.35978178041707,121.50866005312103,121.95531463623047,20304500
2023-06-12,322.4144476627299,325.8684168614303,319.0586379784676,325.62310791015625,24260300,265.31667943229814,269.8648950557806,263.48941667516516,269.16973876953125,15442500,124.0199966430664,126.77999877929688,123.52999877929688,126.56999969482422,51338000,39.171496406477914,39.50125446413874,38.589918877015606,39.45328903198242,388701000,178.92856174317663,181.51471470308874,178.6324337942364,181.41600036621094,54274900,122.47640862603883,123.82132494637797,121.43918972547492,123.42430114746094,22255700
2023-06-13,328.19394924698327,330.6568607625825,324.1905202364905,328.017333984375,22951300,272.9731990602745,273.8073684559375,267.22335503008594,269.4378967285156,16164000,128.1199951171875,128.41000366210938,125.18000030517578,126.66000366210938,50564800,40.156792771911256,41.071128645039984,39.71111778820096,40.992183685302734,613208000,180.43882318354116,181.77137654932005,180.08347260699438,180.94223022460938,54929100,124.7146270693187,124.92306286069838,122.9230637013418,123.50370788574219,19287700
2023-06-14,328.0664239854366,332.6782449291993,326.5651341794789,331.0101318359375,26003800,270.0039327894118,273.0824040633074,266.4586903542586,271.45379638671875,19175100,126.69999694824219,126.94999694824219,124.12000274658203,126.41999816894531,52422500,40.79432339392405,42.96874019088657,40.52251795887016,42.96574401855469,740465000,181.00143405215442,182.00826309164242,179.668880824476,181.57394409179688,57462900,122.87839451365849,123.86102250294128,121.25060382677839,123.45407104492188,24659600
2023-06-15,331.1475755677893,343.27563960115555,330.8728306528087,341.56829833984375,38899100,270.41110852132726,282.0200202382132,269.53723832580494,279.875,25973500,125.20999908447266,127.69000244140625,124.31999969482422,127.11000061035156,60458500,42.571032403423146,43.25753327513272,42.116361328067455,42.62199401855469,568622000,181.58385210624687,184.1107829667957,181.40616927858855,183.60736083984375,65433200,122.95779172564072,125.22082497837408,122.22330266180371,124.85357666015625,24517100
2023-06-16,344.7277944942439,344.87497388637837,335.5336191446204,335.9064636230469,46552000,282.7747066945792,285.85320824566975,278.1867602004858,279.05072021484375,43127700,127.70999908447266,127.9000015258789,125.30000305175781,125.48999786376953,84247100,43.41840945055139,43.689212322344694,42.6299816471878,42.66096115112305,655709000,184.31805138125782,184.57470266619666,181.88983501651188,182.53143310546875,101256200,125.75679803575493,125.75679803575493,122.86846502718774,123.1364517211914,56699200
2023-06-20,332.943123305957,335.66113574405455,329.55784775287134,331.7067565917969,26375400,276.79650603592376,282.8243763963911,274.30390780158746,282.3576354980469,20701600,124.97000122070312,127.25,124.5,125.77999877929688,56930100,42.96674106849241,43.95802045275375,42.642975308832675,43.77614974975586,451153000,182.02801364300083,183.69618663444365,182.02801364300083,182.62025451660156,49799100,122.61536677986311,124.24315745229883,121.91561322392616,122.92801666259766,22698000
2023-06-21,330.0582649391525,331.3927611325537,325.83896318569987,327.3009948730469,25117800,281.5631526174152,282.0298934420368,276.4290035465778,279.686279296875,20556200,125.63999938964844,126.7300033569336,123.8499984741211,124.83000183105469,52137700,43.46937213953319,43.58329148223386,42.04940765326737,43.013702392578125,551603000,182.51167734169172,183.015099412311,180.23151756348105,181.58383178710938,49515700,122.31759569183865,122.49129595900084,119.96027603160152,120.3572998046875,22612000
2023-06-22,327.8505573652322,333.7379731827186,327.0851945067568,333.3356628417969,23556800,277.1440246782654,283.28117740443963,275.8629951546668,282.90380859375,17563100,125.30999755859375,130.3300018310547,125.13999938964844,130.14999389648438,90354600,42.22227910485018,43.39442663272672,42.20329572401854,42.99372100830078,417737000,181.36663331958354,184.63387559426894,181.2975302809329,184.5845184326172,51245300,119.76176569050065,123.01237931361086,118.70965157561908,122.94786834716797,20781900
2023-06-23,328.08602328651534,331.6184785385029,327.19312496325193,328.733642578125,23146900,279.55722497559066,287.66062414590505,277.0149856640273,286.7271423339844,51092000,129.11000061035156,130.83999633789062,128.27999877929688,129.3300018310547,71927800,42.4331298944521,42.77787649157712,41.98445500064074,42.178314208984375,358140000,183.15328303090953,185.13731475683954,182.6202496908907,184.2686767578125,53117000,121.1314867609351,122.52106612036718,120.95282644939957,122.10418701171875,29573100
2023-06-26,327.4581283862571,329.80326720772825,322.32625255394834,322.4342041015625,21520600,286.69737824287836,287.77981357074214,275.67436988195124,276.538330078125,24232700,129.3300018310547,131.49000549316406,127.0999984741211,127.33000183105469,59989300,42.43012378131747,42.732904863087526,40.07084047914839,40.602455139160156,594322000,184.4167547195407,185.6209974197008,182.83741558637178,182.8769073486328,48088700,120.5617646207202,121.8064271902783,118.10419138685185,118.20344543457031,23185000
2023-06-27,325.63294331118817,329.8424538607447,323.120981710903,328.2921142578125,24354100,280.0537302112872,287.3428096162056,278.7031486570512,285.0587463378906,26108300,128.6300048828125,130.08999633789062,127.55000305175781,129.17999267578125,46801000,40.769337698334375,41.90950699852485,40.41859495947549,41.84555435180664,462175000,183.48887561115208,185.9565833444032,183.27171612569057,185.63084411621094,50730800,116.96275049639515,119.00245259613973,116.0396810405121,118.1240463256836,27221700
2023-06-28,328.38039213208674,331.63810233073093,327.54633567319496,329.5480651855469,20259500,282.8442941966165,287.5414641735994,282.08955639655727,283.31103515625,16722100,128.94000244140625,131.47999572753906,128.44000244140625,129.0399932861328,52149500,40.630436345854235,41.814576115847736,40.4885413004538,41.08710479736328,582639000,185.50253915791174,187.44709427325768,185.17681495512898,186.8054962158203,51216800,117.0818658581678,120.36722270077522,116.7245452113623,120.17864227294922,19753100
2023-06-29,328.4294754124527,329.80319974916614,326.37869587676175,328.7630920410156,16997000,282.5264555414938,284.5821034580367,278.7428875068673,279.5770568847656,15395700,128.77000427246094,129.25999450683594,127.26000213623047,127.9000015258789,40761000,41.527785226902004,41.56975450915622,40.57048152757147,40.792320251464844,380514000,186.63769101872532,187.61490879718235,186.49949997485513,187.14109802246094,46347300,119.19600636416656,120.00990928045304,118.32256010371597,119.11660766601562,18517500
2023-06-30,331.4124591410468,336.2990252033071,330.87279131879563,334.1501159667969,26832800,282.78471709314834,287.044936861355,282.4470792053626,284.98931884765625,19694900,129.47000122070312,131.25,128.9499969482422,130.36000061035156,54350700,41.64970217474364,42.51906868482128,41.47083144000187,42.27124786376953,501148000,189.15475231695294,191.96793030893548,188.7895213028153,191.4645233154297,85213200,120.19848751597893,121.12156457196598,119.98012406169832,120.0694580078125,23871800
2023-07-03,332.8254137820231,334.5033188190337,330.25458046527325,331.6479187011719,12508700,284.71122518279316,287.3924775791837,282.87405224278217,284.0359191894531,8629300,130.82000732421875,131.85000610351562,130.07000732421875,130.22000122070312,28264800,42.48608466102656,42.86680815864475,42.171315066266786,42.38216018676758,198209000,191.27698682945007,191.37570117698604,189.28307449044232,189.9740447998047,31458200,119.42428725490507,120.1190731328677,118.81386769265231,119.6624984741211,13888300
2023-07-05,328.8023217775131,335.23922664394627,328.4490912403642,331.8049011230469,18172400,285.65461715967666,296.051989848089,284.37355717409923,292.3280029296875,33865500,130.24000549316406,131.39999389648438,129.63999938964844,130.3800048828125,35895400,42.10436890718979,43.14561125771648,42.05440601633571,42.28623962402344,323618000,189.09554798353173,190.48732393792235,188.15780683402295,188.858642578125,46920300,119.1662342196505,122.45159871674345,119.1662342196505,121.71710205078125,17830300
2023-07-06,330.9708256570031,336.55405979331294,329.20461318273215,334.8663330078125,28161200,293.83744777583496,296.05195903707505,289.2892019215489,289.9644775390625,47600500,128.25,128.72999572753906,127.37000274658203,128.36000061035156,40639900,41.81358093287342,42.14833647102733,41.31594188398918,42.072391510009766,303582000,187.3878728511301,189.53972207962792,186.756140199604,189.33242797851562,45094300,119.7419125924642,120.24811809252589,118.3622608495851,120.02975463867188,17732500
2023-07-07,332.952965838011,335.3766196583141,330.6764914106529,330.8923645019531,21214800,290.1531659549426,294.14529896689464,286.657594793173,288.5146179199219,25586000,128.58999633789062,130.97000122070312,128.1300048828125,129.77999877929688,41992300,42.29122733401887,43.18258088740522,42.149332286394056,42.47209548950195,355881000,188.93757673504143,190.18129599874976,187.78269133409245,188.2169952392578,46815000,119.9900527288294,120.84365119937208,119.19600517445522,119.24563598632812,20997700
2023-07-10,328.3215584005841,328.93974184694355,321.4430847345039,325.603515625,32791400,293.4997988575209,296.06191872960335,285.0587621688762,292.05987548828125,37058300,129.07000732421875,129.27999877929688,125.91999816894531,127.12999725341797,61889300,42.62599220515189,42.77987958473674,41.618721733111734,42.14933776855469,353908000,186.8153498480431,187.53593138541007,184.62402407003376,186.1737518310547,59922200,118.18359642938867,118.18359642938867,115.77168598909101,115.9999771118164,32960100
2023-07-11,324.8479601120357,326.61417278371005,320.86414468674985,326.23150634765625,26698200,291.8612933457306,298.0977295621286,289.8751667761021,296.2208557128906,27585900,127.75,129.77000427246094,127.3499984741211,128.77999877929688,49951500,42.45011335397041,42.72691238917329,42.0364166991454,42.374168395996094,298244000,186.71665587805697,186.85484691926047,184.18972537508213,185.65060424804688,46638100,115.8908001345202,117.34489053094033,114.96772307456591,116.83372497558594,18286600
2023-07-12,330.2840246615467,335.239254199601,329.3714824206285,330.8727722167969,29995300,299.65683688860395,307.3034360666077,298.01828858071326,307.1941833496094,36677100,130.30999755859375,131.25999450683594,128.8300018310547,130.8000030517578,54022800,43.00171889202097,43.903063626531846,42.745904468123335,43.870086669921875,481277000,187.22993768452707,189.22385000348103,186.03557542450565,187.31878662109375,60750200,118.41188994689867,120.05952835854934,118.11412022820832,118.72950744628906,22059600
2023-07-13,333.18847871055397,337.2900378184535,332.6586029099094,336.2303161621094,20567200,311.4444967143283,314.04631762297777,308.1376093722849,311.2359619140625,30281000,134.0399932861328,134.6699981689453,132.7100067138672,134.3000030517578,61170900,44.485637843052004,46.12144500110187,44.459655768689124,45.94357681274414,478204000,188.03935020331573,188.72044002337208,187.32864909209994,188.07882690429688,41342300,120.63521724968534,124.40196420644293,120.15878719531577,123.90072631835938,31535900
2023-07-14,341.06775095843255,344.8356928683022,337.8492987055268,338.7618408203125,28352700,309.6271439820355,312.69570524056013,305.2278515366638,306.7273864746094,23054100,134.05999755859375,136.64999389648438,134.05999755859375,134.67999267578125,54487100,46.54913208580055,48.05303894524698,45.027240569884796,45.435943603515625,772075000,187.77284851528793,188.71057462083735,187.18060758311253,188.22691345214844,41616200,124.19849524815983,126.14390356209333,123.97021167187232,124.76425170898438,20499800
2023-07-17,339.193596022569,340.4790125699391,335.7789144838815,339.24267578125,20363900,305.4066498267778,309.54770619356174,302.59626413923417,308.46527099609375,25323100,134.55999755859375,135.6199951171875,133.2100067138672,133.55999755859375,48450200,46.25534736982459,46.46219379188679,45.22909361606182,46.42721939086914,510488000,189.42123783678522,191.8099921548826,189.3324039740118,191.4842529296875,50520200,125.12156875866684,126.33248792079765,123.5731842943548,124.12901306152344,20675300
2023-07-18,339.3408199849451,359.8977253924033,335.74952271110794,352.7445068359375,64738600,308.7234481355329,312.0204247595342,305.48605287050566,309.88531494140625,20731900,132.7100067138672,133.86000061035156,131.35000610351562,132.8300018310547,54882900,46.66704987722195,47.86118084029625,45.70075380485252,47.45947265625,569164000,190.85253399958415,191.81987127398517,189.93453883356673,191.2276153564453,48288200,123.97516644506437,124.05953276945621,122.38211881358517,123.15631103515625,21045800
2023-07-19,354.9620619812482,355.6587310369043,345.82675878722245,348.4172058105469,39732900,310.85859268853693,316.46939407565344,308.36599419503983,313.81793212890625,21763700,133.38999938964844,135.99000549316406,132.52999877929688,135.36000061035156,54531000,47.42949773035123,47.783240488874554,46.708022451305204,47.04277801513672,427502000,190.60578947313948,195.66951651285706,190.1615899429346,192.5799560546875,80507300,123.8610210416639,124.53595918967088,121.55829222598103,121.86598205566406,22313800
2023-07-20,346.9355902267656,351.25302227091294,338.88944373248916,340.3612976074219,33778400,311.32532347756353,313.3511809580892,300.12357142400333,300.4214782714844,23836900,134.07000732421875,134.7899932861328,129.3300018310547,129.9600067138672,59820600,46.473182138979574,47.052762218392,45.029233183931915,45.486900329589844,537865000,192.57005054034346,193.93223012421538,190.01350876450033,190.6353759765625,59581200,121.21089792035092,123.77168572561716,117.80146413528023,118.64017486572266,27541700
2023-07-21,342.59848099973897,343.72689620518594,333.4533559589221,337.3194274902344,69405400,302.4571962867923,303.34100657173906,289.17994921627593,292.2187194824219,42139300,131.33999633789062,131.3699951171875,128.4199981689453,130.0,133307300,45.75470382328609,45.83265003376799,44.06793151342547,44.27677917480469,963769000,191.59285775033445,192.45161532627134,188.75991868585442,189.46075439453125,71951700,119.97020398843856,120.39700322029749,118.18360079168052,119.41436767578125,56514600
2023-07-24,339.3604427915747,340.4103723937978,335.8868593129291,338.6343078613281,26678100,293.7282143136056,295.45613447918595,286.30009111687883,289.5871276855469,24915700,130.30999755859375,131.66000366210938,128.35000610351562,128.8000030517578,45591100,44.69848374999772,45.076211144606674,44.0079879634292,44.57957077026367,382516000,190.9117629424984,192.3923877240068,189.76674282999198,190.26028442382812,45377800,121.01834190774547,122.43173714616094,120.4764013162919,120.9726791381836,22276100
2023-07-25,340.59678737512286,345.2871238413171,338.595087649529,344.3941955566406,41637700,293.1423138094745,296.23072566058914,289.83539654714053,292.42730712890625,19585600,129.30999755859375,129.5800018310547,128.52999877929688,129.1300048828125,39236700,44.90832769720461,46.14942147302996,44.8903392287754,45.645790100097656,348081000,190.83278632842445,191.92844922240585,190.4280786239598,191.11903381347656,37283200,120.9726786310455,122.7692094881291,120.62528567169737,121.87590789794922,31820800
2023-07-26,335.0331862626318,338.20258898250944,326.8594744910843,331.4320373535156,58383700,299.1006914438462,299.6766547340837,289.87512632952627,296.4988708496094,47256900,126.51000213623047,129.0800018310547,126.11000061035156,128.14999389648438,53910100,45.98754720872081,46.019525442170895,44.597559486500465,45.41896057128906,364237000,191.1684204714641,193.11297577300414,190.82295035426253,191.98770141601562,47471900,129.3895490769987,130.39202478425463,127.75183838931585,128.69476318359375,46216900
2023-07-27,334.09118396383514,334.9252104578534,322.8756357431296,324.5143127441406,39635300,322.86467915054084,323.0930945799738,307.690675775202,309.5476989746094,64229200,131.0,132.6300048828125,127.79000091552734,128.25,52610700,46.48518000024853,47.360542567448725,45.716738084889066,45.86663055419922,455976000,193.4880330742484,194.65278390019768,190.06285351948284,190.7241973876953,47460200,130.818838534423,132.60544174487137,128.21833241608252,128.9031982421875,35931600
2023-07-28,327.4089917663005,333.630023699817,326.91837382253794,332.0207824707031,28484900,314.6818792177491,323.9372357373028,312.07011809012175,323.22222900390625,39220300,129.69000244140625,133.00999450683594,129.3300018310547,132.2100067138672,46317400,46.63407374046653,46.992813922510294,46.34728362681164,46.71601486206055,331194000,192.15548645475204,194.09017617119656,191.63233355900982,193.30050659179688,48291400,129.99502933558094,133.07195825526466,129.94539851845076,132.01983642578125,26971000
2023-07-31,330.5980267133625,331.36338955022967,327.10479921092735,329.6167907714844,25446000,321.44461085167063,323.40094645360466,315.38691962442203,316.3899230957031,25799600,133.1999969482422,133.8699951171875,132.3800048828125,133.67999267578125,41901500,46.72000974655935,47.095735831876695,46.47218895380473,46.69502639770508,251055000,193.52752900074864,193.95198260711592,192.7378594315981,193.91249084472656,38824100,132.0198179694601,132.83372085005468,131.14637931991098,132.11907958984375,18381900
2023-08-01,328.9004543649791,332.1876005255044,327.43842249793084,330.02886962890625,18311900,315.33728544494596,321.89150838566957,312.47725868492967,320.4714050292969,22817900,133.5500030517578,133.69000244140625,131.6199951171875,131.69000244140625,42098500,46.426227402155924,46.8659100066495,45.99354349080503,46.47319412231445,237858000,193.7052107356477,194.1888718595327,192.75760424557473,193.08334350585938,35175100,129.88085866880235,131.9304884040053,129.77664457156052,130.9081573486328,22154300
2023-08-02,327.3697478835023,327.3697478835023,320.2361435127281,321.3547668457031,27761300,315.7941054303638,316.1814146347916,308.4950846682021,312.12969970703125,20461100,130.14999389648438,130.22999572753906,126.81999969482422,128.2100067138672,51027600,45.79768107011527,45.80667339857495,43.35545767140817,44.23681640625,530142000,192.52071519961737,192.6589062555568,189.37193220630533,190.09249877929688,50389300,128.87342153510892,129.44910562762945,126.89823791846632,127.68235778808594,22705800
2023-08-03,319.88289830105487,323.6900983235589,319.83384848481404,320.530517578125,18253700,307.7800302287447,313.75828931012387,307.7800302287447,311.0174255371094,15180200,127.4800033569336,129.83999633789062,126.41000366210938,128.91000366210938,88585200,43.76815892788042,45.08520160367777,43.76815892788042,44.48263931274414,324176000,189.09552588996192,189.8851803589987,188.22688789998924,188.70068359375,61235200,127.41435478980524,128.80394168708713,126.82379058146788,127.81138610839844,15018100
2023-08-04,325.652651760499,328.8514911281065,321.0997017416969,321.62957763671875,23741500,312.7751616601819,316.2012416546554,308.0482016678067,308.57452392578125,17612800,141.05999755859375,143.6300048828125,139.32000732421875,139.57000732421875,153128500,44.95229672936695,45.6088167758493,44.36072805590183,44.647518157958984,362666000,183.12370037395337,184.95967593788856,179.57019442385428,179.63929748535156,115956800,128.63522109911005,130.94786248619417,127.35978342624004,127.58309936523438,20521900
2023-08-07,322.20843058542397,324.89700739318704,321.374374073945,323.915771484375,17741500,311.05715748858296,314.87051605492724,308.3063533786406,314.3640441894531,16236500,140.99000549316406,142.5399932861328,138.9499969482422,142.22000122070312,71213100,45.078202515862756,45.50689146915822,44.53060059886417,45.38397979736328,322154000,179.77747246914834,180.7645556934903,175.0592158617292,176.5398406982422,97576100,128.54587609724663,131.0768960203581,128.46646982824424,130.95779418945312,17621000
2023-08-08,320.82487404247576,322.5812946473448,316.9391883531327,319.93194580078125,22327600,312.2190842136099,315.68489561378465,307.95883432440326,310.4713134765625,15183500,140.6199951171875,140.83999633789062,138.4199981689453,139.94000244140625,51710500,44.82039636629239,45.209113535751534,44.023974832392284,44.631534576416016,353843000,177.36897457174686,177.94148460917899,175.2862285117603,177.47755432128906,67823000,130.00493728545047,130.95779739158098,129.16127405391586,130.85853576660156,16836000
2023-08-09,320.3440854180899,320.9720608226161,315.0257736651899,316.18365478515625,22373300,310.70961186199514,311.45440924520847,300.749189402724,303.0928039550781,19955800,139.97000122070312,140.32000732421875,137.10000610351562,137.85000610351562,50017300,44.2418106099287,44.279784996235016,42.10336702177276,42.52306365966797,586449000,178.53374257918168,178.59296516430098,174.72360063232372,175.88836669921875,60378500,131.2059439908013,131.48385838277812,128.54093428672445,129.18112182617188,17745200
2023-08-10,319.90249855805087,322.1004872075801,315.153320674243,316.8704833984375,20113700,305.80389184171617,310.17336396926396,301.76211724373354,303.619140625,14358900,139.07000732421875,140.41000366210938,137.49000549316406,138.55999755859375,58928400,42.129358062603245,43.542331834639555,41.80459350942368,42.35719299316406,492705000,177.16169386807627,178.41529378720278,175.30598763799586,175.67120361328125,54686900,130.9875693584939,131.65953146708318,129.0669766133977,129.2406768798828,17855700
2023-08-11,314.25058438633283,316.3602353505344,313.2202688375786,314.98651123046875,24355500,300.4711183412435,302.60619800831466,298.2764270049962,299.5475769042969,14046300,137.39999389648438,139.3300018310547,137.0,138.41000366210938,42905800,41.720650731912684,41.987458754323995,40.60945953043557,40.82530212402344,533085000,175.26597277471524,176.55090180538758,174.50488805624465,175.7305145263672,52036700,128.24014700148362,129.4689372092265,127.79151605103425,129.20094299316406,15205500
2023-08-14,315.3594474269808,317.9793307363842,314.0740007379562,317.959716796875,18836100,298.8921889735428,304.0858903940154,296.1811153811423,304.0660400390625,15641900,138.3000030517578,140.58999633789062,137.75,140.57000732421875,47148700,40.456564582325726,43.76815430441539,40.28169257903262,43.721187591552734,690286000,175.90840396188517,177.60848075837384,175.2560457553654,177.3811492919922,43675600,128.88337657094203,130.92803909385177,128.62530237024885,130.8486328125,17526200
2023-08-15,316.93914925870706,318.98992839581194,314.8785481816596,315.8205261230469,16966300,304.0163753659542,305.09881059151013,297.9487435991702,299.8554382324219,11623600,140.0500030517578,141.27999877929688,137.22999572753906,137.6699981689453,42781500,44.52760635786077,45.23509182651046,43.67822201869262,43.90805435180664,676512000,176.8078826094104,177.40092323969566,174.99907927707545,175.39443969726562,43622600,130.61039754818597,131.00742890503034,128.85258532614577,129.30023193359375,14769200
2023-08-16,315.44693875811095,319.0065586089997,314.46362532057526,315.0536193847656,20698900,298.11760371319536,298.99147392780344,292.2386558608915,292.24859619140625,18547700,137.19000244140625,137.27000427246094,135.00999450683594,135.07000732421875,41675900,44.48762857822179,44.64251465307659,43.37443637616986,43.45438003540039,527451000,175.0781688700227,176.47182426987777,174.4554618287455,174.524658203125,46964900,128.3175973946591,129.92354873259305,127.50370961068525,128.14886474609375,17548400
2023-08-17,315.1913076048041,316.49910131427634,310.9335434813975,311.5923767089844,21257200,291.0171397972553,293.9963292043832,282.9733526427155,283.11236572265625,23950100,135.4600067138672,136.08999633789062,133.52999877929688,133.97999572753906,48354100,43.9380406138859,44.029972796212384,42.9697431850926,43.312496185302734,452395000,175.08804707675128,175.4537562487029,171.47044012349116,171.9844207763672,66062900,129.4788800583026,131.50468648067013,128.8833557621138,129.4888153076172,23665600
2023-08-18,309.2421609214295,313.06726370133777,306.3512176916714,311.198974609375,24755000,277.09439819859506,283.7082021437842,272.47666080114544,281.2851257324219,35347900,131.6199951171875,134.07000732421875,131.14999389648438,133.22000122070312,48497700,42.60400593276561,43.546321236640146,41.62971620809795,43.26752471923828,583768000,170.30411608587545,173.0716844916875,169.96805819399307,172.46875,61172200,128.09922823293928,128.86350031494928,126.05456604163717,127.15630340576172,23627200
2023-08-21,312.6248113327521,317.384044424445,311.7496780411196,316.5089111328125,24040000,281.4837682910043,288.4848515328741,279.8948611542594,287.8890075683594,20181500,133.74000549316406,135.19000244140625,132.7100067138672,134.67999267578125,41442500,44.46165201493228,47.030782025071126,44.18985040134457,46.93285369873047,692573000,173.0420157807921,174.08973444525807,171.7274205434044,173.80308532714844,46311900,126.8982451803361,128.29774478454587,126.21338689427562,127.97019958496094,21851100
2023-08-22,320.06850470582657,320.638813261693,316.09591025429995,317.0792236328125,16084600,290.5206250923043,290.8682032711536,284.76087069322546,285.60498046875,12980200,135.0800018310547,135.64999389648438,133.72999572753906,134.25,32905400,48.100009595272404,48.151973748830216,45.30004819413079,45.634803771972656,755293000,175.00897300604348,175.62178623446252,174.20835828322907,175.177001953125,42038900,128.1687195832365,129.97516304221003,127.96524385176463,128.72454833984375,15557900
2023-08-23,318.4165278621223,323.70675834794656,318.0625194610532,321.54345703125,21166400,286.4987104393685,295.3369661560445,285.6744813834375,292.1988830566406,18287000,134.5,135.9499969482422,133.22000122070312,135.52000427246094,42801000,45.8326651084508,47.16569517353296,45.17514240626009,47.081756591796875,779046000,176.45203891919172,179.44693836874362,176.26423745502308,179.02191162109375,52722800,129.8759211815992,133.07195179098147,129.53844072862722,132.21835327148438,26497000
2023-08-24,327.29588007700687,327.42371562381226,314.62095560290663,314.63079833984375,23281400,296.4293565159792,297.3826886744035,284.65164185583643,284.7608642578125,18360900,136.39999389648438,136.77999877929688,131.8300018310547,131.83999633789062,43646300,50.17949769863766,50.229460591357814,47.12472061839676,47.12871551513672,1156044000,178.57713623123834,179.0021629998802,173.97111355320405,174.3368377685547,54945800,133.7240718650499,133.96525917138177,129.330025346277,129.44912719726562,18680400
2023-08-25,316.10570256933477,319.9307753972801,313.4802430638175,317.59051513671875,21684100,284.145165887689,286.3894983198096,274.1152219434127,283.51953125,23701400,132.47000122070312,133.8699951171875,130.5800018310547,133.25999450683594,44147500,46.97781961200935,47.77024230669421,44.99126226942635,45.98454284667969,925341000,175.3252679389123,177.07475372946672,173.78334110152613,176.541015625,51449600,129.17119340696516,130.42180809036407,127.08682045610283,129.71710205078125,20678100
2023-08-28,320.2259006961471,320.7077147426084,316.3516428310228,318.2986145019531,14808500,286.0021582885092,289.4282379320253,283.81740745700915,288.2464904785156,14239300,133.77999877929688,133.9499969482422,131.85000610351562,133.13999938964844,34108400,46.44820509438741,46.945844136189635,44.85536600768865,46.80094909667969,685192000,178.0038440119186,178.49805204021447,176.48168992086147,178.10269165039062,43820700,131.096763830204,132.2481321223414,129.8759245118369,130.8089141845703,16715500
2023-08-29,316.50895667061496,323.4904885771926,316.50895667061496,322.92999267578125,19284600,286.5781245308477,297.0748083488483,286.18090536800884,295.9228515625,20844500,133.3800048828125,135.13999938964844,133.25,134.91000366210938,38646100,46.632074880156104,49.04532012604733,46.357273276283756,48.74853515625,701397000,177.61837000977968,182.75813070921157,177.4206898063463,181.98716735839844,53003900,132.0079309817891,136.27294013982967,131.99005964714488,134.48138427734375,30803300
2023-08-30,323.18565708519924,324.30661885641814,321.0026999429876,323.30364990234375,15222100,295.1085960366547,296.2208219398968,291.39451916689933,293.0529479980469,17717000,134.92999267578125,135.67999267578125,133.9199981689453,135.07000732421875,36137000,49.008342472169936,49.89069992908974,48.38979301948212,49.22818374633789,735206000,182.7977035116121,185.6739984160231,182.60002327821,185.47630310058594,60813900,134.56078332062708,136.22826962447755,134.0158590952634,135.91064453125,21773400
2023-08-31,323.7068063169535,325.38826394826276,321.3271745159577,322.29083251953125,26411000,293.7480915365374,299.01134484309773,293.609078443291,293.8374938964844,17229900,135.05999755859375,138.7899932861328,135.0,138.00999450683594,58781300,49.34410566617648,49.70783948086103,48.922411542832535,49.319122314453125,528570000,185.6641048225717,186.92927641629686,185.3082743692093,185.69375610351562,60794500,136.02974494610297,137.36968588881405,135.8014614038982,136.3275146484375,28147900
2023-09-01,325.7815864865364,326.4502324505812,321.3271776248165,323.1758117675781,14942000,297.2933153323232,299.646870188194,292.42731187722154,294.3240661621094,12842300,139.4600067138672,139.9600067138672,136.8800048828125,138.1199951171875,40991500,49.72582712049024,49.763797697596935,48.107002016363225,48.47373580932617,463830000,187.29500162288934,187.7200133732383,186.09901131803056,187.26535034179688,45766500,137.3994561842244,137.5483486023978,134.9280025816193,135.78160095214844,16671600
2023-09-05,323.51012766421536,329.26251739486815,323.17580468951513,327.98419189453125,18553900,294.9596090695169,299.2993205385484,293.4601043049184,298.0679016113281,14956000,137.72999572753906,137.8000030517578,135.82000732421875,137.27000427246094,40636700,48.18794605289678,48.81549172198567,47.825210956107306,48.51271057128906,382653000,186.09898389331408,187.77928826308653,185.4367469097816,187.50253295898438,45280000,135.42429699028372,136.3473664865473,134.5508431609782,135.69229125976562,17730200
2023-09-06,327.81703513152416,328.87900042913225,324.67042016143193,327.32537841796875,17535800,299.61702368027,301.1959901842422,293.6090047641939,297.09466552734375,15418100,136.32000732421875,137.4499969482422,134.61000061035156,135.36000061035156,41785500,48.40976612181569,48.51769437680377,46.54996607250854,47.03065490722656,468670000,186.21759365485326,186.66239298088038,179.3678770840619,180.79119873046875,81755800,135.99501726186614,136.4565520228765,133.68732831161628,134.3622589111328,15814300
2023-09-07,325.76188443553343,327.52199370609907,323.539586687025,324.4049072265625,18381000,295.93283987371177,304.92004990188514,290.1929356682624,296.59820556640625,33748700,133.89999389648438,138.02999877929688,133.16000366210938,137.85000610351562,48498900,45.495655031746296,46.314127328933516,45.122894378455285,46.2111930847168,433330000,173.15073850258275,176.1456533918577,171.52973657694065,175.503173828125,112488800,133.59798584813677,135.56324163708302,132.962750888821,135.18606567382812,16976000
2023-09-08,324.5818961212668,330.55061528459504,323.96240391702685,328.692138671875,19530100,297.144338453534,303.13250766294516,294.72126209393633,295.8235778808594,17548000,136.86000061035156,138.85000610351562,136.75,138.22999572753906,38348200,45.9123819993529,46.575951562479766,45.24181316746759,45.54261779785156,473069000,176.2840107997074,178.15211655476327,175.7304851357375,176.115966796875,65551300,134.8585488983401,136.49130739608137,134.8585488983401,136.17864990234375,17810700
2023-09-11,331.61263290676015,332.77296563529865,329.8328378843995,332.30096435546875,16583300,299.319151179612,306.89622744540156,299.190048128287,305.4264831542969,19489300,138.75,143.6199951171875,138.63999938964844,143.10000610351562,56764500,46.118244364675505,46.13323408329751,44.28342961037863,45.14887237548828,473966000,177.98410020535158,178.21143169284028,175.28571330476424,177.28231811523438,58953100,136.35729424355466,137.2347160663886,135.533471271672,136.71461486816406,17180800
2023-09-12,330.2162623454097,331.1700773968811,325.948686447505,326.23382568359375,17565500,304.20506293760377,306.51891736430514,298.1474011402655,299.5674743652344,13480400,142.32000732421875,143.0,140.61000061035156,141.22999572753906,42668500,44.709153407474325,45.643551923371255,44.502286142152805,44.841068267822266,349256000,177.4108010563609,178.04338672084478,172.79489994360574,174.25775146484375,90370200,136.10917454051634,136.61537251961622,134.91809552701272,135.05706787109375,15212900
2023-09-13,325.7815924302143,331.22915760826913,325.64394414491534,330.45233154296875,16544400,300.2625952273231,305.0491674534788,299.22983124862884,302.9438781738281,13210900,140.9499969482422,144.97999572753906,140.8699951171875,144.85000610351562,60465200,44.571245445404095,45.90038984188142,44.474307858028645,45.4556770324707,398355000,174.46531572894506,175.24617287306006,171.96462426919445,172.1919708251953,84267900,134.8882996392758,136.67490274377676,133.92551949810576,136.4763946533203,16394900
2023-09-14,333.4906907415561,335.17214803708595,330.95375569932395,333.0482177734375,20267000,304.61215225596413,310.69963364131047,302.91402291497843,309.5576171875,19343100,145.0800018310547,145.86000061035156,142.9499969482422,144.72000122070312,64033600,45.92037826774396,45.9573531646138,45.10190600685458,45.55161666870117,370097000,171.98441978182902,174.06009984649242,171.5692867853032,173.7042694091797,60895800,137.3597524014053,138.5111203941418,136.03965179433246,137.95529174804688,19064600
2023-09-15,331.29795899971333,331.7699302193474,324.1492514827947,324.7097473144531,37679800,309.44837699255953,309.83568614706604,296.677600116782,298.2267761230469,28131100,142.69000244140625,143.57000732421875,140.08999633789062,140.38999938964844,102909300,45.31176938864075,45.56960248299807,43.77975673017383,43.871700286865234,506831000,174.43563863538884,174.45541117690422,171.8064637309863,172.982666015625,109259500,137.76673990672967,138.32256869856639,136.15878930726072,137.2704620361328,48958800
2023-09-18,322.33013776149687,324.8867587399462,320.91416398907404,323.5691223144531,16834200,296.1214922814983,301.49396736300946,295.7341831203548,300.45123291015625,14234200,140.47999572753906,141.75,139.22000122070312,139.97999572753906,42823500,42.72044680408226,44.213483290506936,41.97292784828809,43.937660217285156,500271000,174.43567131089117,177.30208708635865,174.1292647291417,175.90841674804688,67257600,136.60545141583313,138.88831750289697,136.60545141583313,137.92555236816406,16233600
2023-09-19,320.7273564750353,323.8936269378206,319.0950525710311,323.16595458984375,16505900,300.3817966050411,304.0462025907863,297.73030427082966,302.9538269042969,15924400,138.6999969482422,138.83999633789062,135.55999755859375,137.6300048828125,61482500,43.80474129556245,43.93765497175379,42.97427575565499,43.491943359375,373064000,175.4636488877364,177.54920768301113,175.07816717117066,176.99569702148438,51826900,137.22080947418783,138.13892641833468,136.47639278626275,137.79649353027344,15479100
2023-09-20,324.01159870782635,324.09025057389067,315.1617783626277,315.41741943359375,21436500,302.93390184979273,305.92303162981295,297.3528917945429,297.59124755859375,19379500,138.5500030517578,139.3699951171875,135.1999969482422,135.2899932861328,46263700,43.571891798323115,43.874697872716084,42.1957805773011,42.211769104003906,367108000,177.18347129792434,177.61837681135137,173.36818440563272,173.4571533203125,58436200,137.79649979089223,137.80641989491127,133.51858745315243,133.5880584716797,21473500
2023-09-21,313.93263631012064,319.92101113625847,309.74371174856566,314.1981201171875,35560400,293.64879818364386,298.17716391757523,291.23563159307656,293.6785888671875,21319600,131.94000244140625,132.24000549316406,129.30999755859375,129.3300018310547,70343300,41.55619953736175,42.072864617979214,40.95358753623693,40.990562438964844,450736000,172.5280657800123,174.25779428093645,171.84605612937938,171.9152374267578,63149100,131.40445708049916,132.19850472128493,130.1141315573722,130.3821258544922,22058400
2023-09-22,315.9582935275562,316.0861290808594,310.87454964946875,311.72021484375,21447900,297.22381570127465,303.2616571736316,296.2009617759947,297.0053405761719,25369600,131.11000061035156,132.02999877929688,128.52000427246094,129.1199951171875,59904300,41.54519433277662,42.087847304445255,41.20441459488325,41.58317184448242,479236000,172.64665367280514,175.02874030453424,172.03384046276338,172.7652587890625,56725400,130.69972563581098,132.01982651736233,129.53843729907737,130.27293395996094,17348700
2023-09-25,311.3072037379406,312.36919907613066,309.7437389423757,312.2413635253906,17836000,293.58919436823385,298.86235709344436,291.6626494973639,298.7431640625,18987000,129.36000061035156,131.77999877929688,128.77000427246094,131.27000427246094,46017800,41.56418850458507,42.508579017607495,41.15045392041829,42.19478225708008,419091000,172.1820865728236,174.92000347180993,172.13266274999066,174.04031372070312,46172700,129.79650905432595,131.2357117450985,129.06201240711627,131.1860809326172,14650000
2023-09-26,309.87155496791354,310.60904001416407,304.8468079151213,306.93145751953125,26297600,295.5951993800877,298.21687050123535,293.95665114113496,296.88616943359375,19417200,130.1199951171875,130.38999938964844,125.27999877929688,125.9800033569336,73048200,41.97392575085955,42.79239807025896,41.62814811031587,41.88398361206055,402282000,172.79490338049743,173.17049122867175,169.67150500159482,169.96803283691406,64588900,129.93944953651223,130.42679176156122,127.23572854652693,128.48634338378906,20378800
2023-09-27,307.08877368705123,309.0554005566663,304.522340026209,307.57061767578125,19410100,298.3658446206744,299.20992407915827,284.80059794210763,295.67462158203125,36429800,125.76000213623047,127.4800033569336,124.12999725341797,125.9800033569336,66553400,42.30271271186717,42.844363114706354,41.60216441597511,42.44062042236328,444935000,170.62036773962245,171.03550065621633,167.09173040755883,168.4557342529297,66921800,128.47640241705648,130.73942802857053,128.4168515028372,130.4813690185547,18764200
2023-09-28,305.80065881535404,310.21575688010876,304.28637761624543,308.4064636230469,19683600,296.8662747588232,304.2049950422856,294.6418231934781,301.8514404296875,22167100,124.04000091552734,126.58000183105469,123.04000091552734,125.9800033569336,54555000,42.43262220486007,43.41798652388978,42.08784724239294,43.06121826171875,424663000,167.37838547451082,170.03722730338785,165.67830850769053,168.71275329589844,56294400,129.71710817730676,133.18111791265844,129.71710817730676,132.13894653320312,18201400
2023-09-29,312.4478279409763,314.1391281627372,309.7240606687745,310.481201171875,24147300,305.24774785638385,308.4851433380003,297.2833622073837,298.1274719238281,25373700,128.1999969482422,129.14999389648438,126.31999969482422,127.12000274658203,62411700,43.7987463785024,44.11554336483788,43.27908114153103,43.4709587097168,397830000,170.02734498983367,171.06518493104676,168.36679806748614,169.2267303466797,51861100,133.08184859257085,133.8858161565701,130.34240075501873,130.8684539794922,23237300
2023-10-02,311.0023577080208,316.51876142882526,309.9207069776333,316.43023681640625,20570000,300.63993566847256,305.0491385865239,299.53765009190124,304.691650390625,16265600,127.27999877929688,130.47000122070312,126.54000091552734,129.4600067138672,48029700,44.00161394425031,45.145876254159724,43.83272417445268,44.75313186645508,433298000,169.23661305458424,172.28093658205415,168.9499639274405,171.7373046875,52164500,131.17118746071154,134.35233005748373,131.08186108927444,134.1637420654297,19210400
2023-10-03,315.47643841498,316.02712155021527,306.0169679036218,308.1606140136719,21033500,302.14939381555854,304.64196163237807,297.561447061845,298.8524169921875,17362300,128.05999755859375,128.52000427246094,124.25,124.72000122070312,51565000,44.77910920077743,45.10090400420974,43.2181160083425,43.48894119262695,470850000,170.26454593815689,171.61868620307462,168.84123947337378,170.40292358398438,49594600,133.92553371961245,134.23323870947098,131.82628810095258,132.30767822265625,19628700
2023-10-04,308.78990640782996,314.69962955610083,308.7604082061058,313.63763427734375,20720100,296.65774717044013,304.7710556276171,296.429331750097,303.460205078125,16880500,126.05999755859375,127.36000061035156,125.68000030517578,127.0,44203900,43.713800550252934,44.11454300550294,43.26408989829739,44.01260757446289,361821000,169.10810929534875,172.19197782627828,168.98950418793981,171.64834594726562,53020300,132.6649984756145,135.55333919699976,132.43669976010844,135.2555694580078,22848000
2023-10-05,313.7655219997079,314.6406854769692,309.64543575978786,314.031005859375,16965600,302.51682647716126,304.0858528897177,297.42240776565654,302.67572021484375,19130000,126.70999908447266,126.7300033569336,124.33000183105469,125.95999908447266,39660600,44.021601937102886,44.87105626291606,43.859707622537925,44.6591911315918,393483000,171.77681389678688,173.4175881136583,170.6796715086417,172.88385009765625,48527900,135.1166183312201,135.4838591101834,133.45408443031548,134.9776611328125,15922900
2023-10-06,311.2678258217484,323.6969208452724,311.0219974867104,321.79913330078125,25673600,299.3489685961365,314.1158132926194,298.8226463208752,313.2419128417969,21803900,124.16000366210938,128.4499969482422,124.12999725341797,127.95999908447266,46836700,44.16450946291641,45.759481188953075,43.99761731119279,45.73249816894531,434436000,171.78673241813826,175.92819856079907,171.17390414032383,175.43399047851562,57266700,133.93547086301086,138.14986461791753,133.93547086301086,137.69725036621094,20826700
2023-10-09,319.3310305664322,324.7884080000268,317.78722130749577,324.3164367675781,19891200,310.33221514145873,318.10788578945574,309.6569395147222,316.15155029296875,22503700,126.22000122070312,128.7899932861328,124.76000213623047,128.25999450683594,38773700,44.813086880403254,45.57559541910592,44.33939347095082,45.24380874633789,409675000,174.76187075811515,176.97592853708252,173.7635757979471,176.9166259765625,42390800,136.96276370973717,138.92801971511255,135.682358401467,138.46151733398438,16599100
2023-10-10,325.4373707679848,325.5750490379659,322.2022915235242,322.9102783203125,20557100,316.9063193123349,322.40789785267475,315.9529871386854,319.6074523925781,19038000,128.82000732421875,130.74000549316406,128.0500030517578,129.47999572753906,42178600,45.28078645305619,46.229172057316305,45.058929471918596,45.768470764160156,368582000,176.03692856454262,177.63815795783916,175.8886570875863,176.3235626220703,43698000,138.47143189061256,139.69228623241167,137.3994699819387,138.1637420654297,19554900
2023-10-11,325.6831856730943,327.26633567090187,323.6477499735418,326.8730163574219,20063200,320.7692982171763,326.55884233303243,320.7097168599954,325.5459289550781,22036300,129.74000549316406,132.0500030517578,129.61000061035156,131.8300018310547,40741800,46.16621813703432,46.82879273607268,46.02031234982247,46.77582550048828,378137000,176.13575227199846,177.76664794425923,175.54271164011269,177.71722412109375,47551100,138.80892261834543,141.16127481333947,138.7989873682816,140.6451416015625,20146300
2023-10-12,325.0539124253683,328.062848978579,323.23477666400214,325.6340637207031,19313100,325.72473608028565,328.24712514411596,320.4515728078469,321.911376953125,20530500,132.1699981689453,134.47999572753906,131.22999572753906,132.3300018310547,55528600,46.746842929581085,47.57830726462998,46.30013251687724,46.91473388671875,481325000,177.98409824545533,180.227791982292,176.96601576479657,178.61668395996094,56743100,141.1017100284966,141.32007347566807,138.41187764480986,139.24562072753906,18173100
2023-10-13,326.8337234807313,328.25950995278436,320.91415741201166,322.2613220214844,21072400,321.2857870449023,322.7952324391463,310.20319633141867,312.5071105957031,21341000,132.97999572753906,133.30999755859375,128.9499969482422,129.7899932861328,45786600,46.92972043199577,47.085621890391806,45.25080334969889,45.43168640136719,474115000,179.31845034069394,179.82253713140665,176.07644667980117,176.77822875976562,51427100,139.60295277941646,140.28781863384523,136.9429107801141,137.54837036132812,19438700
2023-10-16,325.52586089073617,330.53095207086227,325.0833879040406,327.08935546875,22158000,316.42964290324574,319.58757630951493,313.3312605530342,318.9222106933594,16536100,130.69000244140625,133.07000732421875,130.42999267578125,132.5500030517578,42832900,45.03394854361238,46.19519817588755,44.8830449142491,46.065284729003906,375099000,174.70256857703768,177.00558020178707,174.46534325240765,176.64974975585938,52517000,138.68980082286427,139.85605677503867,138.28286450471643,139.44415283203125,17345600
2023-10-17,324.0903182681892,327.89573701014587,321.9467018721626,326.51910400390625,18338500,315.9728069446153,322.14966058137793,315.0989065758056,321.75244140625,16387800,130.38999938964844,132.5800018310547,128.7100067138672,131.47000122070312,49344600,43.971635905037324,44.72515146398081,42.452615298122,43.90967559814453,812333000,174.60369235668924,176.35319301979084,172.7751316803463,175.097900390625,57549400,138.98755442332967,140.19847342309527,137.4977366395047,139.94041442871094,17424000
2023-10-18,326.94185312433785,329.9901305761364,322.8217676991399,324.6015625,23153600,319.1606238075437,323.679049633278,313.3710478829819,314.7712707519531,16851000,129.89999389648438,130.6699981689453,127.51000213623047,128.1300048828125,42699500,42.563538500675094,43.19113575483381,41.79803354808787,42.168792724609375,627294000,173.54610256783715,175.52293478970745,173.08154578913502,173.80308532714844,54764400,139.7022222309866,140.93299681694504,137.67244753358014,138.2431640625,18304900
2023-10-19,326.6074881074966,331.25857055625,325.3881892871773,325.7913513183594,25052100,317.6610392954345,319.65710588726887,309.5874311888656,310.64007568359375,18709200,130.57000732421875,132.24000549316406,127.47000122070312,128.39999389648438,60961400,42.783401532452814,43.26908828015481,41.85499958396407,42.07386016845703,501233000,174.0007735918687,175.77992569036093,173.16062890788183,173.42750549316406,59302900,138.75929174854747,139.9553232004992,137.5682279216257,137.9453887939453,21831200
2023-10-20,326.18468370290753,326.3813583630038,320.01932021647565,321.2189636230469,25027700,311.9609101272688,313.11283685107736,304.3441015131794,306.50897216796875,22312300,128.0500030517578,128.1699981689453,124.97000122070312,125.16999816894531,56406400,41.86299514075664,42.44262307555848,41.05151831937694,41.360321044921875,477266000,173.2792242572037,173.38795063159753,170.64015507731645,170.87738037109375,64244000,137.55829543539733,138.00494248631728,135.23075102932495,135.72207641601562,24970300
2023-10-23,320.0390055685396,327.1778702783257,318.9770403265237,323.82476806640625,24374700,307.35306235106145,315.15852460578594,305.1286104668236,311.831787109375,17796800,124.62999725341797,127.87999725341797,123.9800033569336,126.55999755859375,48260000,41.20242325687503,43.22012278548461,40.91860593108143,42.947296142578125,478530000,168.93017074047194,171.994251083767,167.96151226700277,170.99595642089844,55980100,135.21586210230492,137.98510105485485,134.1042045373751,136.87342834472656,20780700
2023-10-24,325.77175853047265,326.30275623582304,322.1335164963168,325.0146179199219,31153600,314.58253436849895,316.14165074242743,308.47520223338284,310.3818664550781,19525500,127.73999786376953,128.8000030517578,126.33999633789062,128.55999755859375,46477400,43.049228794577566,43.66882802570082,42.66347986731124,43.634849548339844,401463000,171.04542648826694,171.6582397062376,169.46395453488128,171.430908203125,43816600,138.12404412138613,139.66250836596257,137.71709268113878,139.07688903808594,26535200
2023-10-25,339.2627712727239,340.42310386646625,331.9862582686526,334.9853820800781,55053800,307.8495504686246,308.7234508156699,296.7669630150486,297.4521789550781,42192500,126.04000091552734,126.33999633789062,120.79000091552734,121.38999938964844,74577500,43.37001943801499,43.62185968396837,41.52820914347359,41.7520637512207,398379000,169.88899020331988,171.05531414118843,168.67322735441405,169.11802673339844,57157000,128.8039566013589,129.13150179767632,125.15134377334468,125.7270278930664,58796100
2023-10-26,334.8575167574631,335.929324644414,321.48444998869064,322.4186096191406,37828500,292.95359454940296,292.95359454940296,277.46180518324184,286.3497314453125,66684100,120.62999725341797,121.63999938964844,118.3499984741211,119.56999969482422,100419500,41.82601906009142,42.22875913409801,39.85429143072344,40.30000305175781,541001000,168.39644027726376,169.39475015606334,163.75088778515044,164.95675659179688,70625300,123.54339580693394,124.52602372315634,121.40939976859383,122.52106475830078,33907400
2023-10-27,324.9162596517857,331.1013097225857,322.92013452668544,324.3066101074219,29856500,292.4372388367085,297.2337203774448,290.93770382583693,294.671630859375,29596300,126.19999694824219,130.02000427246094,125.5199966430664,127.73999786376953,125309300,41.103483284155644,41.17943449809006,39.98920048176121,40.4738883972168,416784000,164.97653958977486,167.00279566914165,164.89746448966903,166.2713623046875,58499100,123.10667635342031,123.51362780574462,120.55580862970052,122.48136901855469,37367700
2023-10-30,327.846541065036,333.7857627071757,326.29288900889105,331.68145751953125,22828100,297.015243248038,307.2537215329918,296.97551223781545,300.56048583984375,28435100,129.72000122070312,133.0,128.55999755859375,132.7100067138672,72485500,41.06051446991565,41.73907378443747,40.45490233078289,41.134464263916016,388028000,167.06210513671374,169.18719386762373,166.91383366211736,168.3173828125,51131000,123.5334831418189,125.60792851991764,122.95779901080594,124.81388092041016,24165600
2023-10-31,333.1957203491456,333.3432113436472,329.1051333877035,332.4680480957031,20265300,301.20597199311294,301.5734004979503,294.8007027575976,299.18011474609375,19434200,132.75,133.57000732421875,131.7100067138672,133.08999633789062,51589400,40.42392640316341,40.852650720636724,39.204711603972164,40.75371170043945,517969000,167.38826013413149,168.92029290970513,165.9550448299652,168.79180908203125,44846000,125.32999826395783,125.6178403104127,123.00246163181177,124.36722564697266,21123400
2023-11-01,334.12011087039247,341.6227978631735,333.98243257296474,340.2953186035156,28158800,299.75613549484945,310.5705780744768,299.75613549484945,309.686767578125,20434600,133.9600067138672,137.35000610351562,133.7100067138672,137.0,61529400,40.85764134166272,42.353677886742396,40.842651621979584,42.29771423339844,437593000,169.01916053768616,172.2117404582064,168.14934950515965,171.9547576904297,56934900,124.40692825948442,126.78906346274204,123.99502430636068,126.62033081054688,26536600
2023-11-02,341.4457561237559,343.00922092358684,339.016970678104,342.50775146484375,24348100,315.0989201697946,316.60839552863507,306.1911426491428,308.7135314941406,21631800,138.72999572753906,138.80999755859375,136.47000122070312,138.07000732421875,52236700,43.300068207297876,43.85570954416318,42.86634987139054,43.47795486450195,409172000,173.4868054165182,175.7206204672586,173.42750286114074,175.5130615234375,77334800,128.5955183710512,129.12157169803496,127.15631558694095,127.62281799316406,24091700
2023-11-03,343.7958468754574,348.47642796304746,341.5342081949656,346.9129333496094,23637700,310.38186599494384,313.36105535457233,308.86248063376854,312.41766357421875,16764300,138.99000549316406,139.49000549316406,137.4499969482422,138.60000610351562,44059800,43.99162089726106,45.27978753454021,43.694811487819166,44.97598648071289,424610000,172.2216424329047,174.77175801380423,171.34195262679097,174.6037139892578,79829200,128.12900507870924,129.75679573705995,128.0495988093754,129.39947509765625,19529400
2023-11-06,347.55206647241454,351.57381390487996,347.45372914963536,350.5806579589844,23828300,313.78808835480413,316.1217623884559,312.2687030283649,313.60931396484375,12887700,138.75999450683594,140.72999572753906,138.36000061035156,139.74000549316406,44970400,45.255801257875405,45.90538367968417,44.87004855474041,45.721500396728516,400733000,174.33684685023218,177.35150406781844,174.16881791314302,177.15382385253906,63841300,129.25061146916732,130.5806325443881,128.96276181925904,130.47145080566406,15360400
2023-11-07,353.40279769132025,356.4117340199255,351.66234393523393,354.5139465332031,25833900,314.86062795752827,318.7732995414801,312.9340828504703,316.6084289550781,14055600,140.5500030517578,143.3699951171875,140.5,142.7100067138672,53553500,45.68952896873558,46.18820402459903,45.128889794516326,45.925376892089844,343165000,177.1043583703275,180.32660394138705,176.89679947181725,179.7137908935547,70530000,130.99748089182108,132.28780617174849,130.1637378414789,131.4143524169922,19223800
2023-11-08,355.64477925814185,357.798237980275,354.5336303274662,357.1394348144531,26767800,315.93306851010266,319.10091150988933,312.69567352297736,317.5616760253906,13609700,142.97000122070312,143.1199951171875,141.22000122070312,142.0800018310547,44521700,46.070274797797154,46.83678236721753,45.938359937306,46.54397201538086,346719000,180.23770048559436,181.32494925868284,179.48649451949703,180.7714385986328,49340300,131.3746655736947,132.54587396327858,131.17615747404287,132.26795959472656,15093600
2023-11-09,356.2544459117808,358.7029167734547,354.3468154449931,354.67132568359375,24847300,317.2042191682573,321.93117877367166,316.58849460789054,318.32635498046875,16103100,142.02000427246094,142.64999389648438,139.83999633789062,140.60000610351562,36235400,47.43639611181253,48.198904678121394,46.719859321767146,46.91973114013672,540496000,180.8406289798602,181.98718027395728,179.70394133589065,180.2969970703125,53763500,132.36723732942193,132.96277684606608,130.53100310743494,130.7096710205078,17976500
2023-11-10,355.45793871169803,363.92428238869843,355.0449639030692,363.50146484375,28042100,317.7206153955323,326.81707716443447,317.24393419027814,326.4893493652344,19096200,140.4600067138672,143.64999389648438,139.91000366210938,143.55999755859375,49287800,47.46937607383316,48.44074953358826,47.252516922257165,48.303836822509766,421245000,182.07848170612579,184.65175539538808,181.6430032262288,184.48348999023438,66133400,130.5508470659826,133.2704550749376,129.89575668390475,133.06201171875,20872900
2023-11-13,362.0756513284613,362.3214796716584,359.79435710159004,360.56134033203125,19986500,323.93721447654235,330.02466618217363,323.44068289721343,326.9064636230469,16908900,142.0800018310547,143.22999572753906,140.6699981689453,142.58999633789062,35680600,48.288843946075154,49.084332134936744,48.06798577140686,48.58864974975586,384136000,183.9094650326421,184.11729742228064,182.31601793716675,182.8999481201172,43627500,132.36722722040622,133.11164398676007,131.78162299905537,132.6451416015625,16409900
2023-11-14,364.8190723848794,365.74338927576326,361.22014215175847,364.0914001464844,27683900,332.21930963664073,335.75461154677186,331.0176815678501,333.9770202636719,17179400,145.0,147.25999450683594,144.67999267578125,145.8000030517578,56674600,49.64797189172138,49.801871937843956,49.00838510603704,49.623985290527344,416954000,185.77012344749633,186.17591157835597,184.38452385663774,185.51280212402344,60108400,134.64017743498135,136.21835254101194,134.09428390483572,134.42181396484375,22317300
2023-11-15,365.82556050862166,367.64838835280426,361.7168083416723,364.2392272949219,26860100,335.58582953023244,336.05257043204165,327.73069622431444,330.40203857421875,14531200,147.05999755859375,147.2899932861328,142.58999633789062,143.1999969482422,63875700,49.902809365822506,49.927790961524366,48.168927272564574,48.856483459472656,475497000,185.91856087001977,187.55158977984928,185.84927335047647,186.076904296875,53790500,135.62282040159877,135.82132852742924,134.32257476043,135.36476135253906,15840900
2023-11-16,365.51028582126,370.8211167467286,364.74174586188934,370.6437683105469,27182300,327.0852237219549,332.25907454606346,324.1159744301697,331.8717956542969,18932600,140.91000366210938,143.32000732421875,139.52000427246094,142.8300018310547,49653500,48.647622492403215,49.49307783387502,48.29884843286255,49.44810485839844,339756000,187.6209157424311,188.9966236513369,186.7103615664657,187.7594757080078,54412900,135.9404280771059,137.84613310192364,135.06697426128216,137.66746520996094,17615100
2023-11-17,368.12136824695096,368.87021288647435,361.6084886476014,364.4166259765625,40157000,327.96901069081383,333.1726513447855,327.06531968384377,332.7158508300781,14494400,142.66000366210938,145.22999572753906,142.5399932861328,145.17999267578125,49636700,49.49207232670018,49.684948701072095,48.97540732164273,49.26622009277344,325205000,188.29390964052354,188.42257785422723,186.63119011836693,187.7396697998047,50922700,136.79401649583488,136.97266922948353,134.47142494202936,135.92056274414062,25565300
2023-11-20,365.76645657283353,373.30406540619305,365.5496873613857,371.89508056640625,52465100,332.56694665905934,339.4985083381047,331.8717903028424,337.6116943359375,16960500,145.1300048828125,146.6300048828125,144.72999572753906,146.1300048828125,41951200,49.28021007685078,50.515413319946866,49.14929401076898,50.376502990722656,414120000,187.93760923589429,189.93684445013852,187.92771748948175,189.4815673828125,46505100,134.49128206688442,137.39451018851142,134.48136196328304,136.8932647705078,19569400
2023-11-21,370.15113498600977,370.69304303967186,365.66795990773056,367.5893249511719,28423100,335.9830671620636,337.542183696788,333.5699308017252,334.6424560546875,12027900,143.91000366210938,144.0500030517578,141.5,143.89999389648438,71226000,50.09368225266799,50.48442900851123,49.1902657498463,49.911800384521484,565747000,189.4420191036761,189.55088874125482,187.7891910436395,188.679931640625,38134500,136.913127903715,137.9304913803432,136.6798767216572,137.5880584716797,17648100
2023-11-22,372.44686262583303,374.2105744423134,369.46137707263404,372.299072265625,23345300,336.85694150534493,340.5412275998249,336.2313068739848,339.1211242675781,10702700,144.57000732421875,147.74000549316406,144.57000732421875,146.7100067138672,45669100,49.819862426084605,50.302548939584284,47.659253670052365,48.684593200683594,899420000,189.52119000957208,190.9463718813115,188.8679722130009,189.34303283691406,39617700,138.06448133806697,140.04959241326452,137.96521972622887,138.97763061523438,17306400
2023-11-24,371.786716969812,372.41732930761407,369.6289174288519,371.88525390625,10176600,337.77054177080595,339.48852146031885,334.4338341467045,335.88372802734375,5467500,146.6999969482422,147.1999969482422,145.32000732421875,146.74000549316406,22378400,48.438757822338204,48.889467324614394,47.71422286454428,47.74520492553711,294645000,188.9075250877743,188.93721542830764,187.30418629136327,188.01678466796875,24048300,138.5012364008256,138.63722515450954,136.4466536704536,137.19107055664062,8828600
2023-11-27,371.24480993983406,375.0481191981454,370.67334381773094,373.04791259765625,22179200,333.84794886953887,337.5421448490172,331.8817033085443,332.37823486328125,15684500,147.52999877929688,149.25999450683594,146.8800048828125,147.72999572753906,53762400,47.769182964937485,48.49871188238506,47.62127956875629,48.210899353027344,395662000,187.96730652329646,188.70959528304604,186.95778958150402,187.83863830566406,40552600,136.54587068004687,138.5905326358614,136.51608008075286,137.0222930908203,17886400
2023-11-28,372.7917190522952,377.3734005384554,372.60450791019576,377.07781982421875,20453100,331.0872390330007,337.02576741661284,331.0872390330007,336.6384582519531,12637200,146.97999572753906,147.60000610351562,145.52999877929688,147.02999877929688,42711700,48.20490597283938,48.29185168991899,47.442397333062274,47.7901725769043,401491000,187.82873180101734,189.1153685705385,187.45263402635211,188.44235229492188,38415400,136.6054380774254,137.62776917873478,136.01981873734167,137.5880584716797,17046900
2023-11-29,378.122265050378,378.654310364066,371.89510374186113,373.2843933105469,28963400,337.3336016539062,337.5421364160391,328.4854059328464,329.89556884765625,16024500,147.85000610351562,148.5399932861328,145.97000122070312,146.32000732421875,40610900,48.34781498680007,48.730567513457544,47.82914854414182,48.10896682739258,382005000,188.93724161752115,190.11500896160672,187.02709230289176,187.4229736328125,43014200,137.9503454992033,138.63024368576404,135.28036841853944,135.38458251953125,21014700
2023-11-30,372.9296627723548,374.5061634778247,369.9540398668522,373.343505859375,30554400,329.5877553439527,331.18657252656726,320.1635651009382,324.880615234375,23146400,144.75999450683594,146.92999267578125,144.3300018310547,146.08999633789062,65814000,47.9930463084526,48.07899322892278,46.39208143645713,46.7398567199707,526247000,187.888109148078,188.36318478193425,186.2550800746654,187.99697875976562,48794400,135.38459922272398,135.94044316871782,131.8014723334578,132.92306518554688,29913500
2023-12-01,371.22506313283355,372.60448984781664,365.855116553608,369.00811767578125,33040500,323.2221671824359,324.5925687122736,318.5349084502138,322.5667419433594,15276400,146.0,147.25,145.5500030517578,147.02999877929688,39951800,46.49501248567539,47.16957663238465,46.157229102972245,46.73485565185547,369317000,188.37309535289532,189.5904446947665,187.28439912721964,189.27374267578125,45704800,132.32754516601562,132.50619793848415,131.16822558529776,132.32754516601562,24268000
2023-12-04,363.6776507437524,364.0914637906027,357.5687213567305,363.7170715332031,32063300,315.08900590564207,318.6342182124183,311.4841819302408,317.800048828125,19037100,145.25,145.35000610351562,142.80999755859375,144.83999633789062,48294200,46.047291437827624,46.047291437827624,44.980978046044385,45.480655670166016,437543000,188.02667840765253,188.09596593756666,185.52269231677565,187.48233032226562,43389500,130.31660539036469,130.4714347394466,128.43669266571038,129.6575469970703,24117100
2023-12-05,361.0665294174841,367.59910345060933,360.24870603092694,367.0473327636719,23065000,316.76733889674813,319.6472163742291,313.2022453252534,316.0821228027344,16952100,143.5500030517578,148.57000732421875,143.1300048828125,146.8800048828125,46822400,45.44068360016381,46.57405104711008,45.24579248346221,46.54007339477539,371718000,188.25433276481266,192.40123993854135,188.22462732075607,191.4313201904297,66628400,129.3994826938057,132.54588246802612,128.76424764704194,131.40444946289062,19235100
2023-12-06,368.0524359835832,368.683018285252,362.62337224170636,363.3820495605469,21182100,319.69682854269684,320.01461603995,314.8407652561851,315.2479248046875,11294300,147.5800018310547,147.85000610351562,144.27999877929688,144.52000427246094,39679000,47.188709647488736,47.36061475805966,45.38671220041947,45.4776611328125,380590000,192.4507413057332,192.75755159573393,190.1348038567878,190.3426513671875,41089700,131.9106264729234,132.31757788307297,130.33246678403606,130.45156860351562,16360600
2023-12-07,362.82038525778927,365.9930818022582,360.9384412449314,365.50042724609375,23118900,315.56566907383996,325.96304155910934,315.56566907383996,324.3244934082031,15905100,146.14999389648438,147.9199981689453,145.33999633789062,146.8800048828125,52352800,45.67455588233509,46.6030394870367,45.578608662273986,46.5700569152832,350823000,191.63914867608756,192.99505783958267,191.5995514892092,192.27256774902344,47477700,135.58312297082477,138.95780649915318,135.21586704062742,137.41934204101562,38419400
2023-12-08,363.776165260302,368.95887115666653,362.8204141424842,368.7322692871094,20154400,320.8487785252904,330.8588723302626,320.7594064759814,330.4417724609375,14087400,145.47999572753906,147.83999633789062,145.39999389648438,147.4199981689453,41906000,46.5690536083124,47.71441533754204,46.52407668516983,47.47954559326172,359224000,192.2032849129047,193.97488907234165,191.67873543823174,193.69776916503906,53406400,134.65010244287728,136.96275891327684,134.56077606966974,135.622802734375,23016100
2023-12-11,363.06672692464986,366.140886665869,360.7216863332907,365.84527587890625,27708800,327.11500554193907,327.60162710830497,317.78021770794487,323.0235900878906,25802500,145.66000366210938,146.19000244140625,143.63999938964844,145.88999938964844,50907300,47.46455720613541,47.504532035793474,45.8044827851011,46.601036071777344,509728000,191.12449893522992,191.5005967167582,189.4518726145205,191.1937713623047,60943700,132.82382680409555,133.78659201375163,131.90074201806263,133.697265625,24502900
2023-12-12,365.4019256182351,368.91948670565927,365.0176405940666,368.88006591796875,24838300,322.3482881257028,332.1498160678182,322.3085571160803,331.90155029296875,18485500,145.52000427246094,147.5,145.3000030517578,147.47999572753906,44944300,46.02036339199116,47.63946032153252,46.02036339199116,47.63046646118164,372387000,191.09480795445688,192.71794533501543,189.748790485074,192.7080535888672,52696900,132.27790084329126,133.53843566310795,131.841173917132,132.6451416015625,26584000
2023-12-13,370.4959935952551,372.092219925607,365.32311975023094,368.8702392578125,30955500,331.613589975502,336.0227930461716,330.33256025664025,332.41796875,16353300,148.1199951171875,149.4600067138672,146.82000732421875,148.83999633789062,52766200,47.60248182794816,48.5669446692335,47.58149361223289,48.06122589111328,447792000,193.08413511536142,195.96421892707963,192.8466123940007,195.9246368408203,70404200,133.54338793500753,133.77663910079028,131.96026058228568,132.97267150878906,25414500
2023-12-14,367.8257861452431,368.2691873263225,358.78065463293524,360.55419921875,43277500,331.534101275979,332.37821091940003,326.36025133398056,330.85882568359375,19607300,149.92999267578125,150.5399932861328,145.52000427246094,147.4199981689453,58400800,48.36305679932983,48.64289968086901,47.395597257027774,48.32307815551758,391232000,195.98403383047588,197.567574144968,194.14315707722483,196.07310485839844,66831600,133.7667395608009,134.02976622263293,130.08435114995402,132.2084197998047,29619100
2023-12-15,361.4606566919279,366.92911028032063,360.89902327689896,365.2836608886719,78502300,329.6870122597024,336.31075653936995,328.9223645749602,332.5967102050781,31776900,148.3800048828125,150.57000732421875,147.8800048828125,149.97000122070312,110089300,48.16716609290554,49.37649145661912,48.09320598416868,48.86277770996094,479948000,195.4990685795855,196.36011872958818,194.9745190512041,195.53866577148438,128538400,131.93049381733584,133.826278724094,131.64265934569684,132.84364318847656,58594000
2023-12-18,364.02250460099197,367.52034031624777,363.2637972546779,367.17547607421875,21802900,335.138945860617,345.1490085729094,334.682115014434,342.2294006347656,18993900,150.55999755859375,154.85000610351562,150.0500030517578,154.07000732421875,62512800,49.372493076088325,50.404914981750885,49.12263228888661,50.04911422729492,412587000,194.07384089090513,194.60829718334298,192.39132294807408,193.8759002685547,55751900,132.86348930391583,137.34984472427678,132.77416293739708,136.168701171875,25699800
2023-12-19,366.03250325578983,367.7765197753906,364.4067490977682,367.7765197753906,20603700,343.1827251295134,351.147110410114,342.7259245993213,347.9295654296875,17729400,154.39999389648438,155.1199951171875,152.69000244140625,153.7899932861328,43171300,49.396477797500886,49.67232508160953,48.867773044674685,49.576377868652344,464444000,194.14313632648785,194.92500710230044,193.87590816937887,194.9151153564453,40714100,136.97268356455018,137.73695567726864,136.42677491260847,137.0719451904297,20661000
2023-12-20,369.49095210036234,370.5058193793613,365.086618748556,365.17529296875,26316700,346.23145156558394,352.49767744349367,345.37743182713814,346.8570861816406,16369900,152.89999389648438,155.6300048828125,151.55999755859375,152.1199951171875,50322100,49.62734838444094,49.97115859701397,48.07121619318162,48.08420944213867,397894000,194.87555255598716,195.64753172216422,192.82684326171875,192.82684326171875,52242800,139.285325971083,142.01286978778424,138.3721766574486,138.6203155517578,33507300
2023-12-21,367.0867544249883,368.9095822665608,364.6037863278298,368.0523681640625,17708000,350.5314120529939,353.9376110969947,346.7875448972767,351.6336975097656,15289600,153.3000030517578,153.97000122070312,152.10000610351562,153.83999633789062,36305700,48.783821596134075,49.06766385409553,48.39203776733346,48.96272277832031,300425000,194.08377332368417,195.05369307239374,191.51049958819766,192.67835998535156,46482500,139.7220688742158,140.97268359270743,139.4272827418426,140.74440002441406,18101500
2023-12-22,368.19031518305366,369.66827890495347,367.2345641067885,369.07708740234375,17107500,353.1133790344546,354.72216678296945,348.7836382780297,350.9385986328125,11772800,153.77000427246094,154.35000610351562,152.7100067138672,153.4199981689453,29514100,49.16760528234189,49.355500319360594,48.44001003124747,48.80281066894531,252507000,193.173238924369,193.40088504018271,190.98596961710052,191.6094970703125,37149600,141.0719123928699,142.18356966173857,140.9974586172056,141.6575164794922,18513500
2023-12-26,369.49097688586306,371.4024792784928,368.01301297831964,369.1559753417969,12673100,352.5274850525142,354.5037013689945,350.9981895908106,352.36859130859375,9898600,153.55999755859375,153.97999572753906,153.02999877929688,153.41000366210938,25067200,48.9407287654443,49.572376781102484,48.93273380006729,49.251556396484375,244200000,191.61934905102697,191.89646895007564,190.8473700319769,191.0651092529297,28919300,141.91560281381527,142.873430527883,141.43918034174044,141.75680541992188,11170100
2023-12-27,368.20019317568403,369.55006195328735,367.3331162784424,368.5746154785156,14905400,353.6000381287208,356.50970617309997,352.8453003620589,355.3478088378906,13207900,153.55999755859375,154.77999877929688,153.1199951171875,153.33999633789062,31434700,49.483430013348695,49.65233461998989,49.05766474220859,49.38948059082031,233648000,190.51087517820892,191.51048519395766,189.12526053943682,191.16407775878906,48087700,141.76673682067968,142.25309458095086,140.00097326971112,140.3870849609375,17288400
2023-12-28,369.8554894003956,370.92947276145065,368.66327375287557,369.7668151855469,14327000,357.2048130452383,359.38953370527474,355.32790921917086,355.8343811035156,11798800,153.72000122070312,154.0800018310547,152.9499969482422,153.3800048828125,27057000,49.615361553511725,49.85622468658464,49.38448736257904,49.49442672729492,246587000,192.14390044821914,192.65855816674446,191.18387253758047,191.58966064453125,34049900,140.7940508371397,141.2109224691849,139.77965562656306,140.22828674316406,12192500
2023-12-29,370.4762652471226,371.6192275460888,367.9932968475244,370.51568603515625,18730800,356.4997453113809,357.5027488323767,349.3794992017642,351.504638671875,14987100,153.10000610351562,153.88999938964844,151.02999877929688,151.94000244140625,39823200,49.78526507165566,49.96916454651592,48.72385609264306,49.49442672729492,389293000,191.90640077236304,192.40125999570787,189.75871355527508,190.5504913330078,42672100,139.63273569618974,140.3821201342033,138.8585434224958,139.88087463378906,14881000
2024-01-02,368.36763432010537,370.3776732414385,361.38179662508963,365.42156982421875,25258600,348.8829543501039,350.71018691578075,337.65141250884125,343.8878479003906,19042200,151.5399932861328,152.3800048828125,148.38999938964844,149.92999267578125,47339400,49.216575301212856,49.26754558758411,47.568495374432075,48.14117431640625,411254000,185.22577720716953,186.5025222946912,181.99930092657837,183.73130798339844,82488700,138.56079836054772,139.5682419108071,136.71464393179855,138.52108764648438,20071900
2024-01-03,363.58897105283376,367.7765353087628,363.09631643448915,365.1556091308594,23083500,342.58694677323774,345.5363456303031,340.79941486556845,342.0804748535156,15451100,149.1999969482422,151.0500030517578,148.3300018310547,148.47000122070312,49425500,47.458561936508566,48.15717024660548,47.2936528901048,47.54251480102539,320896000,182.32590048043423,183.96883642924203,181.5440145919006,182.3555908203125,58414500,137.568231858587,140.0396859625088,137.39948405472208,139.31512451171875,18974300
2024-01-04,365.2245421546535,367.6188360826796,361.7759602590735,362.5346374511719,20901500,342.1102764024705,345.7349510637001,341.0179008085137,344.71209716796875,12099900,145.58999633789062,147.3800048828125,144.0500030517578,144.57000732421875,56039800,47.74040114665584,48.47299471292731,47.48154648897857,47.971275329589844,306535000,180.2771650380176,181.20750256721809,179.02023379077144,180.03964233398438,71983600,138.80891332135792,139.58805799407324,136.98259942012896,137.0123748779297,18253300
2024-01-05,363.54952100172824,366.59412268972636,361.11580618022657,362.3474426269531,21004600,344.5829605689194,351.04781114531914,343.8580438907482,349.5085754394531,13920700,144.69000244140625,146.58999633789062,144.52999877929688,145.24000549316406,45153100,48.43501546755193,49.5194103643003,48.27910029347317,49.06966018676758,415039000,180.11885376441708,180.88092604513352,178.31755906038765,179.31716918945312,62379700,137.32207747702685,137.7766606176353,135.83125983765348,136.3672332763672,15439500
2024-01-08,363.8746851951502,369.6880336849266,363.5889671694232,369.1855163574219,23134000,352.2395362400979,356.48984560926635,349.6078944625118,356.17205810546875,13890200,146.74000549316406,149.39999389648438,146.14999389648438,149.10000610351562,46757100,49.48443976992701,52.245902210978585,49.4514571941335,52.22391128540039,642510000,180.21783627502344,183.6917578412106,179.63390599020136,183.65216064453125,59144500,136.97267641963853,139.59302266707593,136.85357459095405,139.4838409423828,17645300
2024-01-09,366.5448504063893,370.46636140674497,365.73688972227416,370.2693176269531,20830000,353.9277076707349,358.138316118868,352.8949134884514,354.9505615234375,13463900,148.3300018310547,151.7100067138672,148.2100067138672,151.3699951171875,43812600,52.37182939884466,54.29475809672614,51.66122286319163,53.110416412353516,773100000,182.0289926299427,183.24634194188326,180.85122540618832,183.2364501953125,42841800,139.01732936081825,141.73693704847574,138.74933511886613,141.49871826171875,19579700
2024-01-10,370.84081671988235,378.52624647847034,370.7915632878579,377.14678955078125,25514200,357.6715477088535,370.3529525023192,356.58908226779886,367.90008544921875,22117200,152.05999755859375,154.4199981689453,151.8800048828125,153.72999572753906,44421800,53.58615158748565,54.56960111335146,53.45921957741913,54.319740295410156,533796000,182.45457200324566,184.48348240733844,182.02898528742006,184.27565002441406,46792900,141.4590525315388,143.44911655095675,141.3995016085915,142.72952270507812,16641900
2024-01-11,380.32939164153356,384.94063197124007,374.7919581598022,378.9795227050781,27850800,369.54857861141966,370.19406356936474,360.41238591073494,367.10565185546875,17205400,155.0399932861328,157.1699981689453,153.1199951171875,155.17999267578125,49072700,54.9683767860804,55.315183696465496,53.530178853161665,54.791473388671875,596759000,184.62205313633504,185.12681915669637,181.73207738578324,183.68182373046875,49128400,143.81636594660668,145.56822619459635,141.15630872935984,142.60047912597656,17471100
2024-01-12,379.82685960129345,382.9699985676337,378.9992034255686,382.7630920410156,21661200,367.59226177945345,374.44439150060066,366.97656747114235,371.8922119140625,19310000,155.38999938964844,156.1999969482422,154.00999450683594,154.6199951171875,40484200,54.58958106589039,54.93938843850723,54.29974546438518,54.67953109741211,352994000,184.14698280822722,184.8199990991005,183.28593272766105,184.0084228515625,40477800,143.26547572373775,143.66250706209212,142.29277544886418,143.16622924804688,13998700
2024-01-16,387.8768645882933,388.24142422003797,381.925587967106,384.5366516113281,27202300,371.05804360841296,373.00443891602794,364.6825950936139,364.9109802246094,15306900,153.52999877929688,154.99000549316406,152.14999389648438,153.16000366210938,41384600,54.98736610755934,56.80335188433168,54.86943178251625,56.35060501098633,449580000,180.28708678689063,182.36548612847807,179.0697224204938,181.74197387695312,65603000,142.36224553035362,144.75430821315538,141.99103675526231,143.00741577148438,19198900
2024-01-17,382.28028145481545,384.37896483224864,379.1568380014038,383.7483825683594,22234100,363.75901875957754,365.9835008176881,356.1223607318254,365.8146667480469,12724800,151.49000549316406,152.14999389648438,149.91000366210938,151.7100067138672,34953400,56.31562839717504,56.43955990801359,54.70952466514394,56.021793365478516,474394000,179.40625114511818,181.04917214343425,178.44622312883942,180.80174255371094,47317400,141.8461340405236,142.34241187414503,139.46399135202222,141.82627868652344,17884500
2024-01-18,385.9653010602353,388.2019420036005,384.3888004079398,388.0837097167969,23392100,368.91298585068853,374.23581960253256,368.37675361940967,373.52081298828125,16354300,152.77000427246094,153.77999877929688,151.82000732421875,153.5,37850200,57.22811763397988,57.567928484455464,56.0757597125632,57.07520294189453,491650000,184.17667408756796,187.1953179109023,183.91935276727983,186.69056701660156,78005800,142.37219538970797,144.50123165708615,142.28286900944835,143.91065979003906,18876800
2024-01-19,389.9459487436234,392.8132019042969,387.7191405000406,392.8132019042969,29331100,376.37089636280143,381.69369976981744,375.3480426324147,380.7900390625,21670800,153.8300018310547,155.75999450683594,152.74000549316406,155.33999633789062,51651600,57.956711672124605,59.46687197330924,57.19313710812396,59.45787811279297,543501000,187.38337121910467,189.97642838325277,186.8786203129096,189.59043884277344,68903000,145.21585550411905,146.93794026229747,144.71462517060763,146.86846923828125,27181000
2024-01-22,394.14335115597686,394.73454265352376,387.80782060564184,390.6849365234375,27016900,385.2588658770631,387.64221140503804,378.51595852044164,379.13165283203125,17680500,156.88999938964844,157.0500030517578,153.89999389648438,154.77999877929688,43687500,60.01556528618006,60.29740976678535,59.037110289114665,59.620784759521484,452955000,190.32282073770045,193.3216657993532,190.28322355100102,191.89646911621094,60133900,147.60296832126176,148.8982462708717,146.48137550712406,146.61041259765625,21829200
2024-01-23,389.9361075398463,393.51278467024315,388.1428376176736,393.0398254394531,20525900,381.95193000664796,385.68585701267045,379.42954121177866,382.5279235839844,15506100,154.85000610351562,156.2100067138672,153.92999267578125,156.02000427246094,37986000,59.5368279679321,59.87663879045011,58.55237585802376,59.83966064453125,294654000,193.01488956324005,193.73737977781175,191.83712223283266,193.17323303222656,42355600,146.62032095653905,147.75183378499338,146.09426767678733,147.5731658935547,14113600
2024-01-24,395.64108304053997,399.6709942481896,394.5670995707582,396.6460876464844,24867000,387.29462029869575,393.4019524806912,385.1198096217787,387.9897766113281,15698500,157.8000030517578,158.50999450683594,156.47999572753906,156.8699951171875,48547300,60.27042548611156,62.814006680232,59.90462813486255,61.32783508300781,560271000,193.41075266703035,194.36088890095834,192.34185506707502,192.50021362304688,53631300,149.17119260178288,150.4416778578756,148.72454555650256,149.2307586669922,19245000
2024-01-25,398.38024160054783,401.03072587810215,396.6165296306349,398.9221496582031,21021200,387.463476105673,392.74654921576047,382.98475144483166,390.45257568359375,15091100,156.9499969482422,158.50999450683594,154.5500030517578,157.75,43638600,62.31528094129938,62.68407876992676,60.81611616664833,61.58269119262695,482777000,193.21280647175473,194.2520137003454,191.124500268323,192.17359924316406,54822100,150.61041176967234,153.60791916668836,150.0942785499404,152.4962615966797,21495100
2024-01-26,398.42947961915996,400.2030542350716,396.51797735014173,397.9959411621094,17803300,391.6144490770692,394.0375255245111,388.8735851564818,391.4059143066406,13163700,158.4199981689453,160.72000122070312,157.91000366210938,159.1199951171875,51047400,60.926057292697806,61.748600916766215,60.53927554518053,60.99701690673828,390309000,192.27257421163478,192.7575265029299,189.96652881027472,190.44158935546875,44594000,151.73199213213928,152.96276671016125,151.66252110538252,152.6451416015625,19494500
2024-01-29,400.0946315969203,403.9570567007328,398.39003594013263,403.70086669921875,24510200,392.2500198714916,400.1349440276031,390.37314620072715,398.2381896972656,18742400,159.33999633789062,161.2899932861328,158.89999389648438,161.25999450683594,45270400,61.197906346142304,62.45420645662032,60.87309034622641,62.43022155761719,348733000,190.03580216218106,190.22385105233468,187.63079398239137,189.75868225097656,47145600,152.49626825555958,154.04465283716846,151.7816268878633,153.6873321533203,20909300
2024-01-30,406.2035919940408,406.98196463436994,400.47894778438507,402.5874938964844,33477600,400.7903320803033,403.54110595161325,396.79822933650826,397.2848205566406,18614700,160.6999969482422,161.72999572753906,158.49000549316406,159.0,45207400,62.86497729318725,63.457645602005435,62.225330458008614,62.739044189453125,410735000,188.9768051464624,189.82796344587697,185.54248160944437,186.1066131591797,55859400,152.86348946935885,153.88582057232836,151.63768264169386,151.91064453125,26578900
2024-01-31,400.98149508451127,409.2186971007401,391.3747286721782,391.7392883300781,47871100,386.3016091541154,395.23917851757824,384.4147950163393,387.4337158203125,20180800,157.0,159.00999450683594,154.80999755859375,155.1999969482422,50284400,61.40578727537811,62.23432804617364,60.66620146120928,61.492740631103516,453795000,185.11691469411622,185.17631048108575,182.45458500160478,182.50405883789062,55467800,144.3076713205496,144.50617942972633,140.49626110164365,140.74440002441406,43908600
2024-02-01,395.9267795782407,402.00615052622754,395.89722150523676,397.84814453125,30657700,391.20730397034777,397.7217958803975,390.32346321045657,392.0414733886719,29727100,155.8699951171875,159.75999450683594,155.6199951171875,159.27999877929688,76542400,62.06541568156925,63.15581153197272,61.61566933157976,62.99190139770508,369146000,182.09829474891072,185.0278527702626,181.93004443231115,184.93878173828125,64885400,142.62031375340834,143.5433831733729,141.20095139810843,141.64761352539062,25526900
2024-02-02,397.8777185090492,406.58784851032016,397.63139120108593,405.1788635253906,28256700,456.4118123081212,482.5889413919977,449.86753003715205,471.6950378417969,84707600,169.19000244140625,172.5,167.3300018310547,171.80999755859375,117218300,63.938381369175765,66.56291878931643,63.654539090246594,66.1231689453125,476578000,178.01073002917815,185.40392677166545,177.4070012757119,183.93914794921875,102551700,139.8411540776488,142.8089006932634,137.1414017074058,142.47142028808594,42136100
2024-02-05,403.8781762834876,405.11967531695313,398.0549961507154,399.69061279296875,25352300,466.6204856916062,468.6264622065812,456.034429603673,456.2231140136719,40832400,170.1999969482422,170.5500030517578,167.6999969482422,170.30999755859375,55081300,68.1870176350593,69.45831268504848,67.16758882386114,69.29340362548828,680078000,186.21548923655902,187.30418539055444,183.9292424150712,185.7503204345703,69668800,142.96771551558987,145.5781418375602,142.8386935740903,143.85108947753906,29254400
2024-02-06,399.9173050428237,401.97659767351126,396.99093550042556,399.53302001953125,18382600,460.78132972802837,463.87968209622363,449.8576344112001,451.5657043457031,21655200,169.38999938964844,170.7100067138672,167.64999389648438,169.14999389648438,42505500,69.59122707783612,69.71515858330277,66.26308702618283,68.18501281738281,683111000,184.93876832266957,187.36357521832525,184.8496972971495,187.3536834716797,43490800,144.87345389509096,145.64764622170694,143.44417109358457,144.32754516601562,21517700
2024-02-07,401.4543453507497,408.21355139808253,401.41492456704214,407.96722412109375,22340500,454.82289153063925,468.24909348841373,453.0155094480888,466.3324890136719,23066000,169.47999572753906,170.8800048828125,168.94000244140625,170.52999877929688,47174100,68.28095195120673,70.18089422020962,67.56235060844563,70.0599594116211,495575000,188.67990426473503,189.0856924097343,186.67077723703076,187.46255493164062,53439000,145.0322297194602,145.90568355591802,144.1290155697023,145.5880584716797,21436100
2024-02-08,407.9672510426615,409.45507751601383,406.46959192466915,408.0263671875,21225300,465.07134622371103,467.32558868611034,461.8041599426537,466.73968505859375,18815100,169.64999389648438,171.42999267578125,168.8800048828125,169.83999633789062,42316500,70.0349761659854,70.75457644757603,69.41632519274872,69.60221862792969,414422000,187.44276462432762,187.59121634154823,185.42374576060666,186.38377380371094,40962000,145.87591502568085,146.51115007912992,145.3300063519672,146.12405395507812,18241300
2024-02-09,409.14960835834074,414.63778732343934,408.991955292265,414.3717346191406,22032800,469.6692146200597,470.30475925765757,464.227217813574,464.8627624511719,18413100,170.89999389648438,175.0,170.5800018310547,174.4499969482422,56986000,70.49373428612587,72.14481511205457,70.17291382776136,72.09284973144531,436637000,186.9486117161699,188.27653811843788,186.30447993507684,187.14682006835938,45155200,146.84860945927664,149.57318509278926,146.3324762663136,149.10171508789062,21877700
2024-02-12,414.3816422071808,414.55899064975375,408.65699805765166,409.1595153808594,21202900,464.9422419936449,475.82620571090297,463.34339455149507,465.6473083496094,19382000,174.8000030517578,175.38999938964844,171.5399932861328,172.33999633789062,51050400,72.55956500777188,74.56944659789941,71.21031839479434,72.207763671875,613710000,186.72069342042812,186.9684387436886,185.10538907399385,185.46214294433594,41781900,148.4267704156937,149.46895691359484,147.45407008541162,147.622802734375,17236100
2024-02-13,398.991129023294,404.04577027322716,397.46391171761815,400.3508605957031,27824900,453.70076734156714,464.64434291204145,451.93311610453003,456.92822265625,20916600,167.72999572753906,170.9499969482422,165.75,168.63999938964844,56345100,70.36081744123659,73.40911526024477,69.58125280309775,72.08785247802734,602580000,184.0945819491523,184.53061609699293,181.85495475727518,183.37115478515625,56529500,144.98261041273219,146.9379311008512,144.02975032913352,145.28036499023438,18138500
2024-02-14,402.8186275095737,404.5658388517389,399.36366838251547,404.2203369140625,20401200,464.68402390922387,470.8211467892726,462.8567913837344,469.9969177246094,16858400,169.2100067138672,171.2100067138672,168.27999877929688,170.97999572753906,42815500,73.16125433620005,74.19467532641171,71.89795802434332,73.8588638305664,504917000,183.64865818230027,183.85675578337245,180.79462725534452,182.48919677734375,54630500,146.2729155078222,146.7294977526477,144.4714246511034,146.0446319580078,16651800
2024-02-15,402.8877787891035,403.86502912534854,399.08731730113595,401.3280944824219,21825500,471.9830605741492,485.23051957889754,468.94428970905085,480.67236328125,24212300,170.5800018310547,171.1699981689453,167.58999633789062,169.8000030517578,49855200,73.82787028335872,73.93380643951798,72.35968650824275,72.61753845214844,420122000,181.89459574378543,182.82612045767794,179.71444020641266,182.20179748535156,65434500,143.3845871267003,143.68234168740076,140.82379188830166,142.8684539794922,26724300
2024-02-16,402.71003513978644,403.03580530507566,398.2482129693453,398.8602294921875,22296500,474.79343304710864,475.63754283013776,465.9551766088898,470.03668212890625,23324600,168.74000549316406,170.4199981689453,167.1699981689453,169.50999450683594,48107700,74.05873462198204,74.36056840015162,72.46062602851259,72.57256317138672,495327000,181.76579187183052,183.18290302222294,180.03157456209792,180.66580200195312,49752500,143.13645481893047,143.4044339358979,140.46647773695776,140.70468139648438,21865100
2024-02-20,398.0508194321391,399.284733568485,392.8881419655763,397.60662841796875,24307900,466.46159170236916,472.87677072112166,463.3235087291464,468.4775085449219,18015500,167.8300018310547,168.7100067138672,165.74000549316406,167.0800018310547,41980300,71.90693589131082,71.91593356383504,67.6962844049487,69.413330078125,704833000,180.15048310961222,180.78471053407532,178.3766332434525,179.9225616455078,53665600,139.89080371891967,142.26201166893406,139.75184652579617,141.14141845703125,18625600
2024-02-21,395.0203117904289,397.1130251474651,392.10826265454955,397.0044250488281,18518900,463.75546133458766,466.24075319597347,459.0731799623868,465.2764587402344,12921800,168.94000244140625,170.22999572753906,167.13999938964844,168.58999633789062,44420100,67.96813224619191,68.84964494727922,66.21111545956025,67.43443298339844,673755000,180.29911202321813,181.24054108716462,179.03065736673128,180.67568969726562,41371400,141.5781469830933,142.90816801011562,140.85358554974505,142.7692108154297,16440800
2024-02-22,404.9113664023,407.51737721520215,403.3122186108832,406.3525695800781,27009900,477.41462669114475,487.1072651737646,473.25922588434,483.2699890136719,21625800,173.10000610351562,174.8000030517578,171.77000427246094,174.5800018310547,55392400,74.98323324060954,78.53125229218321,74.17868109913526,78.49427795410156,865100000,181.82524161821627,183.29190480468338,180.81445159653885,182.70721435546875,52292200,145.03223741840605,145.1116436936809,142.93794423677772,144.2382049560547,23024700
2024-02-23,410.32087486596646,410.50840209542025,403.7070832004783,405.0594482421875,16295900,485.1786810525682,491.45155549063116,479.51223362447035,481.1823425292969,18374300,174.27999877929688,175.75,173.6999969482422,174.99000549316406,59715200,80.7450259181588,82.34812926609345,77.5268172404039,78.77312469482422,829388000,183.3414504606763,183.37117869088894,180.58652357235425,180.87391662597656,45119700,143.8908098319027,144.86847786194312,143.71214191948363,144.2084197998047,14519400
2024-02-26,406.1650087554213,406.8560126685655,402.1177646745505,402.29547119140625,16193500,480.6256557583817,483.2799609921054,477.7725453653091,478.90582275390625,12101400,175.6999969482422,176.3699951171875,174.25999450683594,174.72999572753906,44368600,79.6556292519544,80.60110940022084,78.4612947940882,79.0479736328125,503973000,180.59643039937333,181.11172976770854,179.02075870271764,179.5261688232422,40867400,142.38211076688523,142.7692068803552,137.70718194614793,137.71710205078125,33513000
2024-02-27,402.73968356058333,403.0654537547415,398.65297570324026,402.23626708984375,14835800,477.1561876658758,484.40327721976644,477.0965430855337,484.1845703125,10809600,174.0800018310547,174.6199951171875,172.86000061035156,173.5399932861328,31141700,79.3368025112215,79.43575404356761,77.11904376268178,78.65718078613281,391705000,179.46671005654383,182.26126931281985,177.94059046680667,180.98291015625,54318900,138.3721867906262,139.4441487099668,137.46895751434883,139.0570526123047,22364000
2024-02-28,402.9272470121027,404.0328292486966,400.10406595257604,402.4731750488281,13183100,482.1466085873044,488.16100260044766,479.9098459701468,481.17236328125,12715500,172.44000244140625,174.0500030517578,172.27000427246094,173.16000366210938,28180500,77.57678328073024,78.88904810428491,77.08205615581203,77.61975860595703,393110000,180.8639793914523,181.46847854843006,178.50545433930714,179.7838134765625,48953900,138.06450271897674,138.2431554737171,135.62280905447278,136.40692138671875,30628700
2024-02-29,403.3812996686875,408.8697466169625,400.69630165533437,408.31695556640625,31947300,485.5664001835374,488.8072305793803,479.77068239389234,487.2464599609375,17732000,173.00999450683594,177.22000122070312,172.85000610351562,176.75999450683594,53805400,79.04995966772168,79.94545684182245,78.30637065695909,79.06794738769531,507289000,179.63517226295397,180.92345088953732,177.9108594746495,179.11985778808594,136682600,137.32007836867083,138.90815829996205,136.545886183812,138.7394256591797,35485000
2024-03-01,405.9774997139128,410.51830995161754,405.59253415210725,410.153076171875,17823400,489.2147961734658,501.28338849746706,488.95634643940537,499.3448486328125,16273600,176.75,178.72999572753906,176.07000732421875,178.22000122070312,31981200,79.9554544760787,82.25417684232451,79.39076663879457,82.23318481445312,479135000,177.93071007111854,178.90186759105143,175.78028228782205,178.0397186279297,73563100,138.57070252225125,138.9577986412296,136.94787939753394,137.05209350585938,28551500
2024-03-04,408.11957070674777,411.9792577390108,407.01398846090547,409.5805358886719,17596000,500.04073241207027,501.4523915660251,493.49945745211545,495.259033203125,12324100,177.52999877929688,180.13999938964844,177.49000549316406,177.5800018310547,37381500,84.08315873170044,87.64617639419636,83.67239206586414,85.18954467773438,615616000,174.56133114426578,175.30456703921072,172.22261492332544,173.52081298828125,81510100,135.52355024178948,135.612891766213,131.87095249161578,133.2009735107422,43571500
2024-03-05,408.632835591906,408.9191120836045,395.4842705013913,397.4683837890625,26919200,492.0878453918812,492.66441982158307,485.0196890839656,487.3359680175781,15325300,176.92999267578125,176.92999267578125,173.3000030517578,174.1199951171875,37228300,85.22652719248794,86.05310907669562,83.37447499815761,85.92017364501953,520639000,169.21995126633416,170.48840604509627,168.0902332564625,168.58572387695312,95132400,131.75185210566013,133.02232221931425,130.57070837221644,132.7841033935547,28447600
2024-03-06,397.7843298406592,399.9461499534846,393.263281415692,396.9156494140625,22344100,494.7023656575051,500.01094591801206,491.38201906781137,493.1714172363281,11757900,175.5399932861328,176.4600067138672,173.25999450683594,173.50999450683594,32090900,87.9771142527572,89.67824212896674,86.98561575454009,88.6547622680664,582520000,169.5172478388351,169.69563232435493,167.15870765798908,167.59474182128906,68587700,133.2406826036386,133.73696045357664,130.9677215696114,131.57318115234375,23175200
2024-03-07,400.8937223940283,404.50662623949256,397.06364847725683,403.8748779296875,18718500,500.31911226510823,516.791604925774,498.4302963735491,509.17669677734375,18586400,174.8300018310547,177.99000549316406,173.72000122070312,176.82000732421875,34063300,90.11201372188047,92.71968420903526,89.55629754335479,92.62173461914062,608119000,167.6244864884472,169.19023880968834,166.9704503005263,167.47584533691406,71765100,132.89327441489877,134.8089146810949,131.6724352148529,134.2332305908203,24107300
2024-03-08,402.71012220945204,405.1384871716947,399.12683036565045,400.9925231933594,18002200,511.1649631248428,520.4897843529259,496.41227220356205,502.97344970703125,18597100,176.44000244140625,178.7899932861328,174.3300018310547,175.35000610351562,37893200,95.08947977383554,97.35032718295817,86.46187834190792,87.48336029052734,1142269000,167.47583792632756,172.13344696276567,167.41638146834518,169.1902313232422,76267000,134.0297436957814,137.95033512922004,133.79649253334514,135.275390625,26495200
2024-03-11,398.5641013130945,400.4593763393833,396.096273323242,399.3143005371094,16120800,494.08602609612274,494.3941998930595,473.19962133692354,480.7449645996094,20428300,174.30999755859375,174.47000122070312,171.47000122070312,171.9600067138672,28484800,86.38492752767289,88.75171621511622,84.1230810265849,85.73026275634766,678364000,171.38030546468005,172.80732093128213,170.49833272784605,171.1920166015625,60139500,136.04962624585653,138.9379520173366,136.04962624585653,137.90570068359375,22536400
2024-03-12,402.37445324131755,410.22215907857986,401.5551475222323,409.9358825683594,22457000,490.3580068610441,499.35475074544195,481.87819273232395,496.809814453125,15448200,173.5,176.75999450683594,171.97999572753906,175.38999938964844,36610600,88.00409921373667,91.91310011628946,86.10606561656215,91.86612701416016,668075000,171.58839851794536,172.4604668624585,169.4676992338398,171.6676788330078,59825400,137.2208158162895,139.23570253311547,137.18112025498522,138.5806121826172,19019700
2024-03-13,412.7195723945268,412.7985296378199,406.1551557542081,409.7581787109375,17115900,492.47557674041485,498.0326864702772,488.1412113590775,492.6545104980469,12090700,175.89999389648438,177.6199951171875,175.5500030517578,176.55999755859375,30772600,91.00857421482128,91.45734278263059,88.3899073255105,90.84165954589844,635713000,171.21183277143888,171.62804307697533,169.21995080494636,169.5866241455078,52488700,139.0173703552495,141.13151916871468,138.96773953355682,139.7220916748047,19637000
2024-03-14,414.83209112589816,422.3145640300028,412.6110454693134,419.7480163574219,34157300,497.3168592141215,498.40044284010156,485.28804037111354,488.9364318847656,12620000,177.69000244140625,179.52999877929688,176.47000122070312,178.75,43705800,89.53131740403234,90.59977243652932,86.55583073162953,87.8991470336914,602318000,171.35055836544484,172.73792596009017,170.49831395125625,171.4397430419922,72913500,141.24068068462822,143.65258379232648,140.4317453570444,143.26548767089844,36117900
2024-03-15,413.8942494694405,417.16165133292435,407.4778966665496,411.0611877441406,45079900,486.13303946882996,488.93642563448503,478.46837751695034,481.2519226074219,29153600,176.63999938964844,177.92999267578125,173.89999389648438,174.4199981689453,72147400,86.88567820084742,89.500341723681,86.21302481365912,87.7922134399414,642086000,169.6262365278927,171.0631561279297,168.75416830335303,171.0631561279297,121752700,142.3424077447282,143.26547721879055,140.07938210068167,141.11163330078125,41039500
2024-03-18,408.9190850547674,415.3157058481872,408.45513220227605,411.9495849609375,20106000,489.01597315025106,494.4935661399137,483.94597166783353,494.05615234375,11755300,175.8000030517578,176.69000244140625,174.27999877929688,174.47999572753906,31250700,90.3419098330075,92.35787961611925,87.04059269589636,88.40989685058594,668976000,173.98658058844927,176.107279800922,171.95506605696912,172.15325927734375,75604200,148.2580229128598,151.79151837289268,147.03718378373523,147.37464904785156,47676700
2024-03-19,412.45302237396163,416.24363275003464,410.20236440839864,415.9869689941406,19837900,485.29799633874035,493.7082157075301,478.4485172399462,493.32049560546875,10903100,174.22000122070312,176.08999633789062,173.52000427246094,175.89999389648438,26880900,86.65578707702176,90.49782872213696,84.96665402343716,89.3524169921875,672171000,172.76764601394297,175.0171774056643,171.4694631572472,174.49195861816406,55215200,147.8709389809071,148.5061740017726,145.91560310593732,146.81883239746094,17748400
2024-03-20,416.569367867818,420.4783989986328,415.2466156701396,419.7578125,17860100,496.5613264063082,505.21015443688776,492.25681414275317,502.5458984375,11711100,176.13999938964844,178.52999877929688,174.63999938964844,178.14999389648438,29947200,89.75120114679406,90.3638951089495,88.17800637840647,90.32591247558594,479063000,174.1352024891535,177.05859375,173.5108795488189,177.05859375,53423100,147.6823608666149,148.64514113935445,146.56573566685813,148.56573486328125,17730000
2024-03-21,424.29861540078343,425.27589583117316,421.6629918116586,423.84454345703125,21296200,511.68189014587995,512.0099050096288,503.0330616786882,504.77276611328125,9712500,179.99000549316406,181.4199981689453,178.14999389648438,178.14999389648438,32824300,92.2529387505123,92.60076087628697,90.3589007516049,91.38837432861328,480372000,175.45322885093574,175.8892630091755,169.29922879245808,169.82444763183594,106181300,149.20097598630602,150.17862878450183,146.90815966045912,147.6327362060547,19843900
2024-03-22,424.1703545566299,424.32826906328035,420.58706292422704,423.2226867675781,17648500,504.0172232261066,506.9697513685857,501.37286886802445,506.58203125,8120600,177.75,179.25999450683594,176.75,178.8699951171875,27995400,91.09452364541656,94.72967008042832,90.78768098585184,94.24092102050781,586719000,170.21097323924187,171.4893478138833,168.5263077506637,170.72628784179688,71160100,149.12157348910551,151.4242948324887,148.97268104731734,150.6401824951172,19252900
2024-03-25,419.7677430087365,421.90983138183765,416.18445123994246,417.4183654785156,18060500,502.81433078593295,504.2359104892771,497.2969644965207,500.06060791015625,8380600,178.00999450683594,180.99000549316406,177.24000549316406,179.7100067138672,29815500,93.89308875236317,96.71664485506633,93.46230882119279,94.95354461669922,552136000,169.0316847755244,170.38932429506946,167.92177545566648,169.3091583251953,54288300,149.82627217269658,150.3285020596783,147.6922835856365,150.0247802734375,15114700
2024-03-26,420.13293899173254,420.50805370647623,415.92778013004056,416.2239074707031,16725600,502.158224751726,506.9995687205203,492.2965727329748,492.97259521484375,11205400,180.14999389648438,180.4499969482422,177.9499969482422,178.3000030517578,29659000,95.80213286973698,96.32586780749175,92.45484117355997,92.51380920410156,513648000,168.46682128354186,169.8740129173693,168.05061095138228,168.179443359375,57388400,150.11412683719794,152.0595274931158,149.90568348003643,150.57069396972656,19312700
2024-03-27,418.9779885582823,418.9878695106981,413.61787312123863,416.0067138671875,16705000,496.3625268537015,496.9490824876934,485.19861413937207,490.95452880859375,9989700,179.8800048828125,180.0,177.30999755859375,179.8300018310547,33272600,93.06451960589087,93.19245268869888,89.07755527294492,90.2039794921875,586067000,168.87312383270142,172.0343565405087,168.57582642397568,171.74696350097656,60273300,151.01235935999128,151.55330028495206,149.01236065221357,150.8088836669922,16622000
2024-03-28,415.54274902029323,416.4410420434957,413.7264311944793,415.30584716796875,21871200,489.9404720171134,489.9901960550586,482.2957121478834,482.7231750488281,15212800,180.1699981689453,181.6999969482422,179.25999450683594,180.3800048828125,38051600,89.95410001839039,91.25344006885744,89.14751238127785,90.30992126464844,435212000,170.2010103030642,170.67667701496117,168.97218824939392,169.93344116210938,65672700,150.86848208114415,151.53349265184104,150.2034715104473,151.1265411376953,21105600
2024-04-01,418.494337158426,422.3836369877504,416.78658912173853,419.1063537597656,16316000,484.3337109507277,494.5035062693651,478.9455846143477,488.45928955078125,9247000,180.7899932861328,183.0,179.9499969482422,180.97000122070312,29174500,90.25295469319977,92.17796738530402,89.15851187965868,90.3169174194336,452441000,169.6460781034487,169.70553455748254,167.9514935576168,168.4965362548828,46240500,150.69974262178533,155.83125407551043,150.5210747097622,155.33497619628906,24469800
2024-04-02,414.7036696925523,416.94447677333466,412.4628927366232,416.0165710449219,17912000,482.2460459428788,494.6029099782821,481.7986812660362,494.44384765625,11081000,179.07000732421875,180.7899932861328,178.3800048828125,180.69000244140625,32611500,88.4028863469108,90.04805054821496,87.57531335437362,89.40637969970703,433064000,167.55510167176752,167.81275133793278,166.71276161053132,167.3172607421875,49329500,153.59799819796115,154.8287727472631,152.31760797864735,154.70965576171875,17598100
2024-04-03,414.328662399179,417.8132349439438,413.6968838599703,415.0393981933594,16502300,495.99470843998273,504.25581696566337,495.815774689645,503.7587585449219,12099200,179.89999389648438,182.8699951171875,179.8000030517578,182.41000366210938,31046600,88.43888153844358,90.32791718260744,88.35492473761427,88.91863250732422,370067000,167.26770493028647,169.14065873561202,167.05960735256843,168.1199493408203,47691700,153.76671473931447,155.38458524539197,152.9845864846633,155.20591735839844,17266200
2024-04-04,419.52089960464946,423.1535654935394,412.1964026116657,412.5024108886719,19370900,513.3817659558945,526.8818886970938,507.5761276530795,507.9141540527344,26476300,184.0,185.10000610351562,180.0,180.0,41624300,90.35989492370194,90.58778310646065,85.8362020197599,85.86119079589844,434965000,168.75421408193165,170.3695185848013,167.2974853515625,167.2974853515625,53704400,153.92550730170967,155.0173092542672,150.7493327607866,150.8088836669922,24184800
2024-04-05,414.6049948261761,421.0213477789878,412.9367406484567,420.0440673828125,16554800,513.8191641240741,527.5777665151929,511.38356597372723,524.237548828125,19263300,182.3800048828125,186.27000427246094,181.97000122070312,185.07000732421875,42374000,86.8217110656451,88.4358931925058,85.88219548423466,87.963134765625,399678000,168.06050251317026,168.85329051832247,167.42627513328318,168.05059814453125,42104800,150.55083610895826,153.6873156475276,149.9562962344758,152.7940216064453,16297300
2024-04-08,419.69868224821215,421.781515100121,417.8527211740667,419.1261291503906,14272400,526.1661496559301,528.363108870354,515.8372619219651,516.1951293945312,13260600,186.89999389648438,187.2899932861328,184.80999755859375,185.19000244140625,39221300,88.65475649731144,88.7846950725735,86.68776556126254,87.08856201171875,283220000,167.50557237539863,167.67403738632925,166.72270378093583,166.93080139160156,37425500,152.8684650185755,155.48881145200644,152.84365718423768,154.97764587402344,16641500
2024-04-09,420.9522561397257,422.23551472539157,416.1942762454294,420.7943115234375,12496900,519.1576077555757,522.7762075444691,503.7587479141373,513.8590087890625,10863800,187.24000549316406,187.33999633789062,184.1999969482422,185.6699981689453,36520100,87.39739525078261,87.59029759028141,82.97965182031417,85.31045532226562,501700000,167.17851757917794,168.54607640984824,166.83168324813985,168.1397705078125,42373800,156.17864097924695,158.69972572114182,155.473919788547,156.96275329589844,21521500
2024-04-10,416.75696418781513,418.5732821571219,414.29901690120346,417.8132019042969,16216600,506.2937294481195,519.4856478339971,502.8242413515318,516.771728515625,11418500,182.77000427246094,186.27000427246094,182.6699981689453,185.9499969482422,35879200,83.88320224037439,87.35542960706438,83.66631003801581,86.99461364746094,431929000,167.27763553824258,167.5650134431552,165.60287483124418,166.26683044433594,49709300,156.70470686068956,156.98262125943583,155.03720532301298,156.48634338378906,16339200
2024-04-11,420.3402327247268,423.8445365841043,416.92473693729744,422.4230651855469,17966400,518.0441650826642,520.7779861454409,514.2466318161514,520.0820922851562,10369500,186.74000549316406,189.77000427246094,185.50999450683594,189.0500030517578,40020700,87.37541678298889,90.69272444380793,86.8816730383785,90.56978607177734,431637000,166.8217782077108,173.87757491447604,166.64340884278624,173.4613494873047,91070300,157.16125924518346,159.92056276267266,156.754307790576,159.593017578125,17841700
2024-04-12,418.59299879164644,419.70846193552615,414.36807820345115,416.4706726074219,19253800,514.703986717133,517.1296341998783,506.3335096925716,508.8883972167969,11984500,187.72000122070312,188.3800048828125,185.0800018310547,186.1300048828125,38608800,89.65325833959419,90.1290211698629,87.48536563341473,88.14102935791016,426805000,172.68837774790788,176.75140669942581,172.63884078505302,174.95773315429688,101670900,158.2183396876894,160.49625319515445,157.4193396212034,158.00494384765625,16989800
2024-04-15,421.1101672183344,421.3273372828282,408.109636328808,408.31695556640625,20273500,513.6800255378373,515.4794352711156,494.3544220379405,497.2870788574219,13512900,187.42999267578125,188.69000244140625,183.0,183.6199951171875,48052400,89.05256658600005,90.56679344486741,85.88518380835967,85.95714569091797,443077000,173.77847120218846,175.0370216134587,170.94426424521788,171.13255310058594,73531800,159.08682110387247,159.63272974979193,154.98756135247436,155.16622924804688,21140900
2024-04-16,409.23505273581486,413.0157525674185,408.40586601327965,409.2449035644531,16765600,495.1795072199256,501.8003287823735,494.185390414838,496.81982421875,9847900,183.27000427246094,184.8300018310547,182.25999450683594,183.32000732421875,32891300,86.38892089132743,88.0730591608871,86.02011339953525,87.37042236328125,370453000,170.20102235595408,172.19288913903023,166.7524119884344,167.85240173339844,73711200,154.48134821245765,156.0595079329244,153.89574406137064,154.8386688232422,15413200
2024-04-17,411.88051429574114,413.4895430541291,405.04955278693666,406.5401306152344,15855500,500.1401818155544,500.1998263981414,484.27408574861244,491.2627258300781,12193700,184.30999755859375,184.57000732421875,179.82000732421875,181.27999877929688,31359700,88.2949386437983,88.72972195798647,83.90717836732355,83.99214172363281,495400000,168.08032842085646,169.11094225529814,166.48484802246094,166.48484802246094,50901200,156.01983278787083,157.49973066989327,154.9726786496622,155.71214294433594,16237800
2024-04-18,405.34570574936373,406.5895007512514,398.7516762985985,399.0675354003906,21029900,496.87944655072096,509.19656777647754,496.10403669099543,498.8477783203125,14808700,181.47000122070312,182.38999938964844,178.64999389648438,179.22000122070312,30723800,84.9266740115763,86.14605313921993,82.35998267211264,84.62782287597656,447260000,166.51456987389489,167.11906901091456,165.0479219314042,165.5334930419922,43122900,155.75679039899535,157.3051747101729,155.04711678057174,156.28781127929688,14016100
2024-04-19,398.8306438099327,400.2619961941858,392.6511924508159,393.98382568359375,30565800,499.8418833789234,499.8418833789234,472.93116635713545,478.23974609375,25215400,178.74000549316406,179.0,173.44000244140625,174.6300048828125,56000700,83.10760101811651,84.28099833646611,75.56744919546927,76.16114044189453,875198000,164.7109957890585,164.89926951971245,162.6002009445124,163.51190185546875,68149400,156.57564717078418,156.81386596898835,152.76423727069755,154.56076049804688,21479900
2024-04-22,394.93142960410273,397.66580225513326,390.6571648456916,395.80010986328125,20286900,486.8388881901566,489.1154241927228,470.61489447706913,478.8959045410156,17271100,176.94000244140625,178.8699951171875,174.55999755859375,177.22999572753906,37924900,78.0641671154843,80.03216479233348,76.36104131725212,79.47744750976562,596341000,164.02719323258373,165.751490640931,163.28395741969712,164.34429931640625,48116400,154.84860943897397,157.99997681824564,154.50122403079163,156.774169921875,17243900
2024-04-23,399.0379094531618,402.9469707225358,397.87310185893836,402.3250732421875,15734500,488.35989326844737,495.8257203780364,486.09330810710463,493.1813659667969,15079200,178.0800018310547,179.92999267578125,175.97999572753906,179.5399932861328,37046500,80.72781776562408,82.72679808163171,80.22307798101387,82.38097381591797,438559000,163.8587664496344,165.54343166054898,163.4326366212621,165.394775390625,49537800,157.40939140167626,159.28532090885804,156.78904414208975,158.7294921875,16115400
2024-04-24,404.28946405238224,407.16201954597966,401.54524043863097,403.7958984375,15065300,505.0709875978213,506.99957664976733,481.72911381389923,490.5966491699219,37772700,179.94000244140625,180.32000732421875,176.17999267578125,176.58999633789062,34185100,83.90719166390734,84.03912814064545,79.14262401880819,79.6363754272461,512208000,165.03800691456527,167.77312477902248,164.71099641624178,167.4956512451172,48251800,157.90567970598426,160.1885608020545,157.63770057657086,159.90072631835938,19485700
2024-04-25,388.9593393273181,394.74394432686086,383.0365516126927,393.9048767089844,40586500,418.9208293388117,443.1474518194537,412.0614292262953,438.7832946777344,82890700,169.67999267578125,173.9199981689453,166.32000732421875,173.6699981689453,49249400,78.82777847791279,83.28050853708768,78.18311074273281,82.5898666381836,424641000,168.00106471763377,169.07132637527934,166.63350563489078,168.35781860351562,50558300,152.21834288977288,157.10171512058272,151.63075464016526,156.774169921875,36197800
2024-04-26,406.8659105019104,407.68521620447916,400.53839541992835,401.0911865234375,29694700,438.8627866508182,443.8134991532309,429.4186772096866,440.6820373535156,32691400,177.8000030517578,180.82000732421875,176.1300048828125,179.6199951171875,43919800,83.77526671112514,88.28596627439501,83.34448669778978,87.69026947021484,551011000,168.3478879652858,169.79471202253325,167.6541890412428,167.7731170654297,44838400,174.6798688681452,175.10666051468928,170.12402706585365,172.39698791503906,56500800
2024-04-29,400.03497187375575,401.09120962785465,394.0529584180936,397.0735778808594,19582100,436.97397149750554,437.1728069896792,426.0386868647591,430.0747985839844,21502600,182.75,183.52999877929688,179.38999938964844,180.9600067138672,54063900,87.5503221946072,87.94711524604415,85.22250775369248,87.71224212646484,388971000,171.80640930182136,174.44242297655094,171.53885525962073,171.93524169921875,68169400,169.49874594669913,170.1042055467138,165.8163575311609,166.6501007080078,35914600
2024-04-30,396.32331323474864,396.9847044226994,384.16187921211525,384.3197937011719,28781400,428.5139878786913,437.0335752088141,427.1918260272905,427.6391906738281,18429500,181.08999633789062,182.99000549316406,174.8000030517578,175.0,94639800,87.19551848613133,88.77371581096726,86.25600293117195,86.35794830322266,363709000,171.7667512024824,173.41178341278996,168.46678241475865,168.79380798339844,65934800,166.13397570999825,168.60542967730703,163.27541048543134,163.41436767578125,29420800
2024-05-01,387.5576027140766,396.55038446355206,385.287212788776,389.8576354980469,23562500,426.0784771215956,447.31279793430986,424.59722242297005,436.6061706542969,20344900,181.63999938964844,185.14999389648438,176.55999755859375,179.0,94645100,85.0336065353816,85.95613224492045,81.21354987762143,82.99864196777344,559863000,168.05059058657778,171.15236652369296,167.58482822154218,167.7731170654297,50383100,164.9428925341537,167.55331876997855,163.67242249923606,164.3374481201172,25223200
2024-05-02,392.54259949156545,394.78337648708447,389.57132491777804,392.72027587890625,17709400,436.25825462708866,441.34812827617054,429.7368502219474,439.08154296875,15221300,180.85000610351562,185.10000610351562,179.91000366210938,184.72000122070312,54303500,84.40593290133356,86.19302312746696,83.15756927733226,85.77323913574219,377898000,170.95416794412498,171.8559644998941,169.34878317714927,171.469482421875,94214900,165.42924951011173,167.27540363766448,164.45654920705198,167.2059326171875,17041100
2024-05-03,397.1031487364524,401.9104729912864,396.68854036623503,401.4267883300781,17446700,443.3065022340071,451.4980453862521,441.2387526159293,449.301025390625,16489100,186.99000549316406,187.8699951171875,185.4199981689453,186.2100067138672,39172000,87.7442309865165,89.23546686580507,86.99561241116382,88.74372100830078,398341000,184.96666391602972,185.3135134388507,181.012657985983,181.72616577148438,163224100,168.277872843964,168.58557780756806,163.75182164825128,167.7319793701172,22767100
2024-05-06,403.49977559314374,408.603227237703,401.1405174679132,408.21826171875,16996600,452.89972179422654,463.41749460646207,450.67290985368646,462.9403076171875,15094600,186.27999877929688,188.75,184.8000030517578,188.6999969482422,34725300,89.34441239026923,92.17297098055205,89.00958414820802,92.09300994873047,376203000,180.70544017490002,182.53874644704828,178.79283846563771,180.0712127685547,78569700,167.9602752858077,168.63520588616618,166.64017439901465,168.56573486328125,15147900
2024-05-07,409.32384154303776,409.33372249534176,403.8255133338143,404.0722961425781,20018200,463.5467503722718,468.7559129119254,458.59603758146096,465.4852600097656,13406800,188.9199981689453,189.94000244140625,187.30999755859375,188.75999450683594,34048900,91.05154909444323,91.73419949359099,88.96561525990342,90.50782775878906,437342000,181.79549235772294,183.2324120279765,179.68471275097576,180.7549591064453,77305800,168.85355116510593,172.17861843079527,168.73444934144536,171.6922607421875,21102400
2024-05-08,402.917370243468,406.92512065552296,401.4761369476161,405.2568664550781,11792300,460.77314155474465,472.782059273929,460.2760831496155,469.8196105957031,11683900,187.44000244140625,188.42999267578125,186.38999938964844,188.0,26136400,89.43737100980039,91.14749704338682,89.37439959760155,90.36589813232422,325721000,181.20091221961113,181.41892928578648,179.81352951475225,181.09190368652344,45057100,169.47889749902424,170.62926624237883,169.25259793397075,169.88584899902344,14569900
2024-05-09,405.2864669208131,407.4087929910644,403.8353828414113,407.0139465332031,14689700,467.2348900216278,473.2791067395544,464.8788380898599,472.6230163574219,9437700,188.8800048828125,191.6999969482422,187.44000244140625,189.5,43368400,90.48284079234612,91.02556319779642,88.18601596391863,88.70175170898438,378013000,180.9135439323752,182.99461071341904,180.46760537105857,182.90542602539062,48983000,169.87589704336452,171.15630234033898,168.6649779130589,170.30270385742188,11937700
2024-05-10,407.6259773286798,410.0345799682454,406.5006332532913,409.4028015136719,13402300,474.28318568594807,474.6907772189938,466.8372604802556,473.3984375,10750000,189.16000366210938,189.88999938964844,186.92999267578125,187.47999572753906,34141800,90.25896046490828,91.3544023666181,89.1815071291804,89.8321762084961,335325000,183.4809650708303,183.66950932429603,180.7322345449188,181.64517211914062,50759500,168.426783999603,170.06449489361867,166.6600360144133,169.02230834960938,18740500
2024-05-13,412.6307056505163,412.9663266297868,405.53323020324206,408.3959045410156,15440200,469.96872632982064,470.56520248901546,460.12697588623786,465.2566223144531,14668800,188.0,188.30999755859375,185.36000061035156,186.57000732421875,24898600,90.43186737899792,90.95160653164567,88.48386356145281,90.35291290283203,289680000,184.01680743143146,185.6640710757596,183.2030934113359,184.85035705566406,72044800,164.612384104361,169.6773926544997,164.52602618565487,169.6277618408203,19648600
2024-05-14,406.7178476131515,412.1174572977483,406.25389467407797,411.1994323730469,15109300,460.64391394438604,469.75997868916056,457.3732610557371,469.07403564453125,10478600,183.82000732421875,187.72000122070312,183.4499969482422,187.07000732421875,38698200,89.55331737042562,91.60427311943869,88.8886555026712,91.3094253540039,296507000,186.07090395104018,186.85484938535834,184.86026592315986,185.99151611328125,52393600,170.3126201634331,171.49376380888015,169.15133187161973,170.65008544921875,18729500
2024-05-15,413.2662078851203,419.1106798585564,412.64318866360406,418.3887634277344,22239500,472.1855971099574,479.66134434257765,468.4278369108054,478.7070007324219,13100500,185.97000122070312,186.72000122070312,182.72999572753906,185.99000549316406,75459900,92.42485211295921,94.81363293144179,91.55229612488634,94.58174896240234,417735000,186.46787049037354,189.18683240943687,185.9320062923224,188.26397705078125,70400000,171.01734675545546,172.75035115427644,170.74935248110228,172.58558654785156,20958200
2024-05-16,417.1229765763839,420.7028625691673,415.6890726034355,416.32196044921875,17530100,472.2054681039629,474.8796446556367,469.9687053603125,470.4458923339844,16608200,185.60000610351562,187.30999755859375,183.4600067138672,183.6300048828125,38834500,94.86160408579778,95.77013712291551,94.05500878486642,94.31088256835938,323952000,189.00821119957226,189.6333810173086,188.2044300863017,188.38304138183594,52845200,173.30024598195538,175.02728335356127,172.75433727159748,174.12405395507812,17247300
2024-05-17,417.85481010987854,418.23060143126196,413.39480813113437,415.5506286621094,15352200,468.0600342968643,470.0184457515808,465.6642393287146,469.1336975097656,10807300,183.75999450683594,185.3000030517578,183.35000610351562,184.6999969482422,33175700,94.3208822477914,94.69168763651655,91.75918564554273,92.43183898925781,359691000,188.0555735439889,189.34559954047234,187.72810435814964,188.41281127929688,41282900,174.24314719004573,176.17366005161608,173.67738320048903,175.97018432617188,16546400
2024-05-20,415.55059617800293,422.0378548149535,415.33303438679826,420.62371826171875,16272100,467.1852115197864,470.4160911835801,464.29232793410193,466.08172607421875,11745100,184.33999633789062,186.6699981689453,183.27999877929688,183.5399932861328,30511800,93.70220057081201,95.15145822277206,93.39236106775267,94.73167419433594,318764000,187.8769693298537,190.44708847543168,187.55941793463836,189.57383728027344,44361300,175.99005208038096,178.61039857225245,175.90569332559252,177.13150024414062,17495100
2024-05-21,422.09719809997813,428.1691308622737,420.1391721073256,424.28271484375,21453300,464.37182544918653,467.93078051111434,459.55035299827114,461.896484375,11742200,182.3000030517578,183.25999450683594,180.75,183.14999389648438,50839100,93.55127282718048,95.35135699716334,93.1324877566636,95.33736419677734,328946000,189.62343971650407,191.25085261805762,189.4547462309282,190.873779296875,42309400,177.0719325314541,178.4813749668358,175.99005044285664,178.2034454345703,14706000
2024-05-22,425.3210520448661,427.6153345538536,422.39388170740824,425.74627685546875,18073700,465.1174209727308,470.9330103029686,462.9104804698009,465.0279541015625,10078600,183.8800048828125,185.22000122070312,181.97000122070312,183.1300048828125,28148800,95.41032394954395,95.97103489974472,93.20145177000462,94.90158081054688,548648000,190.79438668312676,191.34016861791716,188.80973611420333,189.4348907470703,34648500,177.0719124208979,177.5205585763795,175.46397720045525,176.67489624023438,16189400
2024-05-23,428.1691242148773,428.792143449846,420.7028525285379,422.26531982421875,17211700,470.0979384344224,471.56921182322856,458.824658013912,463.0397033691406,11747900,183.66000366210938,184.75999450683594,180.0800018310547,181.0500030517578,33670200,101.97597776870575,106.26578917767765,101.46823355489357,103.74607849121094,835065000,189.51429520164533,189.5341459487459,185.19768892080702,185.44577026367188,51005900,177.44911398431128,178.5707068169668,173.24067219446994,173.75680541992188,14928400
2024-05-24,422.45322015153533,426.28030386108634,419.704046646492,425.3902893066406,11855300,464.8688807910191,477.0269398531673,463.556639368811,475.4065246582031,12024300,181.64999389648438,182.44000244140625,180.3000030517578,180.75,27471600,104.39573676851408,106.42070464479184,102.94747814509458,106.41471099853516,429494000,187.37087155015982,189.11735863774422,186.59684388111853,188.52195739746094,36327000,175.205937250306,175.98409753033752,173.8957564502872,175.01734924316406,11403600
2024-05-28,424.86617140902985,426.0429788375184,421.8697699331016,425.54852294921875,15718000,473.7762110460061,478.03103009437024,472.0464573766832,477.0965881347656,10175800,179.92999267578125,182.24000549316406,179.49000549316406,182.14999389648438,29927000,110.18777817721215,114.88038339336015,109.82696222842502,113.84291076660156,652728000,190.04022981736387,191.51880009814326,187.64873713728954,188.5319061279297,52280100,174.43173748593026,177.18110576503003,174.37217142424652,176.69476318359375,15655300
2024-05-29,420.9698917832297,426.1616790443509,420.9698917832297,424.41131591796875,15517100,471.86743656249297,477.02690466362833,470.91309302494045,471.5691833496094,9226200,181.6999969482422,184.0800018310547,181.5500030517578,182.02000427246094,32009300,112.99234510462112,115.4330933483792,110.84443906697294,114.76643371582031,557442000,188.15481585355153,190.7745542503335,188.05557725890648,188.82958984375,53068000,175.49377198889633,176.90319927426776,174.9478633214501,176.07937622070312,15023800
2024-05-30,419.59521565544946,419.59521565544946,409.64676652386225,410.072021484375,28394500,468.8950912608571,468.95473584268626,461.9760163883006,464.30224609375,10719600,181.30999755859375,181.33999633789062,178.36000061035156,179.32000732421875,29184700,114.59153447828542,115.75993705260656,109.60707814261482,110.44364929199219,484553000,189.29598343446253,190.70508365256933,189.16699143181853,189.82191467285156,49889100,175.37464815310898,175.37464815310898,171.94039917655425,172.2679443359375,18826300
2024-05-31,412.1290098934204,412.1290098934204,400.0247386123212,410.5269775390625,47995300,463.05958753361114,466.36006254960574,451.786306802676,464.0835266113281,16919800,178.3000030517578,179.2100067138672,173.8699951171875,176.44000244140625,58903900,112.46261619518734,112.6595219559155,106.88546755499186,109.57709503173828,613263000,189.9707550742459,191.09208749217237,188.45249859880175,190.7745361328125,75158300,172.10914938166232,173.12156041902205,169.69724634156157,172.6649932861328,28085200
2024-06-03,410.92250624898264,411.81252080542527,404.38581394057536,408.9347839355469,17484700,468.08984756825686,476.7784495068364,465.4852662634382,474.68084716796875,11279400,177.6999969482422,178.6999969482422,175.9199981689453,178.33999633789062,30786600,113.56305829627723,114.94135284423828,111.94587959300615,114.94135284423828,438392000,191.41954585254337,193.49351725389894,191.04247253185534,192.54087829589844,50080500,172.58559334783465,174.55084943172886,171.16623079349,173.12156677246094,20742800
2024-06-04,407.856889503619,411.8224355088356,405.13738203313136,411.45654296875,14348900,474.1937277319372,476.0726231021899,470.4459182059382,474.18377685546875,7088700,177.63999938964844,179.82000732421875,176.44000244140625,179.33999633789062,27198400,115.65700669071254,116.54055105021374,113.98685338816156,116.37763214111328,403324000,193.14619663099631,193.82098571162214,191.54855228534223,192.85842895507812,47471400,173.15133295793305,173.88582960327014,171.93049372903275,173.82627868652344,14066600
2024-06-05,413.1772670336835,419.3777336097301,411.6840004488704,419.30853271484375,16988000,481.59986638058245,493.7280723944885,481.06303484683156,492.1474304199219,15690500,180.10000610351562,181.5,178.75,181.27999877929688,32116400,118.31065299358036,122.38656920554564,117.40811349296057,122.37757873535156,528402000,193.90036613096368,195.38885414673365,193.3744349100596,194.36676025390625,54156800,175.22081016268223,176.64512505537928,173.9850681159825,175.7518310546875,15233900
2024-06-06,419.3084807052153,420.5940539083252,415.9164904670929,419.81280517578125,14861300,490.07969267755135,499.8617979835521,488.00199228373344,490.8551025390625,10667300,181.75,185.0,181.49000549316406,185.0,31371200,123.98475018522349,125.52296698440452,118.2596737996934,120.93630981445312,664696000,194.1881470745491,194.9919281725913,192.67980832687616,192.9874267578125,41181800,176.10914381293057,177.37962899368443,175.89079550090455,177.02230834960938,14255800
2024-06-07,421.47418661206035,421.55328627071816,418.3096570403155,419.1502380371094,13621700,492.9924404793725,495.974790725418,487.28622005011016,490.0597839355469,9380700,184.89999389648438,186.2899932861328,183.36000061035156,184.3000030517578,28021500,119.70892880786865,121.62995352369373,117.96182659837903,120.82636260986328,412386000,193.1561225415401,195.42855606321456,192.65004206608782,195.37893676757812,53103900,177.13149166279294,178.0843366253854,174.4813546941635,174.64016723632812,14716300
2024-06-10,419.9908379970184,423.33333440686357,419.1898218829819,423.12567138671875,13982900,490.95452567185265,499.70277202447545,490.5071912988335,499.64312744140625,11220900,184.07000732421875,187.22999572753906,183.7899932861328,187.05999755859375,34445600,120.30862356189567,123.0372272074531,116.95033628620642,121.72789764404297,313434100,195.3888517006261,195.7857909182053,190.6753063763642,191.6378631591797,97010200,175.33574670333766,177.34299500926858,173.27882626843078,175.51461791992188,17099800
2024-06-11,420.76214779186444,428.020755820843,420.5346872434857,427.8822937011719,14551100,497.2175050647525,504.6137371195067,495.3386095890023,504.4844970703125,9673700,187.05999755859375,187.77000427246094,184.5399932861328,187.22999572753906,27265100,121.71790142895497,122.81743693170633,118.6891989331394,120.8582763671875,222551200,192.16378906024917,205.57011360777915,192.14395345618084,205.5601806640625,172373300,176.59772506993409,177.26349229716828,174.33212415377145,177.06475830078125,14402400
2024-06-12,430.4931196720458,438.4835142504696,428.4460648715454,436.1694641113281,22366200,510.9660698187759,510.98597157055474,501.5020890731281,505.84637451171875,11983200,188.02000427246094,188.35000610351562,185.42999267578125,186.88999938964844,33984200,123.00735466296415,126.82572022932071,122.51756641163499,125.14643859863281,299595000,205.7785169434978,218.5100538646653,205.3121227860245,211.43478393554688,198134300,178.61491956248847,180.9302079610102,176.65735845220254,178.42611694335938,18600400
2024-06-13,435.9617989605403,438.47364353190966,434.4981985450977,436.6836853027344,15960600,502.73476019016255,506.3632801665325,498.4103463715146,501.1342468261719,9954600,186.08999633789062,187.6699981689453,182.6699981689453,183.8300018310547,39721500,129.33464307228707,129.74447132445016,127.10560139337456,129.55455017089844,260704500,213.09195736730385,215.08652592836702,209.9760562824749,212.59579467773438,97862700,176.71696117955426,177.3827284020576,175.54441999550025,175.62391662597656,15956900
2024-06-14,433.42024926631433,438.2263761607837,431.877549319742,437.6626892089844,13582000,500.1889118858626,504.6668789222054,498.29822076637157,501.6915283203125,10243300,183.0800018310547,183.72000122070312,182.22999572753906,183.66000366210938,25456400,129.90441625095465,132.78317395786428,128.26511837192902,131.82359313964844,309320400,212.20878551515116,213.5186471242216,209.67835280423736,210.85922241210938,70122700,174.74153235235562,177.6013490997328,174.74153235235562,177.24362182617188,12361600
2024-06-17,437.68243737571277,445.9398563271766,435.83317727597375,443.3983459472656,20790000,499.21370800140505,508.24923662384015,493.5814171731031,504.1494140625,11266600,182.52000427246094,185.0,181.22000122070312,184.05999755859375,35601900,132.9331153831068,133.67278906643185,129.52457044327446,130.92396545410156,288504400,211.73244926121387,217.2696263789355,211.08744385812574,215.0071258544922,93728300,175.8623951756443,178.78383196878292,175.3754991517427,177.65103149414062,15272900
2024-06-18,444.7234969265718,445.14875191744164,439.95696520327493,441.390869140625,17112500,502.0895867902152,503.5225387370223,492.596287734658,497.0444030761719,13060400,183.74000549316406,184.2899932861328,181.42999267578125,182.80999755859375,36659200,131.08388532556722,136.27166699428068,130.63408092847425,135.52198791503906,294335100,215.9200623200828,216.95208913019513,211.36529274424583,212.6453857421875,79943300,177.66097417509516,177.7802267121932,174.5109938407552,175.33575439453125,15640300
2024-06-20,441.35131853440595,441.57877910996035,436.37709345219747,440.75799560546875,19877400,499.5421103029458,501.2039470199272,494.3377064682487,499.24359130859375,11801200,182.91000366210938,186.50999450683594,182.72000122070312,186.10000610351562,44726800,139.74020619139688,140.69978702792184,129.46460449105635,130.72406005859375,517768400,212.28813739547695,212.59577094768608,207.2471383568116,208.0707550048828,86172500,175.59411389753828,177.61129358924018,175.34569260385643,176.58779907226562,16753200
2024-06-21,442.4193424510746,445.58384193574466,441.55899405937,444.792724609375,34187100,500.9850156207208,500.9850156207208,489.97917012403093,492.3574523925781,22359200,187.8000030517578,189.27999877929688,185.86000061035156,189.0800018310547,70792500,127.06562164590744,130.57412222632124,124.24682832839595,126.51585388183594,649445800,208.77533580800622,210.26382387597764,205.5205097773767,205.89759826660156,241805100,177.3628769542596,181.35946682334284,176.93558443343846,179.12168884277344,58903200
2024-06-24,444.812502964026,447.72980476303803,441.4601077502006,442.7061462402344,15913700,496.75584325197343,505.31371188112524,491.86987981067074,496.4672546386719,13525300,189.3300018310547,191.0,185.3300018310547,185.57000732421875,50610400,123.18727368315257,124.4067529664504,117.98950138261452,118.0594711303711,476060900,206.12584292738626,211.06761941054305,205.0045103276704,206.54261779785156,80727000,180.13524186798963,180.93019301645566,179.09186943327995,179.64833068847656,18198300
2024-06-25,443.27972459062323,446.41458834788966,441.7963568563546,445.9497985839844,16413400,494.6163313992583,508.2094529447459,493.07393265728075,508.1000061035156,12063200,186.80999755859375,188.83999633789062,185.4199981689453,186.33999633789062,45366400,121.14814167969276,126.44587713171062,119.26894878077069,126.03604888916016,414192600,207.54484206411715,209.75773850908567,207.0089930344414,207.46546936035156,55549700,180.00110499509233,184.57702097347587,179.96134909719103,184.40809631347656,18797000
2024-06-26,444.02139740080895,448.57039770845984,443.22038125858614,447.1463623046875,16507000,504.1693431011828,511.294290079205,502.20898736583194,510.607666015625,8882300,186.9199981689453,194.8000030517578,186.25999450683594,193.61000061035156,65103900,126.07604323280044,128.06518984478126,122.54755446405669,126.34593200683594,362975900,209.87681864015101,213.2110325348534,209.0234182045521,211.61338806152344,66213200,183.03679210972498,184.75586308463522,182.8281267300032,184.19940185546875,13375700
2024-06-27,447.16615113611203,451.1119299222234,446.76069365788027,447.8287353515625,14806300,511.7321146820941,520.3198650922028,511.3838526564667,517.01611328125,10121200,195.00999450683594,199.83999633789062,194.1999969482422,197.85000610351562,74397500,124.04690423190566,126.35592112032522,122.86740877139376,123.93695068359375,252571700,213.04236232724844,214.08430712231802,210.72032430967755,212.45689392089844,49772700,184.47266895543586,186.3159505137041,184.27889308893478,185.67999267578125,13025700
2024-06-28,448.0462760060759,450.3306598473802,441.4601198033777,441.994140625,28362300,514.6179354412975,519.3247568056853,501.37307641419807,501.751220703125,15855100,197.72999572753906,198.85000610351562,192.5,193.25,76930200,124.52670811618471,127.65536639722576,122.69748913626472,123.48715209960938,315516700,214.1140554431902,214.41175609103416,208.686034302842,209.00357055664062,82542700,184.54719750656122,185.40176729684305,182.16731745275024,182.26171875,23032400
2024-07-01,443.68512479077776,452.2985372058129,440.7183897051721,451.6656494140625,17662800,502.4776513058608,504.0996449110336,490.7553303316806,502.2089538574219,10328200,193.49000549316406,198.3000030517578,192.82000732421875,197.1999969482422,41192000,123.41717942454187,124.78658844306486,118.77916507660012,124.246826171875,284885500,210.46227761796723,215.84067914098924,210.29358412725625,215.08651733398438,60402900,183.3150503918,184.1696203119794,181.57610120698192,183.3249969482422,11815900
2024-07-02,448.17483800659534,454.4939686896818,448.08580938726794,454.1874084472656,13979800,498.30820385105653,508.00050544177236,497.0046202626273,507.0054016113281,7739500,197.27999877929688,200.42999267578125,195.92999267578125,200.0,45600000,121.07818104942778,123.35721213177682,120.97822535200487,122.61752319335938,218374000,214.4911227279333,218.6886699462021,213.44919320249295,218.5795135498047,58046200,182.31140894074,185.76942888936475,181.90399440532445,185.43157958984375,12555500
2024-07-03,453.10947910710325,455.9080860928665,452.80291887761234,455.6608581542969,9932800,503.89071570148445,508.776679094368,503.542423291387,507.463134765625,6005600,199.94000244140625,200.02999877929688,196.75999450683594,197.58999633789062,31597900,121.60795022813568,128.22511291503906,121.30807553564613,128.22511291503906,215749000,218.31157833867707,219.8496856689453,217.34902153194005,219.8496856689453,37369800,185.12355183321114,186.4352083846934,184.21432140369464,186.2066650390625,7409100
2024-07-05,454.5137192746822,463.15682857412344,453.88083144181417,462.3755798339844,16000300,509.09512300088096,538.2218010293692,509.09512300088096,537.2664794921875,21354100,198.64999389648438,200.5500030517578,198.1699981689453,200.0,39858900,127.32550884480895,128.79488887998582,125.62623909181207,125.77617645263672,214176700,219.94891212590596,224.71207692855523,219.94891212590596,224.60292053222656,60412400,186.1371192636921,191.045911423733,186.1371192636921,190.74781799316406,14303400
2024-07-08,461.3767506483888,462.5140232691351,459.30992877619343,461.0701904296875,12962300,539.6945655406254,540.1523351909394,524.0714831987113,526.7283935546875,14917500,200.0399932861328,201.1999969482422,197.9600067138672,199.2899932861328,34767300,127.43546149204991,130.71406481303447,126.9856570389152,128.14515686035156,237677300,225.34715532852172,226.1013322692385,221.53662969916704,226.07156372070312,59085900,190.15656645794553,190.46857898939038,188.12448212143232,189.2771453857422,12097600
2024-07-09,461.8218233419158,462.14815096607435,452.92161689635424,454.4445495605469,17207200,531.1366071880988,534.8483246045855,525.6038329693718,527.4049682617188,8753200,199.39999389648438,200.57000732421875,199.0500030517578,199.33999633789062,32700100,130.29424856790877,133.76276548705792,128.59496354527897,131.3238067626953,285366600,226.18069804264906,227.63941744293055,224.63267299949706,226.92494201660156,48076100,190.53912131842858,191.6421124055697,189.02871569404806,189.23739624023438,10198500
2024-07-10,456.1059138794407,461.2878021935715,453.7720662754438,461.08013916015625,18196100,528.1910926015574,536.2415085868906,525.7729978002864,532.072021484375,10983300,200.0,200.11000061035156,197.69000244140625,199.7899932861328,32883800,133.97265130832633,135.04220080806905,132.36333956960132,134.85227966308594,248978600,227.54022056792812,231.2912094233167,227.49060126886744,231.1919708251953,62627700,189.54544756500113,192.08927919283317,189.41626363997713,191.44338989257812,12052900
2024-07-11,457.84639154158754,459.6264206924659,446.54310684217364,449.658203125,23111200,528.29073144217,532.8383636171816,505.880971864879,510.1897888183594,16458300,200.08999633789062,200.27000427246094,192.86000061035156,195.0500030517578,44565000,135.69191517143412,136.0917379181807,126.99564078548484,127.34548950195312,374782700,229.61416127735984,230.60648662367137,224.03729767642758,225.823486328125,64710600,190.13173023437844,191.194980719436,185.64028386530777,186.11724853515625,16452000
2024-07-12,449.29231562590036,451.2998055103986,445.6531271953451,448.5209655761719,16324300,495.32293945427915,505.60234963812877,491.81022381355376,496.427490234375,19750500,194.8000030517578,196.47000122070312,193.8300018310547,194.49000549316406,30598500,128.20513111513003,131.86356920556344,127.16558268757724,129.18472290039062,252680500,227.1631286162611,230.8545803134063,226.92496506939614,228.77069091796875,53046500,185.73962495696273,187.4984519041039,184.96455175905618,185.6005096435547,14449100
2024-07-15,448.2736757198333,452.1897879047396,446.4244156110008,448.9263610839844,14429400,496.18862053037293,504.19919410028524,490.95436474146356,493.730712890625,12539200,194.55999755859375,196.19000244140625,190.8300018310547,192.72000122070312,40683200,130.5041126995791,131.3337592569192,127.12556221908937,128.38502502441406,208326200,234.66509753137677,235.409341553401,231.30111515749465,232.60105895996094,62631300,185.3123556492613,188.70081060739636,185.3123556492613,187.00161743164062,12186000
2024-07-16,449.18351146737297,449.26261113120097,441.70734079913353,444.5356140136719,17175700,499.0445639252562,501.4825804227028,483.411491472676,487.39190673828125,14075800,195.58999633789062,196.6199951171875,192.24000549316406,193.02000427246094,33994700,128.38505064333017,128.9847847878456,124.52670149646414,126.30593872070312,214769500,233.19644881294397,234.4567062015191,230.54694204130521,233.01783752441406,43234300,187.76677090664597,189.13804623677402,183.95100803548755,184.32861328125,12760100
2024-07-17,437.6824920740607,439.9174425124237,434.310299044026,438.6021728515625,21778000,476.8239032636759,476.8239032636759,456.87205376676457,459.7279968261719,28076600,191.35000610351562,191.5800018310547,185.99000549316406,187.92999267578125,48076100,121.29807714631912,121.79786321418705,116.670060903269,117.93951416015625,390086200,227.68904591405493,229.6836295353235,224.9006141352506,227.12342834472656,57345900,183.51375521766312,184.060285049871,180.47308126701884,181.46676635742188,17376600
2024-07-18,439.4130413837652,439.7196016105417,429.5832562189407,435.487060546875,20794800,472.67429731168903,476.8935276372503,462.2655202360778,473.5201416015625,19267200,189.58999633789062,189.67999267578125,181.4499969482422,183.75,51043600,121.79787742553259,122.34764521478614,116.51013929538239,121.03820037841797,320979500,228.51267855827928,228.67145424701283,220.56415801938329,222.45948791503906,66034600,182.3809532461557,182.88774234184083,177.08462510298332,178.08824157714844,17877200
2024-07-19,428.297728628943,436.2485883597653,427.20991955719455,432.26324462890625,20940400,473.7291296735296,484.3269794518845,473.38083725734424,474.45556640625,15149400,181.13999938964844,184.92999267578125,180.11000061035156,183.1300048828125,43081800,120.29850995680886,121.54797517785201,117.31978914047505,117.87954711914062,217223800,223.09459660515446,225.0593965950336,221.56640705838353,222.5885009765625,49151500,179.23097879511494,180.82088103924897,177.73051973450666,178.25717163085938,14485900
2024-07-22,436.89138287523997,439.6702228116467,434.0433118650251,438.02862548828125,15808800,484.197587927538,489.65076761971676,481.53071706337016,485.0135803222656,12023100,185.0,185.05999755859375,182.47999572753906,182.5500030517578,39931900,120.29851430002402,124.0169241522775,119.8087260510085,123.48715209960938,258068900,225.26777593230437,226.03187070395737,221.3778623137636,222.24119567871094,48201800,181.19848408923778,183.13616700217142,180.75131366419583,182.19216918945312,16303900
2024-07-23,438.97794115369385,443.41817564914504,438.1868237868677,439.91741943359375,13107100,487.4416350090635,492.7952982379557,485.3320198411337,486.2972717285156,9455500,184.10000610351562,189.38999938964844,183.55999755859375,186.41000366210938,47537700,122.72747303753543,124.63665959294896,122.04776363902835,122.53755187988281,173911000,222.64803919770813,225.19832267550643,220.97100689389265,223.2831268310547,39960300,182.67905698478197,184.05034721350475,182.1722830648947,182.44058227539062,23772600
2024-07-24,435.5661744239133,436.5847522773038,422.8487541493976,424.14422607421875,26805800,469.9974905005345,473.9679450896209,458.3249115680211,459.01153564453125,17649700,183.1999969482422,185.4499969482422,180.41000366210938,180.8300018310547,41532400,119.1190116312528,119.89867669033677,113.39146746574805,114.20111846923828,327776900,222.280880842846,223.0747441599071,215.46361045876344,216.86277770996094,61777600,174.2824535707549,176.82628535819714,172.47395431910877,173.26889038085938,31250700
2024-07-25,424.0453575896341,425.0342693658965,412.88056536465024,413.76068115234375,29943800,460.99181179623156,461.28037004297926,440.4827059887369,451.1900329589844,18240500,182.91000366210938,183.89999389648438,176.8000030517578,179.85000610351562,44464200,112.99163342891377,116.580093681362,106.25451947131738,112.2319564819336,460067000,217.24978234747041,219.15506035064124,212.97286249707204,215.8208465576172,51391200,173.1496196127212,174.09361737582813,167.98246039564546,168.09176635742188,28967900
2024-07-26,413.562951013485,424.1640873365212,412.643240049521,420.5545349121094,23583800,461.9272355300325,467.4699410892697,457.1706401748114,463.4198913574219,14222400,180.38999938964844,183.19000244140625,180.24000549316406,182.5,29506000,116.14028513217615,116.1502753623964,111.53225712550028,113.0116195678711,293399100,217.02155779536062,217.80550332568987,214.35220009781358,216.28724670410156,41601300,167.7042503176182,168.7674855646174,164.81759611294638,167.61480712890625,25150100
2024-07-29,426.7945193727036,427.3582063126635,419.9908318898155,421.9983215332031,15125800,467.57940602342404,471.63941640526457,462.7431854783001,463.4298095703125,11339600,183.83999633789062,184.75,182.3800048828125,183.1999969482422,33270100,113.64135918454429,116.23024736996389,111.2523823769322,111.54225158691406,248152100,215.29493390237633,217.61697179557376,214.0942134588753,216.5651092529297,36311800,169.42332041868983,171.07284142949192,168.64824720396254,170.04934692382812,13768900
2024-07-30,422.97735537825565,424.2925947905347,412.732213459478,418.2305908203125,32687600,464.7134620870864,470.4154176400919,454.46390537033,460.922119140625,11390400,184.72000122070312,185.86000061035156,179.3800048828125,181.7100067138672,39508600,111.47228355856528,111.94208369239041,102.49612986212257,103.68562316894531,486833300,217.50781013919521,218.63906050664175,214.4613638470993,217.1208038330078,41643800,170.74492515486463,171.8578476970294,169.04571683697938,170.7747344970703,13681400
2024-07-31,415.83742760783406,417.1032335524809,407.63934002598563,413.7112731933594,42891400,468.713844426233,474.1670249213505,464.46476155727254,472.50518798828125,24285800,185.0500030517578,187.94000244140625,184.4600067138672,186.97999572753906,41667300,112.85170007611703,118.28936752202985,110.8325600121022,116.96993255615234,473174200,219.7405227481965,222.10226187087767,218.93674165630796,220.3756103515625,50036300,173.81542198534774,174.79917584061545,170.63563222012414,172.0565948486328,15650200
2024-08-01,416.12417291556886,422.7201972162586,408.50954056683383,412.4849548339844,30296400,518.4490717442071,524.5888450886373,489.69057844469546,495.3029479980469,43083100,189.2899932861328,190.60000610351562,181.8699951171875,184.07000732421875,70435600,117.47971689042026,120.10859659996095,106.76430191931924,109.16327667236328,523462300,222.64802807062824,222.7571844619209,215.35444602521784,216.6841583251953,62501000,170.89397443893247,174.57060660316841,169.43325599913192,171.3610076904297,17177800
2024-08-02,407.91618767034436,410.39836575672,399.85656314975535,403.9605407714844,29437900,486.6057747203378,498.6962802271807,473.81868438258266,485.75,24044700,166.75,168.77000427246094,160.5500030517578,167.89999389648438,141448400,103.71561292679569,108.67349009112934,101.3266359945612,107.22410583496094,482027500,217.46809553371503,223.86860618805187,216.0391597412521,218.1726531982422,105568600,167.12789773238893,169.13514585990146,165.33926153769613,167.33656311035156,18907800
2024-08-05,384.85479031825656,396.5931676964823,381.3045706583986,390.7684631347656,40709200,449.1401205576873,481.11281153240685,448.5927952293006,473.4007568359375,21396200,154.2100067138672,162.9600067138672,151.61000061035156,161.02000427246094,83149400,92.020610744235,103.36576087778293,90.65120176374947,100.40702056884766,552842400,197.56204548052773,211.8614570593827,194.49576385779395,207.66392517089844,119548600,156.3762401380253,164.892129855876,155.61111342618975,159.62559509277344,34907800
2024-08-06,395.5647367351895,401.17188015725634,394.08136897243253,395.1790466308594,24946500,476.6547245669501,500.0993678802894,476.3064321601276,491.67083740234375,20955000,161.7100067138672,165.0800018310547,158.5399932861328,161.92999267578125,59950800,103.79557030996848,107.66391734722711,100.50698458680512,104.20539855957031,409012100,203.72440665766518,208.37841518370308,199.52687447574846,205.63958740234375,69660500,159.92867105318848,161.32479753974454,157.13144480212082,159.52621459960938,36146500
2024-08-07,404.10895783773424,405.53296315438047,393.0627990585979,394.01214599609375,20650900,500.6665697776355,507.6521873819174,484.47621183859076,486.5261535644531,20105300,166.5500030517578,167.5800018310547,161.42999267578125,162.77000427246094,48408200,107.76386930019544,108.75345120343057,98.64777632103673,98.86768341064453,411440400,205.31209833985366,212.00037630720823,204.80601788828693,208.20970153808594,63516400,162.20917537275696,163.7493752825507,159.22811981197012,159.73489379882812,19334200
2024-08-08,397.97765609010867,401.3597174512935,395.50537665916386,398.2248840332031,20203000,495.0641514061811,507.4631365242445,492.2977639959644,507.134765625,16156800,165.1699981689453,166.69000244140625,162.5500030517578,165.8000030517578,44616200,101.95635654950479,105.45485898012505,97.47827008281362,104.92508697509766,391910000,211.4744658055274,212.55609685346144,207.22731432081122,211.6729278564453,47161100,161.3188189520736,164.45489516194675,161.00680641897057,162.8053741455078,15733600
2024-08-09,399.55004994709526,403.52546468375385,397.7996868528818,401.5179748535156,19276700,505.2241519485124,515.8021407821636,503.22401392066257,515.2349243164062,13696600,166.39999389648438,168.5500030517578,165.85000610351562,166.94000244140625,36401000,105.59481125304626,106.55439969221393,103.38575750879603,104.70519256591797,290844200,210.47221789303094,215.11629337558463,210.3432107490655,214.5804443359375,42201600,160.6242351398651,164.47476497200182,159.913738757068,164.3455810546875,13549200
2024-08-12,402.54642227818954,404.22758435718055,399.75768384658,402.2991943359375,16762900,514.3292847345034,515.4836390409224,506.6073006588977,513.4237670898438,9767400,168.13999938964844,168.5500030517578,166.11000061035156,166.8000030517578,30072800,106.27451625816647,111.02248421974713,106.214544366382,108.97335815429688,325559900,214.65993379251097,218.07747160820446,214.1929998012183,216.1103973388672,38028100,164.94675710820903,165.6473069392791,162.51720486741277,162.9146728515625,12435000
2024-08-13,405.0483692456352,410.34895203900766,405.0286018746959,409.41937255859375,19414300,517.4639444796859,528.8976775945399,515.6130659607747,525.9521484375,13743800,167.80999755859375,171.0399932861328,167.10000610351562,170.22999572753906,39237900,112.3918952304853,116.18027460234957,111.53226256952769,116.0903091430664,312646700,217.58072790378117,220.44193777769505,217.58072790378117,219.82598876953125,44155300,164.14188103724572,165.4883201860964,163.72950836654053,164.88217163085938,12717600
2024-08-14,410.200606537794,413.0882423005823,407.87668792866015,412.2377624511719,18267000,525.4745310471874,531.3854502831607,520.5686764069014,524.180908203125,11444200,172.11000061035156,172.27999877929688,168.86000061035156,170.10000610351562,28843800,118.47927673400955,118.54924647415793,114.0211861982408,118.02947235107422,339246400,219.13056699635618,221.57450454206742,218.2662343099079,220.27305603027344,41960600,163.17303149122787,163.9182952913303,158.52257749412473,161.0067901611328,22515900
2024-08-15,415.89340426982346,417.191211225686,413.77333444813155,417.1119689941406,20752100,529.1861832222701,537.1271521759767,524.1211393205881,534.6990966796875,13482100,174.86000061035156,177.91000366210938,173.99000549316406,177.58999633789062,51698500,118.7091971963176,123.18727640390337,117.41974813678404,122.80744171142578,318086700,223.1342364732981,223.87934187315213,221.30623303799138,223.25344848632812,46414000,161.18568858561133,162.48741381702612,160.47023400366172,162.13961791992188,18392500
2024-08-16,416.6859584876603,417.4190624715108,413.41664970781534,414.5757751464844,22775600,529.2958145095787,531.0471464404519,522.0912109038183,524.8377075195312,14776700,177.0399932861328,178.33999633789062,176.25999450683594,177.05999755859375,31489200,121.88783295977665,124.94652136236562,121.12815597457694,124.52670288085938,302589900,222.45867901826594,225.34969177239586,222.19043681447837,224.5747833251953,44340200,162.3780887462337,165.89572739193937,162.05017083785265,163.69969177246094,16853100
2024-08-19,415.0612389392474,417.8252842584304,412.5845034071879,417.6073303222656,15234000,524.2903643248923,529.0568899352673,520.2005020489785,526.6885986328125,9879700,177.63999938964844,178.3000030517578,176.16000366210938,178.22000122070312,31129800,124.22682769827617,129.9443817138672,123.36719502454015,129.9443817138672,318333600,224.24692851790377,224.51517071380414,221.5844105997713,224.4158172607422,40687800,165.9454100491634,167.40612834462655,165.0411529781755,167.33656311035156,13100800
2024-08-20,417.7757351150828,421.896996173198,417.7162958847744,420.84686279296875,16387600,525.7630030379831,528.4896381293336,523.3051261111399,524.1509399414062,7944400,177.9199981689453,179.00999450683594,177.42999267578125,178.8800048828125,26255200,128.345066215563,129.82444407435935,125.83614544847738,127.19556427001953,300087400,224.2966078109087,225.68746521443902,223.97868888483964,225.03176879882812,30299000,167.67443919947158,169.3338915956219,167.59494256725435,167.89305114746094,12622500
2024-08-21,420.1335847320776,422.4320025414326,417.79556092274566,420.19305419921875,16067300,524.5690033025425,536.759025104398,524.3500488791344,532.5397338867188,13423300,179.9199981689453,182.38999938964844,178.88999938964844,180.11000061035156,35599100,127.26552712895132,129.29466502006431,126.60581346882094,128.4450225830078,257883600,225.04172779494317,226.4921913011218,223.58131984717622,224.92250061035156,34765500,165.93548377958084,167.57505816391546,165.51813784833985,166.57144165039062,15269600
2024-08-22,420.410997320223,422.8184073246916,410.75172838496667,411.6829833984375,19361900,534.3707451204748,541.5653262197158,526.0019488156585,529.3255615234375,15708300,181.3800048828125,181.47000122070312,175.67999267578125,176.1300048828125,32047500,129.96438511048203,130.6940685649148,123.04733950988674,123.68706512451172,376189100,226.30341677619586,226.84983046212884,222.43880384726458,223.064697265625,43695300,167.97256288583935,168.35016816630753,163.987890138419,164.4449920654297,19123800
2024-08-23,413.0996723021897,415.3584538355035,408.255163223579,412.91143798828125,18493800,534.2910415515177,537.2266095036387,522.4891266890336,525.4147338867188,11323900,177.33999633789062,178.97000122070312,175.24000549316406,177.0399932861328,29150100,125.80614369005178,129.54454879248973,125.16641816339359,129.31463623046875,323230300,224.187342377279,226.73063334528243,222.866020162344,225.35963439941406,38677300,165.4982633089983,166.88941644178666,164.61388413977602,166.37269592285156,14281600
2024-08-26,412.4953551222988,413.3968905070922,407.5121643134923,409.64215087890625,13152800,525.0167345596826,525.4148003696403,512.4287080759492,518.5684814453125,9584000,176.6999969482422,177.47000122070312,174.3000030517578,175.5,22366200,129.51456899800732,131.2038330961495,124.31678931451107,126.40589141845703,331964700,225.28014571740593,225.79675641202357,222.4288803537143,225.69740295410156,30602200,167.09310729451002,168.31037753789911,165.26970373045475,166.86952209472656,11990300
2024-08-27,409.01800038370646,410.5040417108967,406.43230298651787,409.9888916015625,13492900,516.4389420142859,521.444343197647,512.7869281357935,516.558349609375,6282700,174.14999389648438,174.88999938964844,172.25,173.1199951171875,29842000,124.99650751528328,129.14472607274774,123.8270022374259,128.2451171875,303134600,224.52511915345738,227.35652605602343,223.4223624308928,226.5418701171875,35934600,166.55158960509237,167.18257429645269,165.11074898834605,165.32936096191406,13718200
2024-08-28,411.0192227861693,411.13810125518216,403.5196602855256,406.779052734375,14882700,515.1352909155776,518.5385891381411,509.94087900162316,514.2496948242188,9106100,173.69000244140625,173.69000244140625,168.9199981689453,170.8000030517578,29045000,128.06518755846798,128.27510443502842,122.58753608006307,125.55626678466797,448101100,226.43259292076607,228.35993491185639,224.20720569696516,225.01193237304688,38052200,165.72681315627662,166.33296172275269,162.24891502525102,163.46121215820312,15208700
2024-08-29,411.0786443893992,418.1224654785976,406.7790352875099,409.27557373046875,17045200,516.5085702757614,524.6186898342248,513.1550756206202,515.6826171875,8317400,173.22000122070312,174.2899932861328,170.80999755859375,172.1199951171875,26407800,121.30807947152184,124.37676573622443,116.66006734390899,117.53968811035156,453023300,228.59837969678284,231.3999685703833,227.38634017099784,228.29039001464844,51906300,165.01135496381278,166.57144794033493,160.9591039770169,162.36814880371094,17133800
2024-08-30,411.7325012306554,413.60489748199507,408.29479126700903,413.2581787109375,24308300,518.7974116868138,520.9766917316866,512.6775589346211,518.7576293945312,9157500,172.77999877929688,178.89999389648438,172.60000610351562,178.5,43429400,119.47885915972935,121.69791057687668,117.169849908653,119.31893157958984,333751600,228.68777538921813,228.89639643358683,225.99545426270925,227.5055389404297,52990800,163.18297313639766,164.23627694740046,162.37809060770428,164.06735229492188,18498800
2024-09-03,414.0210025733613,415.97267128987687,403.2422452090673,405.62982177734375,20313600,517.0956943716162,522.9170266447167,506.12963230775506,509.2542724609375,12459100,177.5500030517578,178.25999450683594,175.25999450683594,176.25,37817500,115.96036355880885,116.1602749319815,107.24409346859224,107.95378875732422,477155100,227.05848641015993,227.50554667965343,219.72664341730942,221.3162078857422,50190600,162.2836887747074,162.34828073388488,156.8581613154102,157.6083984375,26533100
2024-09-04,402.1326826766194,407.4130694116055,400.60700515715166,405.0948486328125,15135800,503.59219723501985,514.0607088520369,501.60198959597125,510.2295227050781,8335200,174.47999572753906,175.97999572753906,172.5399932861328,173.3300018310547,30309200,105.36490525672457,113.22153543398687,104.07545625261184,106.16455841064453,372470300,220.2134333758585,220.33264539565292,216.06070449558098,219.40872192382812,43840200,157.07678727910556,159.3871023707654,156.44580262625547,156.81346130371094,17410700
2024-09-05,403.8267457621573,409.25576060406553,402.35062114910426,404.589599609375,14195500,509.2144674328302,519.0759487605494,508.6472510345216,514.3292846679688,8640900,175.0,179.8800048828125,175.0,177.88999938964844,40170500,104.94507973247826,109.6030896936583,104.715182404582,107.16413116455078,306850700,220.1836359939166,224.00850159902006,220.07435325324454,220.92874145507812,36615400,156.78365107519826,159.99822333306017,156.5252983793141,157.59848022460938,14139500
2024-09-06,405.2533474753259,406.8285475492744,397.0702041035056,397.96185302734375,19609500,519.3248287702129,522.0116214504744,495.81051872807694,497.82061767578125,14744500,177.24000549316406,178.3800048828125,171.16000366210938,171.38999938964844,41466500,107.99378096807179,108.10373451971928,100.90681013303441,102.7860107421875,413638100,222.4884846157397,223.7700744804958,218.33577084564575,219.37892150878906,48423000,157.68789894285695,158.21455085957402,150.97555089993128,151.16932678222656,24999100
2024-09-09,403.4503023301037,404.84718480089737,398.40767240518096,401.9444580078125,15295100,503.6817688622659,508.826438765725,499.6217281440494,502.3184814453125,11047800,174.52999877929688,175.85000610351562,173.50999450683594,175.39999389648438,29037400,104.83512996607128,106.50442134190934,103.64564422957986,106.42445373535156,273912000,219.37894424631622,219.82600453136772,215.29576534565257,219.46835327148438,67180000,152.86079303597603,153.86573058964393,147.45797267088392,148.791259765625,28057700
2024-09-10,404.4013853254675,412.45570379102855,403.90603822449737,410.3455505371094,19594300,505.67197656424986,511.66249081468396,497.5817773967797,502.3184814453125,9899000,177.49000549316406,180.5,176.7899932861328,179.5500030517578,36233800,107.76386463370491,109.35318822314704,104.90508784485718,108.05374145507812,268283700,217.49130185519834,220.0345925843304,215.31559161387113,218.6735382080078,51591000,150.69171904726548,151.5374693511312,148.79426929811413,149.25892639160156,20401800
2024-09-11,411.6334589269,420.0444433948456,405.76853569187716,419.1033020019531,19266900,504.52762750902974,510.607697634201,493.1734886032229,509.3240051269531,10782500,180.10000610351562,184.99000549316406,175.72999572753906,184.52000427246094,42564700,109.34320554644113,117.13987198496321,107.37404703465796,116.85999298095703,441422400,220.01475867053273,221.63411098197892,216.4680492147489,221.20692443847656,44587100,150.33350856255606,151.716548407751,147.95547558607294,151.38819885253906,18991500
2024-09-12,419.37076416429335,423.39298024346107,415.84389519077274,423.02642822265625,17395700,514.5184246686891,524.1311617071216,512.6973676482601,523.0265502929688,11970500,184.8000030517578,187.41000366210938,183.5399932861328,187.0,33544200,116.80000446674823,120.74865704096976,115.34050510922769,119.0992202758789,366052700,221.04796566036197,222.09111639532034,218.38546260882887,221.3162078857422,37455600,154.03488970812617,154.8308872779668,152.73145108892763,154.76123046875,20980800
2024-09-13,421.8672937914901,427.8114589338371,421.5007417784194,426.5830078125,15874600,517.7923180495212,524.9968595658981,514.5780915987693,522.0513305664062,10321400,187.0,188.5,185.91000366210938,186.49000549316406,26495400,119.03924482024104,119.9189408807045,117.55974801782453,119.05923461914062,238358300,222.12092741382088,222.57791698251046,220.4618275881316,221.0479736328125,36766600,155.57913012080755,158.47753979735216,155.32839292130552,157.5770721435547,16733900
2024-09-16,426.5929152766965,429.49564193620427,424.2350583167788,427.3260192871094,13834700,522.469676680895,531.9919419852342,515.3579036757625,531.1752319335938,9527600,185.2899932861328,185.80999755859375,183.36000061035156,184.88999938964844,26065500,116.75002709413774,118.13955072741236,114.32085850740886,116.74002838134766,248772300,215.126845002842,215.80241517960704,212.52394807405793,214.90829467773438,59357400,157.53728578536007,158.44273330210058,156.82088941853155,158.19398498535156,14157600
2024-09-17,436.13332953102315,437.73824933805764,428.24738173228826,431.1005859375,18874200,535.4781635235854,539.9604028191319,528.4759413037808,534.2032470703125,11690800,186.85000610351562,189.4499969482422,186.13999938964844,186.8800048828125,26091700,118.12954900355818,118.75933823796504,114.79069593440207,115.55043029785156,231925900,214.34200737227792,215.48449636527135,213.10016491936787,215.37521362304688,45519300,159.28845740813813,160.78094720498908,158.61186932111355,159.47750854492188,12064800
2024-09-18,430.95197545729616,431.9723892702998,426.40469272360485,426.80096435546875,18898000,534.9503115622812,542.0521759030291,531.7928398690025,535.8268432617188,10323500,186.4499969482422,188.8000030517578,185.05999755859375,186.42999267578125,34448100,115.85032597194726,117.65970390167261,113.18124184177299,113.33119201660156,310318900,216.13026348358338,221.25659276615585,216.12031904206836,219.24977111816406,59894900,160.0446605246212,160.82075399745483,158.8606162005211,160.00485229492188,16756500
2024-09-19,437.1240071994986,437.3914837460106,432.8342844371603,434.6076354980469,21706600,547.8292508952223,559.8516201147253,544.3630052709944,556.893310546875,15647000,190.0399932861328,190.99000549316406,188.47000122070312,189.8699951171875,39543200,117.30982462581498,119.6190390017094,117.20986038538442,117.82965087890625,293506400,223.52171975466862,228.32020097310811,223.16406850984052,227.3763885498047,66781300,163.9947900867692,164.16393711256978,161.70829153371122,162.42269897460938,17548200
2024-09-20,433.1512870260625,435.1524782767089,430.17920464774005,431.21942138671875,55167100,557.7897520081747,562.2719910868118,554.1043432735547,559.1343994140625,22066800,190.22999572753906,191.83999633789062,187.41000366210938,191.60000610351562,100378600,117.0199313836397,118.57940262799143,115.35050480567513,115.96029663085938,382462400,228.46920754640476,231.56884144729943,226.1345376792504,226.71075439453125,318679900,163.69626425920444,163.92510841441958,162.36296200571553,163.81565856933594,46362700
2024-09-23,430.23868426031646,432.3983904018878,426.38489946949306,429.4758605957031,15128900,567.2522491176607,571.7145476196829,560.1902057812791,562.1823120117188,12830700,191.63999938964844,194.4499969482422,190.57000732421875,193.8800048828125,36993100,116.51010886475667,116.94995306986277,114.82068489843978,116.22020721435547,206228500,225.8563523524968,227.95258288382507,224.336338501163,224.99203491210938,54146000,164.51219449758594,165.77584028512354,162.13416103231697,162.25357055664062,15648400
2024-09-24,428.97061525019865,429.3173642884583,422.1348308922367,425.17626953125,17015800,564.4433820957124,565.5091662433006,552.0026881920077,561.1066284179688,12993000,194.27000427246094,195.3699951171875,190.1300048828125,193.9600067138672,43478900,116.48011145817397,121.75831050299728,115.34050229413268,120.82862854003906,354966800,227.15783023434298,227.8532741806864,224.2568878942957,225.8861846923828,43556100,163.4276404563426,163.72614146625725,161.21875423832304,162.82069396972656,18774100
2024-09-25,425.8300855631319,429.08947802981356,424.58183139807875,428.0888671875,13396400,561.8237594778809,574.6031382414297,561.495044920447,566.0669555664062,16543400,193.75,193.9499969482422,192.16000366210938,192.52999877929688,26391100,121.9782246233193,124.8972307941946,121.56836894761845,123.46772003173828,284692900,223.462095237407,225.80669443859438,222.55804543582803,224.8927001953125,42308700,162.15406133678346,163.39481204585095,161.96003035331634,162.17396545410156,13607900
2024-09-26,431.04114866155544,431.24918598433425,425.13661951946307,427.29632568359375,14492000,573.4576286297669,575.12108106941,560.1304333621082,565.5988159179688,14400800,194.30999755859375,194.52999877929688,189.5399932861328,191.16000366210938,36334900,126.75659295249227,127.62629022604027,121.75830470715397,123.9975357055664,302582900,225.81662129607273,227.00878694842402,223.93895622483703,226.03518676757812,36636700,164.2037238913834,164.67137190231358,162.68138553491403,163.00973510742188,18234500
2024-09-27,427.5043560158928,427.8313020370733,423.49205654568107,424.03692626953125,14896100,567.8498422431941,568.5869725969067,562.2819395153491,565.1206665039062,9398400,190.67999267578125,190.89999389648438,187.33999633789062,187.97000122070312,36002300,123.9275641535197,123.9875411739155,119.21917738287792,121.35844421386719,271009200,226.96903128982905,228.02211109361687,225.81659804223938,226.3033905029297,34026000,163.0893221937408,166.13399864176483,163.00972092408392,164.46240234375,13604300
2024-09-30,424.2251680181162,426.4146240359172,421.4116000312542,426.29571533203125,16807300,565.4593213582551,572.4117521035162,562.5707432327713,570.1806030273438,12792300,187.13999938964844,188.49000549316406,184.64999389648438,186.3300018310547,41583900,118.26950391549893,121.45841452339154,118.10956264419377,121.3984375,226553700,228.5387415800987,231.47943115234375,228.1512873446241,231.47943115234375,54541900,163.9549832044503,166.52206755941856,163.81568475956325,166.35292053222656,14070100
2024-10-01,424.4629431708175,424.49266278755016,414.91263654622963,416.775146484375,19092900,575.6987520585425,580.7387783195545,567.8498487564399,574.1947021484375,15259300,184.89999389648438,186.19000244140625,183.4499969482422,185.1300048828125,36044900,121.72830933905863,122.39808576451375,115.7503608309228,116.95994567871094,302094500,228.02214574584622,228.15128705136544,222.2798675150603,224.73374938964844,63285000,168.01456644165077,169.58665765130456,165.069379642544,167.57676696777344,18629500
2024-10-02,418.6475564553425,418.88534363054407,412.8321861342137,413.248291015625,16582300,572.5910298520646,573.7265448961253,567.0928584702349,570.5491333007812,6524700,184.44000244140625,186.60000610351562,184.0399932861328,184.75999450683594,23704100,116.40014740227824,119.33913591399957,115.1005893150636,118.80931854248047,221845900,224.41582711263038,225.8861642954019,221.56456176324298,225.30001831054688,32880600,166.92006448892445,168.0344672685374,165.4176301260722,166.47232055664062,12745000
2024-10-03,413.7436103396226,415.64572621192764,410.43469544557,412.66375732421875,13686400,567.8996641519551,581.0574858806771,566.4852250655888,580.4698486328125,11581000,183.0500030517578,183.44000244140625,180.8800048828125,181.9600067138672,30204300,120.87860561160097,124.31743049345978,120.2988023230489,122.80794525146484,277118000,223.67074086449446,225.32984066329956,221.86262602596847,224.19728088378906,34044200,164.98979319819588,167.06932551240774,164.54203407568193,166.37283325195312,11004300
2024-10-04,414.34793855319174,415.8438964916741,411.1083793562167,412.188232421875,19169700,581.4260603106362,594.4942722022978,579.1351503249019,593.587890625,14169500,185.75,187.60000610351562,183.60000610351562,186.50999450683594,40890300,124.89723283717322,124.99719707970252,121.78829684578011,124.87723541259766,243678100,226.41272812222596,226.5120815901165,222.66734189828435,225.31991577148438,37245100,168.49214266571013,168.70109791526065,166.1240692043542,167.71604919433594,11422100
2024-10-07,412.12878843935687,413.22844449254166,405.1939290185023,405.7289123535156,20919800,595.8588182753385,600.5701904777713,581.7347935139903,582.471923828125,12014200,182.9499969482422,183.60000610351562,180.25,180.8000030517578,42364200,124.94721586781675,130.5952834922112,124.90722864393703,127.67628479003906,346250200,223.0349151567562,224.2171516536621,219.8856043654075,220.24325561523438,39505400,168.29315826093452,169.0493476678041,163.3082475274126,163.5669403076172,14034700
2024-10-08,407.0762569270798,411.79197118142247,404.37168100298584,410.8507995605469,19229300,587.3625447345094,591.2172653007906,583.6571956540708,590.5499267578125,7857400,181.9199981689453,183.08999633789062,180.9199981689453,182.72000122070312,26372100,130.2153933149511,133.43429200303964,129.3756845929013,132.84449768066406,285722500,222.83620769655573,224.5052366387564,221.79305702807565,224.29661560058594,31855700,164.6017241614429,165.26838299175876,163.48733659266168,164.87037658691406,11723900
2024-10-09,411.99007853410836,416.46803570058375,410.4445979894132,413.5751953125,14974300,591.6456279911163,592.0440735871042,579.3144845647184,588.1793823242188,9529700,182.82000732421875,185.85000610351562,182.0500030517578,185.1699981689453,26343100,134.06409064908044,134.473953954377,131.33502948270424,132.60458374023438,246191600,223.76016702360002,228.2506741946641,223.36278344777278,228.0420379638672,33591100,164.0295714552093,165.42753544560026,160.31327188662686,162.24356079101562,19666400
2024-10-10,411.3659669240718,413.46623380792397,409.3053060403614,411.97027587890625,13848400,585.2509860772241,587.9004608400106,580.2209295755789,581.5257568359375,7740400,187.1300048828125,188.1300048828125,185.8300018310547,186.64999389648438,27785000,131.86485368985453,134.9537923881041,130.95516150253064,134.76385498046875,242311300,226.2934858996686,228.00226223679437,225.68746620848788,227.54525756835938,28183500,161.2983412910555,163.48832523779743,160.830693292667,162.36297607421875,12900500
2024-10-11,412.26751359253427,413.24829121073924,409.4043927403761,412.4458312988281,14144900,582.5217341395787,588.8765575917819,580.4101064940337,587.6215209960938,8587100,186.6300048828125,189.92999267578125,186.3000030517578,188.82000732421875,25751600,133.9641223517835,135.73352074472976,133.61425131031754,134.7538604736328,170209500,227.80359724609562,227.91287999534921,225.8563814846346,226.0650177001953,31759200,162.51222955123868,164.44251865032217,161.6863834324354,163.69627380371094,10946000
2024-10-14,413.8822865985765,420.0939583051494,413.63461305961806,415.23956298828125,16653100,591.8746503066451,597.731447461574,587.631515121897,588.0896606445312,8252000,189.77999877929688,189.8300018310547,187.36000061035156,187.5399932861328,22614400,136.42329237635488,139.5522259694365,136.25335239175735,138.0227508544922,232347700,227.2075041009655,230.21772915238438,227.1081657950345,229.79054260253906,39882100,164.08434289007533,166.78076613469128,163.95498890732665,165.5171356201172,9981800
2024-10-15,418.25128280655105,418.5485092157335,411.3956956650851,414.8432922363281,18900200,587.8306549386698,588.2788909804673,577.850244485156,583.9560546875,9564200,187.6300048828125,188.41000366210938,184.5800018310547,187.69000244140625,32178900,137.82280508502743,138.52257769243778,128.6959404665834,131.55496215820312,377831000,232.08545910083197,235.9401430278398,230.85354589755886,232.3238983154297,64751400,166.30316540961533,168.24339914310818,165.21862644863623,166.06436157226562,14829300
2024-10-16,411.3065392799767,412.48543760596397,406.66018089425665,412.2476806640625,15508900,579.1052785857133,579.7825873772659,571.7643723313396,574.513427734375,11268400,187.0500030517578,187.77999877929688,185.61000061035156,186.88999938964844,23456800,133.9341283963689,136.57322399642072,131.53495612489098,135.6735382080078,264879700,230.0885617348273,230.60515724916505,228.34003796565733,230.2673797607422,34082200,165.19871479504792,166.44245625750682,164.38879497014153,165.90516662597656,9968500
2024-10-17,418.429570873714,418.56828256822496,411.72258229511425,412.8420715332031,14820000,581.0277187741455,582.6611997864444,572.9298015535481,574.6529541015625,8701200,188.22000122070312,188.94000244140625,186.0,187.52999877929688,25039400,139.29229632563835,140.8417687676179,136.82314065604464,136.88311767578125,306435900,231.9066247344228,232.3238971476739,229.0156269629083,230.63497924804688,32993800,166.5419658674321,167.08919997886755,163.5470266332128,163.6863250732422,15113400
2024-10-18,413.2582100340754,415.7448320191293,412.38639426497724,414.2687072753906,17145300,578.8064328711839,581.6651004084903,572.9795465460454,574.1947021484375,7694300,187.14999389648438,190.74000549316406,186.27999877929688,188.99000549316406,37417700,138.62252759913224,138.85244459278235,137.23300404466042,137.9527587890625,176090200,234.6386615701971,234.6386615701971,232.4828249974097,233.46636962890625,46431500,164.04451089720126,165.53700057775777,163.9251165811216,164.22361755371094,13091300
2024-10-21,412.2476842514802,415.06125227829034,409.89974372900497,414.8829345703125,14206100,573.7565147335716,574.9617001148115,566.8637832891501,572.889892578125,8171900,188.0500030517578,189.4600067138672,186.39999389648438,189.07000732421875,24639400,138.0827206747143,143.6608123779297,137.95276029474488,143.6608123779297,264554500,232.91995571367772,235.3043021987925,232.91995571367772,234.93670654296875,36254500,163.75598620564867,165.38777448150628,163.48235396031905,164.96987915039062,11384000
2024-10-22,414.595626294547,426.57311612841215,414.1498320229674,423.5317077636719,25482200,572.0233288655415,581.2269108333847,569.8619106006562,579.712890625,8544500,188.35000610351562,191.52000427246094,186.97999572753906,189.6999969482422,29650600,142.86108785315807,144.37056551302095,141.73146975294682,143.5408477783203,226311600,232.36364046895116,234.67843677993508,231.0820656392084,234.32078552246094,38846600,163.87537583552393,166.63151123094954,163.84552725432798,165.98477172851562,11958600
2024-10-23,426.85046750389023,427.068421426513,418.59799852659256,420.64874267578125,19654400,577.680923843806,582.6911004356343,560.279904265033,561.4652099609375,14248400,188.85000610351562,189.16000366210938,183.69000244140625,184.7100067138672,31937100,141.9813779606296,142.38123492807873,137.41295033058282,139.51222229003906,285930000,232.55238437433343,233.60546433739609,226.27362172475395,229.25404357910156,52287000,165.59671260428982,166.76086802015365,162.81371951175345,163.65647888183594,12754300
2024-10-24,421.3719191439679,422.0158945124843,418.4691926119839,420.77752685546875,13581600,564.8916646277681,566.634757753837,559.3038206828223,565.5391235351562,7184700,185.25,187.11000061035156,183.86000061035156,186.3800048828125,21647400,140.7718017861216,141.30161913611144,138.41260905173522,140.3619384765625,172354900,228.4791312160334,229.31366084202813,226.91938502162782,229.06529235839844,31109500,163.76595022298804,164.22365383974224,161.95507023863277,163.7062530517578,12764400
2024-10-25,422.7886916681798,428.49507004148387,422.6004573402726,424.1657409667969,16899100,571.6647355552979,578.9956716161158,569.463436367779,570.9874267578125,11337900,187.85000610351562,190.4499969482422,187.52999877929688,187.8300018310547,29362100,140.8817548130095,144.08067171203157,140.75180968215267,141.49154663085938,205122100,228.24072625952675,231.69801159617745,228.07183749564092,229.8998260498047,38802300,164.53705149933973,166.56185106753804,164.4027177042704,166.15391540527344,14566400
2024-10-28,427.64306615669506,427.9204593260478,422.33292947161533,422.6202392578125,14882400,579.7029225322412,581.4460155123639,571.8540189924909,575.8780517578125,10925100,189.57000732421875,190.2100067138672,188.2100067138672,188.38999938964844,27930800,142.95105547012693,143.09100694226274,140.00206821568727,140.47190856933594,173586700,231.7973512193415,233.19813797949908,231.032372026897,231.87681579589844,36087100,169.7358967018464,169.7518230313522,164.95992601392894,167.49716186523438,20858300
2024-10-29,424.017135059726,429.13903758740884,421.83759563654417,427.9303894042969,17644100,577.860233390468,591.3268300347977,573.128981140023,590.9384155273438,13019100,188.5800018310547,191.4600067138672,187.82000732421875,190.8300018310547,35690200,140.2419668294209,142.21129364579818,138.8524432880062,141.20164489746094,157593600,231.57877779482254,232.80074647701065,230.80386934668286,232.14505004882812,35417200,168.53692409934393,170.99953843556716,167.81556311145863,170.28314208984375,28916100
2024-10-30,433.3692558016521,434.41938919264413,428.07895261488494,428.50494384765625,29749100,598.6080558684588,598.8272191939645,587.0538626186211,589.4642944335938,26864900,194.6999969482422,195.61000061035156,192.4199981689453,192.72999572753906,37707600,139.49222584841445,140.28196395700422,136.76316465511044,139.29229736328125,179418100,231.09197226998216,231.94636045913163,228.05194445904854,228.59835815429688,47070900,181.49671405969505,182.86979435775086,174.86507585018174,175.2581024169922,49698300
2024-10-31,411.49476909921253,412.2873426777555,402.51908117814946,402.5686340332031,53971000,582.6910719821886,587.571756560939,560.7878737214265,565.33984375,26838400,190.50999450683594,190.60000610351562,185.22999572753906,186.39999389648438,75146800,137.55290880572403,137.56289989167158,132.06478241439225,132.7145538330078,270039600,227.84330777090054,228.330115454563,223.89921505082026,224.43569946289062,64370100,173.84519796451954,177.52666944712772,171.69600919609024,171.8253631591797,32801900
2024-11-01,405.20384836550784,411.63344411141696,403.7078904341815,406.5511779785156,24230400,565.3697448899991,571.4058248782926,560.339688365465,564.9215087890625,15303200,199.0,200.5,197.02000427246094,197.92999267578125,99687800,134.65389558133728,137.26300291330367,134.52395044654537,135.35365295410156,207127800,219.52796489927013,223.87938614586878,218.83253608705854,221.45530700683594,65276700,170.68112518874412,172.94972363049362,169.45728781570926,171.7855682373047,21752900
2024-11-04,405.9864621175824,406.6007179042562,401.79584509345045,404.658935546875,19672300,561.8735255720723,566.4454360194603,555.6880747714519,558.467041015625,12064600,196.4499969482422,197.3300018310547,194.30999755859375,195.77999877929688,38492100,137.16303982117785,138.91244079735898,135.52360180221356,136.00343322753906,187528200,219.5478246614517,221.33606573362852,218.27617915451208,220.5611572265625,44944500,170.38263311364355,171.05922117064537,168.636415270449,169.82542419433594,16194000
2024-11-05,404.5698009147436,411.0390330760231,404.28249112047496,407.63104248046875,17626000,565.0608971597502,571.2164978665354,564.433378859103,570.170654296875,9775400,196.0399932861328,199.82000732421875,195.99000549316406,199.5,30564800,137.40294177771256,140.3219403030432,137.28298774012364,139.8621063232422,160537400,220.3525342324639,222.48849724939907,219.69683776020295,221.99176025390625,28111300,169.97470565842073,171.2353604572077,169.51700206448294,170.5518035888672,12518300
2024-11-06,408.5821307366994,416.53740425456203,406.69978749855915,416.2698974609375,26681800,560.5288934332871,570.7384379160791,552.9787937592303,569.7921752929688,18305400,200.00999450683594,207.5500030517578,199.13999938964844,207.08999633789062,72292200,142.9110784725191,146.43986910531262,141.91142072377156,145.56016540527344,242043900,221.15724252476647,224.5946691536601,219.74651129717958,221.2665252685547,54561100,174.4720583941824,177.7455792425123,174.16359775834172,177.4371337890625,27061500
2024-11-07,417.3596638124742,422.8778379270892,415.9726979378319,421.4710388183594,19901800,574.6131397370345,592.4524256318628,572.9397776720764,589.3646850585938,14653700,207.44000244140625,212.25,207.19000244140625,210.0500030517578,52878400,146.3398874087156,148.8790112085744,146.1199614984642,148.82904052734375,207323300,223.16406118155706,226.39285156162418,223.10445516924474,225.99545288085938,42137700,178.21322879299478,181.66585633668203,177.99432907915246,181.3673553466797,16730400
2024-11-08,421.3620693729889,422.5310812867246,417.8550033981939,418.6079406738281,16891400,589.205245296399,590.7590857439004,582.2129936797714,587.0139770507812,9415700,209.72000122070312,209.9600067138672,207.44000244140625,208.17999267578125,36075800,148.71906153874144,149.71871911263233,146.2099112659944,147.57945251464844,175665800,225.9357792784742,227.4176895436531,225.17991383614745,225.7269287109375,38328800,181.08874199827696,181.43699565199873,178.67091608222063,178.95945739746094,15021500
2024-11-11,418.58809689323664,420.8567950462537,412.1287816798458,414.1200866699219,24503300,584.0456366766098,584.6831252027152,574.2345387059856,580.8682250976562,10209100,208.5,209.64999389648438,205.58999633789062,206.83999633789062,35456000,148.62909347800425,148.79904870323992,143.52085748188875,145.21026611328125,182325600,223.7775854012113,224.47377929839286,220.29660073941466,223.0117645263672,42005600,179.1684180742373,181.17332860002983,179.08881680289787,181.05889892578125,12503400
2024-11-12,414.35783635110096,420.49023567836724,413.3176195666668,419.0933532714844,19401200,586.2171909734634,597.2932988754035,578.0894227439553,582.5119018554688,16287700,208.3699951171875,209.5399932861328,206.00999450683594,208.91000366210938,38942900,146.72974972362667,149.5987623190427,145.96000905647895,148.23922729492188,198634700,223.33003326558662,224.36437631627228,222.14649605243358,223.0117645263672,40398300,180.47187140805784,183.10361748976914,180.08382466749606,182.40216064453125,14065800
2024-11-13,417.7163255743709,425.3347363138495,414.31822142109314,421.2431945800781,21502200,580.3104995084991,583.3285696737983,572.899861789148,577.7108154296875,10757600,209.39999389648438,215.08999633789062,209.13999938964844,214.10000610351562,46212900,149.01898487542564,149.27889039349282,145.85005645366056,146.21994018554688,191903300,222.79294167641658,225.4185978724207,221.54973296285615,223.89691162109375,48566200,181.2380114579533,181.70069485027344,179.21817640799486,179.58633422851562,13969700
2024-11-14,421.04505383486753,424.1855678921326,416.0915826132808,422.91748046875,30246900,574.7226772857438,578.4678469202681,570.7484348770021,574.8820190429688,11053700,214.16000366210938,215.89999389648438,210.8800048828125,211.47999572753906,42620300,147.58946625444327,148.94900137376933,145.50018526515709,146.7097625732422,194463300,223.7974607959322,227.62653447284012,223.77756520755418,226.98007202148438,44923900,178.85002901621897,179.541556582856,175.14865307038795,176.46205139160156,17925800
2024-11-15,415.91324532993855,418.86549468955633,409.79076244428035,411.1380920410156,28247600,568.9654316430945,570.3101398260193,549.323293380173,551.8931274414062,17712900,206.75999450683594,207.33999633789062,199.61000061035156,202.61000061035156,86591100,144.8203910682193,145.1902747512061,140.03203789439084,141.93138122558594,250132900,225.1699449930133,225.6871240415238,223.05152776948486,223.77755737304688,47923700,174.76061688007164,174.99942072991058,171.88010711985848,173.01937866210938,21708900
2024-11-18,411.0093198489206,414.50646935219214,408.2651076525754,411.89105224609375,24727000,554.8414482862169,557.690206619492,547.9189272359731,552.2119140625,14327300,204.14999389648438,204.6699981689453,200.9499969482422,201.6999969482422,36409900,139.45223367342163,141.50153478170088,137.10303223771245,140.1020050048828,221205300,224.02620376766677,228.49181480220403,223.94663659117114,226.78115844726562,44633700,174.07904641414385,176.02426004579834,173.546721379973,175.91481018066406,18662800
2024-11-19,409.2656885605185,414.0507587358417,407.7202079437107,413.90216064453125,18133500,549.6819364043778,559.2141733793588,548.426899572135,558.8755493164062,9522400,199.3300018310547,205.3000030517578,198.77999877929688,204.61000061035156,31197900,141.27163159656618,147.0796403153284,140.94174272954967,146.9596710205078,227834900,225.74680903538962,228.90953992555222,225.4285554930197,227.0397491455078,36211800,174.3576310893563,179.26792001994184,174.2392236211427,178.68087768554688,15392900
2024-11-20,412.9906980283946,413.40680290697327,406.7592228682752,411.62353515625,19191700,560.7081596102355,564.1146441614266,552.012635573936,563.2879638671875,9797300,202.97999572753906,203.1300048828125,199.4499969482422,202.8800048828125,32769000,147.35954130772643,147.50948385732136,142.68113546401185,145.84005737304688,309871700,226.82093350733243,228.68076882556113,224.66272507245372,227.75582885742188,35169600,177.93464379793505,178.21324069190095,174.45216744096942,176.44215393066406,15729800
2024-11-21,416.4281041493026,416.70605256605285,407.28555520801666,409.8466491699219,20780200,567.2721059667119,567.7501919373418,546.882870092374,560.8674926757812,11154700,203.49000549316406,203.49000549316406,195.75,198.3800048828125,58800000,149.29888738883682,152.83766902515802,140.65183891204953,146.6197967529297,400946600,227.63648708983084,228.9095315645878,224.48371169719937,227.2784423828125,42108300,174.5765335052864,174.70090765512782,164.48232325308783,168.3926544189453,38839400
2024-11-22,408.35760329128635,414.3434454251094,408.04987579157546,413.9463806152344,24814600,561.325795612175,561.6047197027932,552.4011974206409,556.9332275390625,9164000,198.25,199.25999450683594,196.75,197.1199951171875,31530800,145.88003080645086,147.10962067545384,141.05169787065546,141.90139770507812,236406200,226.82094518602503,229.46649702017746,226.82094518602503,228.62110900878906,38168300,166.32308060039298,167.4225439255199,164.88034337851366,165.7360382080078,24497000
2024-11-25,415.3162958278843,417.99650611752486,411.812146489521,415.7232971191406,27691100,559.8814479460827,570.3300964942197,554.1940234019514,562.8795776367188,13599800,199.27999877929688,201.9499969482422,199.0,201.4499969482422,40685700,141.9413916908634,142.00136870780395,135.7735059739188,135.9734344482422,344941900,230.2024695182051,231.982737654973,228.4918131754458,231.60479736328125,90152800,167.14890293052022,169.60653719909206,166.56184543973808,168.58168029785156,21395700
2024-11-26,416.5174436728799,425.89825580258685,415.78287220202776,424.8559265136719,23458900,563.7660269968359,575.2206370859942,562.9691967147016,571.2762451171875,10356600,201.89999389648438,208.0,201.7899932861328,207.86000061035156,41673700,137.6528702588759,139.25232877348597,135.6235662299349,136.87313842773438,190287700,232.06231657216094,234.29015208323423,232.06231657216094,233.7829132080078,45986200,168.6414149979063,170.6363661825947,168.58170264842587,169.7657470703125,14937500
2024-11-27,421.99701856707253,424.10151982082925,418.92964944636213,419.8925476074219,18332400,572.6209746815437,572.7105854147321,561.8735229474948,566.9534301757812,7200200,206.97999572753906,207.63999938964844,205.0500030517578,205.74000549316406,28061600,134.96376655836661,137.17301655731904,131.7548742168772,135.2936553955078,226370900,233.19613315216662,234.4095061449918,232.53971526898803,233.65362548828125,33498400,169.82543856885383,170.28314213857163,168.82050086416712,169.96475219726562,12433400
2024-11-29,417.0137828520631,421.76871536801127,414.7405434642979,420.3591003417969,16271900,566.7542128784901,576.1768970734391,564.6625256899628,572.05322265625,7130500,205.8300018310547,208.1999969482422,204.58999633789062,207.88999938964844,24892400,136.7331843976686,139.30231211006736,136.0034385187834,138.2026824951172,141863200,233.53426018813377,236.51796100091357,232.69882760276832,236.0405731201172,28481400,169.20852811877984,170.0144701194683,167.90508955644262,169.63638305664062,9250700
2024-12-02,418.48293944626425,429.82923270647603,418.22483367708463,427.82403564453125,20207200,575.2206623708795,592.1535649861262,573.2982871928123,590.4901733398438,12522400,209.9600067138672,212.99000549316406,209.50999450683594,210.7100067138672,39523200,138.7824785355422,140.40191910756175,137.77282976281836,138.58255004882812,171682800,235.98089694287458,239.4817615684827,235.8714939748314,238.2882843017578,48137100,169.46723668110263,172.73081292312753,169.41748398827372,172.11390686035156,16593400
2024-12-03,426.69239311416067,429.3031391752765,424.60776479316314,428.0424499511719,18302000,592.6516713377565,611.7759054960799,588.9164717284849,611.2280883789062,14907200,210.30999755859375,214.02000427246094,209.64999389648438,213.44000244140625,32214800,138.21267485883047,140.49189330582607,137.90278339727084,140.2119903564453,164414000,238.50711361537608,241.441083276618,237.60205398884364,241.33168029785156,38861000,172.2532072454121,173.44721115729334,171.64626082374897,172.15371704101562,15721500
2024-12-04,429.8589906240061,436.45038152660425,429.46192581768037,434.21685791015625,26009400,610.5407730504924,615.3417566258435,602.7117489296108,611.3575439453125,14697000,215.9600067138672,220.0,215.75,218.16000366210938,48745700,141.95139223046513,145.7400881706811,140.24197086598,145.09031677246094,231224300,241.55047375645148,242.78374225546824,239.9392801306149,241.68971252441406,44383900,171.9149335172347,175.54665282783589,171.88508493415299,175.20835876464844,18239800
2024-12-05,434.71321944433936,441.4038541812057,432.9760343176013,439.3787841796875,21697800,614.6445303223205,617.4534076628545,604.654087469592,606.5266723632812,8081200,218.02999877929688,222.14999389648438,217.3000030517578,220.5500030517578,41140200,145.07032934736787,146.49993108099994,143.9106428157812,145.0203399658203,172621200,242.6644095132275,243.21140922639395,240.81451427308068,241.7195587158203,40033900,176.43219499752993,176.8202417239073,173.13875487391763,173.437255859375,16145500
2024-12-06,439.0611189309198,442.8333105145372,438.5350012201072,440.32183837890625,18821000,607.6920745569537,627.3043658378344,606.1283244249738,621.3081665039062,16935500,220.75,227.14999389648438,220.60000610351562,227.02999877929688,44178100,144.5604751692698,145.66016529709515,141.27136605108353,142.40106201171875,188505600,241.5902721155965,243.3009285590703,240.76477968960373,241.52064514160156,36870600,173.00943595688167,175.95362070074273,172.6810863534066,175.6063690185547,13319500
2024-12-09,439.35893665859504,445.0469576507044,437.2743084708553,442.7538757324219,19144400,621.4575028893596,623.9277561947446,603.7775583797533,611.1483764648438,11426000,227.2100067138672,230.0800018310547,225.6699981689453,226.08999633789062,46819400,138.93199359328304,139.91172129670065,137.0925004855475,138.77203369140625,189308600,240.51612576959502,245.89673657618508,240.43655859300793,245.40939331054688,44649200,175.033569343468,177.34954989746097,174.71978848912806,176.4132080078125,19887800
2024-12-10,441.1358533918597,446.32753597079886,438.3662754088612,440.0835876464844,18469500,615.1224863148362,623.1208210609369,610.3215035746161,616.8755493164062,10938900,226.08999633789062,229.05999755859375,224.1999969482422,225.0399932861328,31199900,138.97197539548316,141.7812196768295,133.7534018405272,135.03306579589844,210020900,245.54865007065558,246.861485816723,244.0070681600661,246.4238739013672,36914800,183.8193820434649,187.3008236666633,181.96160898980182,185.806640625,34317400
2024-12-11,440.79835058458633,447.05223585940473,440.79835058458633,445.7021789550781,19200200,620.909669634273,635.880378199676,619.0769658169937,630.1829223632812,10837200,226.41000366210938,231.1999969482422,226.25999450683594,230.25999450683594,35385800,137.32243273699547,140.13166176303284,135.173026862483,139.2718963623047,184905200,246.61283253090062,249.43739908317045,244.92205654138039,245.15081787109375,45205800,185.9759826785147,196.12646874446978,185.53768654697186,195.94717407226562,41664500
2024-12-12,445.8212579806136,452.8196506561494,445.8212579806136,446.2679748535156,20834800,629.007573636922,634.1471812183523,624.7345274454173,628.3003540039062,7474700,229.8300018310547,231.08999633789062,227.6300048828125,228.97000122070312,28204100,137.04252103958567,138.40214979482639,135.76287224107875,137.3024444580078,159211400,245.54865996903848,247.388615093895,244.3452271532981,246.61285400390625,32777500,195.53876395662004,195.94219217606218,192.53047107123982,192.87911987304688,25197800
2024-12-13,445.15616611270633,448.124261247401,442.3170935669994,443.9947204589844,20177800,624.7444306032417,628.5892419845969,614.455245285517,617.9015502929688,8453300,228.39999389648438,230.1999969482422,225.86000061035156,227.4600067138672,28768100,138.9020072444441,139.56183041879834,132.50374826625531,134.21328735351562,231514900,246.47359279661413,247.9355922748061,244.90217516923994,246.7819061279297,33155300,191.96267672150887,193.58634524081108,190.51828766622816,190.63783264160156,18883200
2024-12-16,443.99470839545216,448.8687569516414,442.0192905147007,448.2830810546875,23598800,627.9995951063884,629.1659609381505,616.635468295797,622.2776489257812,10885600,230.22999572753906,233.0,228.00999450683594,232.92999267578125,37552100,134.1432941479919,134.3632351978696,130.38432800805435,131.96389770507812,237951100,246.6426692963963,250.01425073054844,246.3045049916291,249.67608642578125,51694800,193.61127430182802,199.86193429821952,193.35725830656568,197.3915557861328,32248600
2024-12-17,447.70736185197006,451.9560191338881,446.2779042343056,451.132080078125,22733500,624.2016843799404,630.3822075101276,614.6019503899752,617.4928588867188,12897800,232.38999938964844,232.72999572753906,227.85000610351562,231.14999389648438,35948100,129.0546920799943,131.5540083659402,126.82530622422306,130.35433959960938,259410300,248.72130738305802,252.45093348613432,248.42293425963442,252.1028289794922,51356400,197.76009594579685,202.09323264899297,195.92723514612658,196.35556030273438,24129500
2024-12-18,448.0150896587636,449.3353370303597,433.8197872534811,434.1871032714844,24444500,619.0479587782994,625.387952256149,594.4455447869857,595.3128051757812,17075500,230.77000427246094,231.39999389648438,220.11000061035156,220.52000427246094,43281400,133.82339933223892,136.6626191312432,128.2449232385065,128.874755859375,277444500,250.79000225751088,252.89847930582897,246.39401822090946,246.70233154296875,56774100,196.0667007110212,197.9194882921804,188.54597635525514,189.41259765625,27638400
2024-12-19,438.38612742715867,439.9347015317489,433.12495005824394,433.8297424316406,22963700,608.4712976770209,609.5977504710141,593.1296604292414,593.6978759765625,14958100,224.91000366210938,226.08999633789062,222.9199981689453,223.2899932861328,39918700,131.72394769790225,133.99333094415113,129.51456085077075,130.6442413330078,209719200,246.15532490458142,250.6308762664829,245.7475488049507,248.43287658691406,60882300,192.53045879108183,193.8453471258527,188.78504554591882,188.96434020996094,26981200
2024-12-20,429.93842886665163,440.4905928728717,425.4912541783927,433.40289306640625,64263700,588.7235406079465,601.2141211648265,578.1767815903994,583.4102783203125,48989400,219.83999633789062,226.2100067138672,218.72999572753906,224.9199981689453,88279200,129.7745000485284,135.24300545668208,128.1849385069714,134.6631622314453,306528600,246.69239156062656,253.6145845456153,244.35516822034685,253.10736083984375,147495300,186.28476260696812,193.38213158489262,185.6472451593918,192.21170043945312,45319700
2024-12-23,433.54185407205193,434.44519400818086,429.6604823749245,432.0627746582031,19152500,587.746636194458,599.2005698155671,584.4071908696653,597.9644165039062,10205800,225.00999450683594,226.8800048828125,223.89999389648438,225.05999755859375,28070000,136.2427181368804,139.75175245255647,135.08303180440205,139.6317901611328,176053500,253.38584941381717,254.2610580907384,252.07301363460223,253.8831329345703,40858800,193.2775442063514,195.72801093509787,190.88685756335263,195.22994995117188,15235900
2024-12-24,431.4671622449362,436.3809267682004,431.0105391906017,436.1128845214844,7164500,600.8253816986515,606.0788354588261,597.3962533987877,605.839599609375,4726100,226.94000244140625,229.13999938964844,226.1300048828125,229.0500030517578,15007500,139.9617148258363,141.86118913948326,138.61207790245493,140.18165588378906,105157000,254.10189725758943,256.80710520536127,253.90297174117552,256.79718017578125,23234700,195.40925307265215,196.90343608914247,194.44102235636947,196.8038330078125,6809800
2024-12-26,435.8646925313124,437.7110878799943,433.43265156283826,434.90179443359375,8194200,603.576678438532,604.3941081026211,597.0572585697707,601.453369140625,6081400,228.5,228.5,226.6699981689453,227.0500030517578,16146700,139.66180603983884,140.8115008078877,137.69234337416663,139.89173889160156,116205600,256.7872242633273,258.6868506395932,256.2302692406472,257.6127014160156,27237100,195.9770430636019,197.3915344458099,195.1104066085955,196.3356475830078,7907900
2024-12-27,431.41755366983716,432.03300873883813,423.22796607712917,427.3773498535156,18117700,597.5257935657311,599.9581261267912,587.9460161502445,597.924560546875,8084200,225.60000610351562,226.02999877929688,220.89999389648438,223.75,27367100,138.51210623580144,138.98197889967045,134.6731602308685,136.97251892089844,170582600,256.42919055718573,257.29448932345014,251.68511699924173,254.2013702392578,42355300,195.70809046620545,196.03681255000853,191.2275326178882,193.28750610351562,14693000
2024-12-30,422.9400284711836,424.4191077458383,418.810487849265,421.7190246582031,13158700,586.8993065979166,595.0635643540043,583.7392883016993,589.3814697265625,7025900,220.05999755859375,223.0,218.42999267578125,221.3000030517578,28321200,134.79311660884966,140.2316308377207,133.98334063995796,137.452392578125,167734700,250.85962400320443,252.1227283114492,249.38766912858338,250.8297882080078,35557500,190.12484454267624,193.02853369164805,189.62179803297198,191.94276428222656,12209500
2024-12-31,422.97977346202197,423.6051649635355,417.5796069111211,418.4134521484375,13246500,590.4083164544484,592.102924110321,582.0147395278991,583.6695556640625,6019500,222.97000122070312,223.22999572753906,218.94000244140625,219.38999938964844,24819700,137.99226367763055,138.0322612848829,133.79341493856927,134.25328063964844,155659200,251.0684930674946,251.90392569582917,248.07483671879714,249.05946350097656,39480700,191.6987065345426,192.50057745269567,188.84481151855695,189.70147705078125,14355200
2025-01-02,422.4139505741353,422.9500047735069,411.81216477472935,415.51483154296875,16896500,587.8662291946306,603.0084829766075,585.9722382113614,597.3563232421875,12682300,222.02999877929688,225.14999389648438,218.19000244140625,220.22000122070312,33956600,135.96282022937498,138.8420377745335,134.59319964236553,138.27218627929688,198247200,247.57756417344766,247.74665392379396,240.5062071395791,242.52517700195312,55740700,190.7424271483995,192.45077277859082,187.97819460041782,189.8907470703125,17545200
2025-01-03,417.99651176266025,420.9249216883709,416.46781065088146,420.2499084472656,16662900,602.8590273821567,607.5841180897974,594.5352379868413,602.7294311523438,11436800,222.50999450683594,225.36000061035156,221.6199951171875,224.19000244140625,27515600,139.9717090810043,144.86037131104774,139.69178686675932,144.4304962158203,229322500,242.03782653808594,242.85336358935695,240.5758118291158,242.03782653808594,40244100,191.9776295221275,193.74574009352003,190.60796169370286,192.3810577392578,12875000
2025-01-06,424.865875513533,431.13960318889787,422.3643396757335,424.71697998046875,20573600,609.906744646259,629.0064888916852,603.7162437232414,628.218994140625,14560800,226.77999877929688,228.83999633789062,224.83999633789062,227.61000061035156,31849800,148.54936300568127,152.11839407781596,147.77958455274808,149.38912963867188,265377400,242.98266113735735,245.98625772407811,241.87869116125097,243.66891479492188,45045600,194.3932061333201,198.78610788965761,194.3035587994232,197.19232177734375,19483300
2025-01-07,425.85852385294453,427.49643519355806,417.7185585987197,419.2770690917969,18139100,629.7142790484268,630.112985152474,606.3180247667793,615.9476928710938,12071500,227.89999389648438,228.3800048828125,221.4600067138672,222.11000061035156,28084200,152.98814312185272,153.08812187242287,139.97169998670535,140.10166931152344,351782200,241.6598944370817,244.21593900697974,240.03876048613398,240.8940887451172,40856000,197.501122029833,201.35610947838407,195.18015584206566,195.94717407226562,16966800
2025-01-08,420.3590683350305,423.8433749158129,418.4531451224049,421.4510192871094,15054600,611.4718611566152,614.5022833089956,600.895166417742,608.8002319335938,10085800,223.19000244140625,223.52000427246094,220.1999969482422,222.1300048828125,25033300,142.54101155921632,143.91063203422854,137.5223800692543,140.07168579101562,227349900,240.6056476428208,242.38593107741448,238.74581220273618,241.38140869140625,37628900,193.1978451732744,196.87353752481414,192.99862382731104,194.63226318359375,14335300
2025-01-10,421.52050962504774,421.59991046888086,411.98086631184646,415.8821105957031,20201100,608.112442272843,627.9298948978874,595.462329972656,613.924072265625,19256600,221.4600067138672,221.7100067138672,216.5,218.94000244140625,36811500,137.41242079266553,139.88174676307978,134.18330808313058,135.8728485107422,207602500,238.70602211575698,238.85521627248303,231.73411285331812,235.56320190429688,61710900,194.66217309499478,196.85363860906642,190.85699469140422,192.4208984375,20753800
2025-01-13,412.19927707865725,415.4354144937977,409.2708974707551,414.135009765625,17604800,605.1916106669787,607.0557276203978,596.5688376806378,606.4177856445312,10785000,218.05999755859375,219.39999389648438,216.47000122070312,218.4600067138672,27262700,129.95446851982027,133.4535116815908,129.4745887600242,133.19357299804688,204808900,232.26124214226888,233.39504797306242,228.4719441071402,233.1265106201172,49630700,190.60795433486177,191.74353282805677,187.92838367294684,191.54429626464844,13169100
2025-01-14,414.7504731982745,416.6663329915462,407.7123952362894,412.62615966796875,16935900,603.1680144738151,603.586677198732,586.6999244030517,592.3820190429688,13598000,220.44000244140625,221.82000732421875,216.1999969482422,217.75999450683594,24711700,136.01278831507346,136.3426998783518,130.01442953826418,131.7239532470703,195590500,233.47458784982285,234.83713969366363,231.2069764534674,232.0125732421875,39435300,191.75350179419556,192.52052005726506,188.90459201669714,190.3091278076172,13651200
2025-01-15,416.06078709453215,425.0147242617403,415.2070689754285,423.1882019042969,19637800,608.2918626953108,620.5033555415417,604.5935029582943,615.1801147460938,15524300,222.8300018310547,223.57000732421875,220.75,223.35000610351562,31291300,133.61345527658474,136.4126928345012,131.25409986764885,136.2027587890625,185217300,233.36518970349533,237.66172623332486,233.15632396556444,236.57763671875,39832000,193.59631966617226,197.03293757748568,192.58027095513168,196.2161102294922,12894900
2025-01-16,425.56074187721237,426.34493507947604,421.28230542678756,421.47088623046875,15300000,609.5778014543201,614.3128702309481,607.7934500715568,609.37841796875,8355300,224.4199981689453,224.64999389648438,220.30999755859375,220.66000366210938,24757300,138.60208327625168,138.7120538029648,133.4534978315376,133.53347778320312,209235600,236.06049286491137,236.71689557722044,226.79112077355302,227.01986694335938,71759100,195.06557272917394,196.21609233543538,193.54649287490568,193.65606689453125,13449600
2025-01-17,430.91124996405387,431.29840862027794,425.0346177976779,425.8883056640625,26197500,622.0883213436317,623.0054123386464,601.7723798733631,610.8438110351562,17280600,225.83999633789062,226.50999450683594,223.0800018310547,225.94000244140625,42370100,136.65262268416788,138.46212527408701,135.4229633158422,137.67234802246094,201188800,230.85888730040747,231.0279618693864,227.2386640256131,228.7305145263672,68488300,197.28196603154788,198.03901328310783,194.55258626735076,196.78390502929688,22109100
2025-01-21,427.04974598441896,427.74460185190514,422.4834247796493,425.3621826171875,26085700,615.8879054164239,619.5463519549992,607.0956232572347,614.522216796875,11674000,228.89999389648438,231.77999877929688,226.94000244140625,230.7100067138672,39951500,139.12194717769367,141.7912151745994,137.05250594430132,140.79148864746094,197749000,222.783001089375,223.20071739531107,218.1881065481907,221.43038940429688,98070400,199.73241196420346,203.04949996870735,198.66656935353225,198.8558349609375,19005200
2025-01-22,434.35587089419175,443.9947588601348,432.8072967513622,442.9326171875,27803800,621.3406555902126,631.7079877162228,617.4828257324606,621.5400390625,12274000,232.02000427246094,235.44000244140625,231.19000244140625,235.00999450683594,41448200,144.62045561465226,147.74958954273308,143.6307207753195,147.02980041503906,237651400,218.59586314481808,222.90233985709415,218.59586314481808,222.61392211914062,64126500,199.77227542933375,201.3361791069415,198.4275046138818,199.25428771972656,15477400
2025-01-23,438.76331124507635,443.4785278251988,438.266972657695,443.4388122558594,18389300,625.3878883324852,634.5988327915112,619.197448317166,634.4493408203125,9910200,234.10000610351562,235.52000427246094,231.50999450683594,235.4199981689453,26404400,145.01034368405638,147.1897403093082,143.6807055002306,147.17974853515625,155915500,223.51900422998196,225.79655609657794,221.09225820038625,222.4448699951172,60234800,199.20448828233938,201.15689423697205,196.05675407736828,198.80604553222656,15170800
2025-01-24,441.9002090925553,443.37928850377745,438.16773293128523,440.8082580566406,15549500,634.3995455880619,649.9504837452617,632.2064489650473,645.4546508789062,19065300,234.5,236.39999389648438,232.92999267578125,234.85000610351562,25890700,148.32943710709068,148.92927919460303,141.8412209584346,142.5810089111328,234657600,223.55875977197638,224.4041477572621,220.2070739772995,221.5696258544922,54697900,199.0749968784714,201.78445005827487,199.00924333890612,201.11703491210938,12732400
2025-01-27,420.90507512895306,432.01313557520695,420.39880005578783,431.3778076171875,35647800,624.6402872001196,661.7831731182577,623.1350240288891,657.8057250976562,28399200,226.2100067138672,235.61000061035156,225.86000061035156,235.4199981689453,49428300,124.7658794397831,128.3648859520762,116.668088091544,118.38761901855469,818830900,222.80290778981754,230.888727332658,222.76311661057002,228.61117553710938,94863400,193.43695466666185,197.8995774565055,191.95272725324895,193.01858520507812,24970200
2025-01-28,431.4175234893937,445.0966142937209,428.2211016468738,443.9252624511719,23491700,663.9064946462431,680.434394086623,657.3969918528114,672.2103271484375,20950100,234.2899932861328,241.77000427246094,233.97999572753906,238.14999389648438,41587200,121.77668294561497,128.96471894622445,116.21820602712087,128.95472717285156,579666400,229.5957855991,238.88503723433337,229.55599442275542,236.96551513671875,75707600,193.89514224561265,196.46513884315854,191.86306004269633,196.30577087402344,15939200
2025-01-29,443.41896958220315,443.607580668921,437.1750216711049,439.09088134765625,23581400,672.8782187611764,678.9091891458575,663.5775294568425,674.363525390625,21377800,239.02000427246094,240.38999938964844,236.14999389648438,237.07000732421875,26091700,126.46540553655986,126.85529827150769,120.01717249490751,123.66616821289062,467120600,232.84801856891494,238.55683854812662,232.73861559310797,238.05955505371094,45486100,196.6046098652269,197.6903944830283,194.43307102885743,196.41534423828125,12287800
2025-01-30,415.7034295288443,419.7634757332681,410.1345248522129,411.95111083984375,54586300,694.6295927845299,708.5556496697027,673.9746933017885,684.8404541015625,29322900,237.13999938964844,237.9499969482422,232.22000122070312,234.63999938964844,32020700,123.06634175444341,124.96582380169083,118.06770880237578,124.61592102050781,392925500,237.37329797187644,239.48177510143526,235.9212386876704,236.29916381835938,55658300,198.98532725904212,202.44985164814932,198.6984497136015,201.84420776367188,14571500
2025-01-31,415.911907348454,417.60937689111034,411.87170384291437,412.0205993652344,34161900,688.8278359211887,703.0828715870788,683.4248907710689,687.0135498046875,19303900,236.5,240.2899932861328,236.41000366210938,237.67999267578125,36110200,123.74615511454752,127.81504199868698,119.15741376372098,120.03717041015625,388161100,245.8470107317681,245.8470107317681,232.1717149504871,234.71780395507812,100959800,202.92500402601587,206.2769602664651,202.79053301830598,204.80270385742188,17060300
2025-02-03,408.5859935358612,412.368091725276,405.6675197732108,407.9109802246094,25679100,673.7853303532094,701.7870595426608,673.1274317559399,695.2676391601562,21415700,234.05999755859375,239.25,232.89999389648438,237.4199981689453,37285900,114.71862375628316,118.53757894355685,112.97910166242248,116.62810516357422,371235700,228.74047863837345,230.5704783469237,224.47377754488917,226.77122497558594,73063300,201.43080161465778,204.42415301471644,200.87796121410668,201.85415649414062,16719500
2025-02-04,409.66794472749183,410.8889485554991,406.7395349510832,409.35028076171875,20532100,700.291750368734,705.4853950757674,689.435967564897,701.9764404296875,13826300,239.00999450683594,242.52000427246094,238.02999877929688,242.05999755859375,29713800,116.92801344303115,121.16685177317855,116.66808241089754,118.6175537109375,256550000,226.0153670030395,231.8634262398647,225.4186206897715,231.53521728515625,45067300,203.7069521409136,207.89066156549822,203.4678773853658,206.90451049804688,28285400
2025-02-05,409.3304308556131,410.79957365654525,407.39469828604103,410.2635498046875,16316700,701.338438880343,715.8826032404849,696.8127318836921,702.654296875,17778200,237.02000427246094,238.32000732421875,235.1999969482422,236.1699981689453,38727300,121.7267002537778,124.96581196424484,120.72697375806385,124.79586029052734,262230800,227.28840417126338,231.40591110501148,227.02982220448578,231.20700073242188,39620300,192.35116316256466,193.79553701425183,189.17353156908362,192.55038452148438,43666400
2025-02-06,410.9683447102107,415.1376009046221,410.9683447102107,412.7750244140625,16309800,703.6611131134636,716.6402049884904,701.2885896343017,709.7518920898438,13080700,238.00999450683594,239.66000366210938,236.00999450683594,238.8300018310547,60897100,127.38517104864236,128.7348081612174,125.1757760130246,128.6448211669922,251483600,230.03338922164468,232.5297620441898,229.17806101517482,231.95291137695312,29925300,190.24935328906002,193.07833622579454,189.7512922706371,192.5603485107422,20816600
2025-02-07,413.4302096384315,415.58430218979566,405.1115698860282,406.7494812011719,22886800,714.546788192433,722.7310026615398,709.5126746052003,712.2739868164062,16427100,232.5,234.80999755859375,228.05999755859375,229.14999389648438,77539300,129.184663567943,130.3343429768511,124.96581638636985,129.8044891357422,228186300,231.33629458433444,232.72868233994458,226.02529517161955,226.39329528808594,39707200,191.9925655719954,192.26649305045316,184.3821938692764,186.41427612304688,29565700
2025-02-10,410.6804954197058,412.41768060214906,407.91094771202364,409.201416015625,20817900,716.3013465299549,718.9330628152472,709.0940920727812,715.14501953125,12904300,230.5500030517578,233.9199981689453,229.1999969482422,233.13999938964844,35419900,130.05441853152416,134.96307937585763,129.92446445785666,133.53347778320312,216989100,228.57377553913867,229.58933825388894,226.21404995469493,226.66209411621094,33115600,188.32681932034947,189.25322066659953,186.88244548763515,187.47015380859375,16606000
2025-02-11,406.64031711794166,409.4694230026259,406.30278019920314,408.4271240234375,18140600,711.077742352479,721.3852053088176,707.8080235680292,717.537353515625,12998000,231.9199981689453,233.44000244140625,230.1300048828125,232.75999450683594,23713700,132.54376130884148,134.4432358451655,130.9841901729766,132.76370239257812,178902400,227.20971719471092,234.2092091135714,227.1400288616486,231.61053466796875,53718400,186.11048466630118,188.06786100194904,185.3584075950013,186.34457397460938,13028100
2025-02-12,404.22806155020925,407.7421472112012,401.40886202523427,406.044677734375,19121700,713.0515218383842,724.8144176821432,710.3599968194253,723.099853515625,12016500,230.4600067138672,231.17999267578125,228.16000366210938,228.92999267578125,32285200,129.98445236307722,132.203846559633,129.04470695043977,131.10414123535156,160278600,230.19669384296432,235.9317077791751,229.67894615315132,235.8420867919922,45243300,184.51168560959832,186.10548699141967,182.91789942739342,184.71090698242188,17632300
2025-02-13,404.01963601763975,407.99034497113007,403.38430804391083,407.5337219238281,23891700,719.2519274744516,726.7083946880916,715.7828254514726,726.269775390625,12569100,228.85000610351562,230.4199981689453,227.52000427246094,230.3699951171875,31346500,131.52401516963508,136.46266649297655,131.13412244698262,135.25299072265625,197430000,235.8819260401158,241.28835511000761,234.54774465400956,240.48187255859375,53614100,185.2089477338026,187.2609717280751,184.16303184110322,187.15139770507812,12729300
2025-02-14,404.80385028408716,405.91564391864586,402.9078331667541,405.43914794921875,22758500,723.85738092295,738.5809097984375,723.3389960821124,734.354248046875,16901200,229.1999969482422,229.88999938964844,227.22999572753906,228.67999267578125,27031100,136.44266486168982,139.21191146517995,135.46293718873886,138.81202697753906,195479600,240.203075232316,244.48441805735465,239.9442089936196,243.53854370117188,40896200,186.10547125689223,187.4203443660532,185.38826221567163,186.1453094482422,12714200
2025-02-18,405.01228421128855,407.59325090478893,403.52326846051176,406.6402893066406,21423100,733.6864641630071,734.6833207719243,704.2193852371487,714.1181640625,21938700,228.82000732421875,229.3000030517578,223.72000122070312,226.64999389648438,42975100,141.23137649622348,143.40078131766987,137.89227816645598,139.36187744140625,219176600,243.0905000064508,244.11602908498713,240.7905267294893,243.40911865234375,48822500,186.7131072201513,187.0517850469982,182.868075751718,185.0794677734375,19796000
2025-02-19,404.89319663470326,412.44745587382107,404.66486996411237,411.73272705078125,24114200,701.886719169158,704.7776276936228,693.2041369812721,701.5578002929688,17535500,225.52000427246094,226.8300018310547,223.7100067138672,226.6300048828125,28566700,139.47184726600554,141.32134750878612,137.18248014952957,139.19192504882812,167536000,243.5982928571997,244.94242536854557,242.10480216065562,243.807373046875,32204200,185.4629695610536,186.63341593471333,184.7806284324732,186.40431213378906,13120500
2025-02-20,413.0755545581438,417.07410775463984,410.3402184035009,413.91107177734375,23508700,695.0882163867516,703.4119448646127,691.4596436709155,692.6558837890625,12587400,224.77999877929688,225.1300048828125,221.80999755859375,222.8800048828125,30001700,139.991705837455,140.62153843760984,136.7525863640224,140.07168579101562,143903600,243.87709210808563,245.7091038330044,243.2299036494767,244.7632293701172,32316900,185.77675751385402,186.3943483049828,183.88413174771472,185.9162139892578,12063800
2025-02-21,415.11458446579724,415.8207899827264,405.71499358869687,406.03326416015625,27524800,694.3903766528952,701.6574392501641,680.2150443830811,681.4013061523438,15660400,223.27999877929688,223.30999755859375,214.74000549316406,216.5800018310547,55323900,140.0017008694862,141.42132600995674,133.99334973043614,134.3932342529297,228217600,244.88267886995578,247.6107939080121,244.155851012499,244.4844207763672,53197400,186.56368748782089,186.74299735623012,180.42758736179914,180.87583923339844,19520800
2025-02-24,406.3316944915949,407.1870941067446,397.1906962904959,401.8457336425781,26443700,684.122756243814,685.1096345134455,660.3676471383606,666.02978515625,15677000,217.4499969482422,217.72000122070312,212.4199981689453,212.7100067138672,42387600,136.52266681200447,138.55211066034528,130.04444248958205,130.244384765625,251381100,243.86711335623195,247.7800669312537,243.3593319822528,246.0277099609375,51326400,183.08722953293318,184.37222024540685,180.1785550709263,180.4873504638672,18734000
2025-02-25,398.9611771958944,399.7768119064437,394.5846458623518,395.7782287597656,29387400,663.8765120828333,665.9001600374287,639.8423158192022,655.4331665039062,20579700,211.6300048828125,213.33999633789062,204.16000366210938,212.8000030517578,58958000,129.94444977330787,130.16439082972744,124.4059715229826,126.59536743164062,271428700,246.92381259977986,248.91513366913293,243.84722519384715,245.9679718017578,48013300,179.45637842094075,180.05902804465345,176.08451053335727,176.6821746826172,20832500
2025-02-26,395.8876811696496,401.4478696916858,392.1477210913464,397.5985107421875,19619000,657.5764529173535,680.8630075132187,655.9316152590968,671.582275390625,14488700,214.94000244140625,218.16000366210938,213.08999633789062,214.35000610351562,39120600,129.95446947322534,133.69343728770713,128.4548795357506,131.24411010742188,322553800,243.26972892021308,243.91690216055417,238.0922974197643,239.31695556640625,44433600,176.25881089274952,177.38940386719918,172.91681070904968,174.0225067138672,23637200
2025-02-27,399.13030635306495,403.5764722898777,390.0788543559985,390.4369201660156,21127400,680.3047560748793,686.485278775033,655.5029605584499,656.1708374023438,12500000,218.35000610351562,219.97000122070312,208.3699951171875,208.74000549316406,40548600,134.9630788743497,134.97307064778977,119.9771806223922,120.11714172363281,443175800,238.3710773588995,241.4078448384303,236.0312691715791,236.27023315429688,41153600,175.25770137508286,175.90517457404238,169.09369511454358,169.5499267578125,25930500
2025-02-28,390.5662102627109,395.50970978817173,384.50868780557136,394.87310791015625,32845700,655.9714518798419,667.5250458825946,640.579984557629,666.0995483398438,17534200,208.64999389648438,212.6199951171875,206.99000549316406,212.27999877929688,51771700,117.98772650698133,125.05579305607802,116.36817434407594,124.8858413696289,389091100,235.92174819400608,241.03944246427386,229.2010399398617,240.79052734375,56833400,169.6395716969422,171.8310369544088,167.73697511811918,171.5521240234375,30049800
2025-03-03,396.693360360252,396.693360360252,384.1008642400347,386.4184265136719,23007700,671.5622863758869,679.1084974580099,648.7941177590432,652.9908447265625,10843800,213.35000610351562,214.00999450683594,202.5500030517578,205.02000427246094,42948400,123.47622912906817,123.66617198823369,112.2492965435478,114.02880859375,411381400,240.74073286620586,242.97101773746803,235.0853888180174,236.99705505371094,47184000,173.05628188737933,174.3213611642928,166.9899021667699,168.00595092773438,24122000
2025-03-04,381.3555708063787,390.48661254503907,378.9683745181786,386.53778076171875,29342900,643.4808482225519,647.7075100421906,621.6895797629608,637.9881591796875,21495200,200.11000061035156,206.8000030517578,197.42999267578125,203.8000030517578,60853100,110.6197462594264,119.27737437091366,110.07989299750376,115.95828247070312,398163300,236.6784633674393,239.02822274747484,233.6615980851158,234.9061737060547,53798100,167.2887250456122,174.48569711486192,166.89026714029205,171.94061279296875,30711400
2025-03-05,387.2639110911412,399.52818059067016,386.73673843465946,398.8816223144531,23433100,638.9850308732081,657.4268765380355,635.6555033172657,654.4063720703125,13770000,204.8000030517578,209.97999572753906,203.25999450683594,208.36000061035156,38610100,117.54784364725772,118.24764914601728,114.4786835987416,117.2679214477539,284337900,234.3983766092207,235.5234777567522,228.23523611666363,234.7169952392578,47227600,171.65175734257568,175.0684486462283,170.26713311442498,174.3114013671875,18848000
2025-03-06,392.17758313531544,400.00561314926756,390.586108729763,394.773681640625,23304600,645.9630966353535,648.5150471759833,622.1481771276858,625.9561767578125,13446500,204.39999389648438,205.77000427246094,198.3000030517578,200.6999969482422,49863800,113.49895407905146,115.31845609620828,110.18986163701831,110.53976440429688,321181900,233.42263965762712,236.82779659290307,232.14819548977783,234.30877685546875,45170400,171.88085762667328,176.04464037532372,171.83901308441207,173.534423828125,19082400
2025-03-07,390.2280267594304,392.6947831487431,383.4841811851977,391.2127380371094,22034100,623.4041708110899,632.7945424007281,598.7219930959255,623.6932373046875,21375700,199.49000549316406,202.27000427246094,192.52999877929688,199.25,59802800,111.21957864470976,113.44897220636766,107.5305852358904,112.65918731689453,341755500,234.08974000390756,240.32256924437755,233.74125275300776,238.03256225585938,46273600,172.57018119468756,176.21398520957717,171.58202373998432,175.06845092773438,16395300
2025-03-10,383.7825787420743,384.3395902213564,375.20854809150063,378.13287353515625,32840100,606.1585603987916,608.1921258261364,585.0251896930085,596.1102294921875,21999900,195.60000610351562,196.72999572753906,190.85000610351562,194.5399932861328,62350900,109.8699441866197,111.81940781621753,105.43115607331026,106.95074462890625,366487400,234.5178647329352,235.13518456664028,223.24699590534985,226.4928436279297,72071200,169.69321463380882,169.98241239995258,165.11081858534763,167.3496551513672,28990700
2025-03-11,376.9790454259089,383.9417190881288,374.900193646485,378.42132568359375,30380200,593.1795048947525,612.9970188777876,591.4649407555324,603.8060302734375,17401500,193.89999389648438,200.17999267578125,193.39999389648438,196.58999633789062,54002900,106.960734969355,112.20929903890595,104.74134094243277,108.73025512695312,354865700,222.8387656202518,224.8599551431671,216.50636447278404,219.88165283203125,76137400,166.2227654766119,168.19235385425318,162.79221467372713,165.52468872070312,23705900
2025-03-12,380.9080172396425,383.1659020465141,376.92934634163805,381.2262878417969,24253600,627.9199500067502,631.3391605894193,607.4344997247063,617.6124267578125,15747000,200.72000122070312,201.52000427246094,195.2899932861328,198.88999938964844,43679300,114.09930053195751,116.73882100614277,112.85951998498375,115.71900177001953,323857500,219.18469713036333,220.78771110845915,213.9773970817033,216.0384063720703,62547500,168.00787776905614,169.06496768992824,165.02607404266914,168.5364227294922,19880100
2025-03-13,381.1168495701804,383.2653352756173,375.43730594967485,376.750244140625,20473000,618.300295022882,618.549509168397,584.666363679096,588.7833862304688,16480300,198.1699981689453,198.8800048828125,191.82000732421875,193.88999938964844,41270800,117.00876245655117,117.73863334670654,113.76935252443205,115.55902862548828,299033100,215.01287598245443,215.899013195213,207.51555384047248,208.77008056640625,61368300,167.5192068154746,167.65882217030887,163.6199439708421,164.2781219482422,15206200
2025-03-14,377.7548866940246,388.1491759928466,377.48633735073093,386.4880676269531,19952800,601.4397861192037,607.4861094591693,593.4379244399495,606.2289428710938,12364500,197.41000366210938,198.64999389648438,195.32000732421875,197.9499969482422,38096700,118.58847644066721,121.85787967708788,118.12856083227834,121.64791870117188,277593500,210.3332680009786,213.02154815111564,208.67051688888432,212.5635528564453,60107600,164.86151705390753,167.78846344663302,164.05871738434496,167.16018676757812,18611100
2025-03-17,384.6379840789578,390.61591588488574,383.5140048019888,386.6273193359375,22474300,606.0893162562006,611.7165435724769,596.6506403898339,603.5350952148438,15473900,198.77000427246094,199.0,194.32000732421875,195.74000549316406,47341800,122.71772499646224,122.86769930249316,118.00858060635532,119.50830841064453,255501500,212.3843419118567,214.28605714072168,209.0588394397278,213.07135009765625,48073400,166.86600146939315,167.99789774713304,165.3551579314285,166.1130828857422,17839100
2025-03-18,385.0060028133576,385.30439095730634,379.06783591000334,381.47491455078125,19486900,598.6959836433429,598.8955445257114,573.3632611970426,581.0458984375,20297700,192.52000427246094,194.0,189.3800048828125,192.82000732421875,40414900,117.97858323274161,118.99839474842913,114.51921213127834,115.40904998779297,299686900,213.23066628615402,214.2163605039484,210.57225445008928,211.7670440673828,42432400,165.504769270585,165.9834483433943,158.36440589305724,162.22378540039062,24616800
2025-03-19,383.47424708645485,387.60211207726394,381.95240668028214,385.7520446777344,19185500,582.9616006660708,590.9834364727485,573.473050249603,582.7420654296875,20537500,193.3800048828125,195.97000122070312,191.9600067138672,195.5399932861328,39442900,117.24871784817985,120.42814113812437,115.65901001721268,117.49867248535156,273426200,213.29037609854922,217.81066771448715,212.82241448637808,214.3059539794922,54385400,163.46536491130865,167.67179700457908,162.60274739553324,165.82388305664062,24955700
2025-03-20,383.68308121761453,389.7008385815923,381.2362073514129,384.7772216796875,18470500,581.4449942410755,608.8230774900193,578.20232796402,584.6776733398438,24336500,193.07000732421875,199.32000732421875,192.3000030517578,194.9499969482422,38921100,116.5288475567653,120.17817892707569,116.44886024718888,118.50848388671875,248829700,213.0614056873257,216.54621759798974,211.29908226715483,213.17092895507812,48862900,163.37559854857543,166.57180854248293,162.69248004880873,164.5972442626953,19981500
2025-03-21,381.1765391094654,389.65109658333733,380.7587653391681,389.1736755371094,39675900,582.1034155863823,596.1915469952162,579.6390187113977,594.9044799804688,25015900,192.89999389648438,196.99000549316406,192.52000427246094,196.2100067138672,60056900,116.91877807414131,117.96858292451893,115.39904967929496,117.67863464355469,266498500,210.6419412957371,217.8903488075446,210.36315756009637,217.3228302001953,94127800,162.93182312599697,166.01334302891465,162.58277715435602,165.7939453125,29882100
2025-03-24,393.29158399443577,393.29158399443577,387.73139545576913,390.98394775390625,21004500,613.5822418688982,621.1351668672481,610.818534005287,617.4534912109375,15741300,200.0,203.63999938964844,199.9499969482422,203.25999450683594,41625400,119.85824123014483,122.19782052957932,119.31833831489072,121.38796997070312,228452500,220.04097309502072,220.5188858867363,217.63147647971348,219.7721405029297,44299500,168.80069800737297,170.03231095640905,166.98070710650484,169.4638671875,18742800
2025-03-25,391.8195087441688,394.2464699747621,390.54633531859656,393.0528869628906,15775000,625.345664190717,632.4495923390001,619.7782389579731,624.8966674804688,15312500,203.60000610351562,206.2100067138672,203.22000122070312,205.7100067138672,31171200,120.52812446850508,121.26798803028822,118.89841541478116,120.66809844970703,167447200,219.81198848707382,223.1275400112128,219.12498026235477,222.779052734375,34493600,170.71042533673634,172.43569069454404,170.0821638501357,172.31600952148438,13841600
2025-03-26,392.89374127883343,393.2020858372719,386.49803525659746,387.89056396484375,16108400,623.479902445872,625.3356905979604,605.2411234358802,609.6012573242188,12609800,205.83999633789062,206.00999450683594,199.92999267578125,201.1300048828125,32855300,118.70845626054094,118.81842927999459,112.68954449720724,113.7393569946289,293463300,222.5400680439697,224.04352508950674,219.51326687455483,220.56866455078125,34466100,170.83011093308616,171.46835474384497,166.40327693916822,166.6815185546875,22498000
2025-03-27,388.04970169840396,390.1484359049866,385.33424804034394,388.4972839355469,13766800,600.6415676163016,612.8639250968658,598.745830668508,601.2202758789062,10436500,200.88999938964844,203.7899932861328,199.27999877929688,201.36000061035156,27317700,111.32979509417153,114.42923110356094,110.63992547504299,111.40978240966797,236902100,220.4292696466093,224.0136533961419,219.6028696378956,222.87860107421875,37094800,166.25270383611067,166.98069710948675,163.40054850472754,163.62991333007812,21571200
2025-03-28,386.01060482786494,387.05502406399853,374.920066699825,376.78009033203125,21632000,598.9554211422102,600.3921742735024,572.6249545466391,575.4385986328125,17602800,198.4199981689453,199.25999450683594,191.8800048828125,192.72000122070312,52548200,111.46977019973694,112.84952470784617,109.05021109179135,109.65010070800781,229872500,220.7080664246457,222.8387793372666,216.73537546649092,216.9544219970703,39818600,161.914617985198,163.36063733153796,154.91288174399585,155.63189697265625,34866500
2025-03-31,370.5534967757106,375.0593400396717,365.28173999012597,373.3883056640625,35184700,562.2284810192266,577.3941949049992,552.0514847999954,575.0594482421875,21124700,188.19000244140625,191.3300018310547,184.39999389648438,190.25999450683594,63547600,105.11091847763528,110.93986229194257,103.63119133667838,108.3603286743164,299212700,216.0682695484103,224.6409066608951,215.29165561007284,221.1660614013672,65299300,154.38533444093966,156.69897769591987,151.79247569514342,155.8014373779297,33591600
2025-04-01,372.65223585591366,380.80852287787553,371.2398247656492,380.15203857421875,19689500,569.551909131586,588.5788235121404,568.7137778220323,584.6776733398438,12836600,187.86000061035156,193.92999267578125,187.1999969482422,192.1699981689453,41267300,108.50029591126088,110.17999122900144,106.45067264528599,110.1300048828125,222614000,218.85614379144315,222.70934527111467,217.95008904171658,222.2214813232422,36412700,154.87400177182084,159.64088860290096,154.82912703672736,158.44418334960938,20111400
2025-04-02,375.95454781806535,383.0266205201498,374.6117403662579,380.1023254394531,16092600,573.612639602056,591.3225852084037,572.0661494891557,582.6123046875,13470800,187.66000366210938,198.33999633789062,187.66000366210938,196.00999450683594,53679200,107.2705266243207,111.95967777974947,106.77061737970816,110.39995574951172,220601200,220.35960203797094,224.2128035366635,220.06090083198967,222.91844177246094,35905900,156.5294429126843,159.83533661020232,156.10061455152714,158.42422485351562,17113300
2025-04-03,372.79148704012755,375.4671453752222,367.38049274092737,371.12042236328125,30198000,544.9873786131755,551.3130986556911,529.1033205063213,530.4203491210938,34777500,183.0,184.1300048828125,176.9199981689453,178.41000366210938,95553600,103.49121334940355,105.61082365222038,101.58155638472346,101.78152465820312,338769400,204.64803566499702,206.58958563447752,200.37665915579902,202.30824279785156,103419000,152.41575845146545,154.2626679250501,151.7625412104826,152.21131896972656,28416100
2025-04-04,362.1883672134991,372.5925832225619,357.5631683165765,357.9212341308594,49209900,505.4767837476822,516.8311091249631,493.0848271014097,503.591064453125,38589800,167.14999389648438,178.13999938964844,166.0,171.0,123159400,98.89205625014841,100.11182847125419,92.09328707213024,94.29288482666016,532273800,193.0486144227304,199.01262630823254,186.52703508606032,187.56253051757812,125910900,149.488795280342,152.67004705701973,147.13526851271615,147.33473205566406,39832200
2025-04-07,349.00902084094025,369.021730877009,342.9514979578054,355.9517822265625,50425000,484.00537900420284,538.1529079067506,480.81258761769493,515.0850830078125,36606100,162.0,183.41000366210938,161.3800048828125,175.25999450683594,109327100,87.444123819458,101.73153089146867,86.60427995314998,97.62227630615234,611041300,176.43103817745248,193.30748067285785,173.86223225537526,180.6725616455078,160466300,142.9966537424444,154.5049906637876,142.26866053002584,148.8306121826172,47823000
2025-04-08,366.2963320079612,371.65757505461033,348.38235725741856,352.66937255859375,35868900,542.0240972727826,546.1946573403337,501.7252270865814,509.2981262207031,28034200,185.22999572753906,185.89999389648438,168.57000732421875,170.66000366210938,87710400,103.79115551332612,105.83078615825814,94.44285411172834,96.28252410888672,476243400,185.88979780340043,189.51400113284038,168.4757067407598,171.67176818847656,120859500,153.15374057783458,154.01637336006476,144.81169552004857,146.1779327392578,35304400
2025-04-09,351.6547953803853,391.1331552543464,351.21713920354574,388.4077453613281,50199700,508.1207792653783,586.563392325636,500.9769327422793,584.4481811523438,39216600,172.1199951171875,192.64999389648438,169.92999267578125,191.10000610351562,116804300,98.87204993981901,115.07910675948129,97.51229618216108,114.30924987792969,612918300,171.20381523449285,199.7394480269994,171.14407803694525,197.98709106445312,184395900,145.92860463972767,161.42597023789327,145.41002678872394,160.61819458007812,46479500
2025-04-10,380.02273387837465,381.85291877896515,365.838762955237,379.3165283203125,38024400,574.1913720884271,579.9882591353082,534.0920601322453,545.0572509765625,28173500,185.44000244140625,186.8699951171875,175.85000610351562,181.22000122070312,68302000,109.35015243101728,110.83987986480561,99.13200610877084,107.55047607421875,437812400,188.24954112448538,193.93475416517637,182.20587449762067,189.5936737060547,121880000,158.32450221012635,159.5910227518202,151.78249928810382,154.9438018798828,35270500
2025-04-11,378.61034006862997,387.9701367142302,376.86967153767677,386.3786926269531,23839200,534.3015744722139,546.1647580379857,527.3972072394978,542.3433837890625,17642300,179.92999267578125,185.86000061035156,178.0,184.8699951171875,50594300,108.4803070767672,111.52975654810143,107.46049556472005,110.90986633300781,313417300,185.2924188893916,198.67408279715283,185.2525839628914,197.2901153564453,87435900,155.15823077671178,159.42149819282994,155.15823077671178,158.96275329589844,22582000
2025-04-14,391.1232211496066,392.54558862795363,382.1612557582716,385.7420654296875,19251200,554.9149903570471,556.5114165099282,527.0879701726936,530.2807006835938,14130900,186.83999633789062,187.44000244140625,179.22999572753906,182.1199951171875,48002500,114.08928762467488,114.26925525660798,109.05020155855789,110.68990325927734,264705000,210.52246440005902,212.01595519155484,200.28707539108044,201.64117431640625,101352900,161.8647612161283,163.5800442613397,159.48131788958594,161.02706909179688,18255900
2025-04-15,386.43836227942796,389.80034400082167,382.1115516637576,383.6731872558594,17199900,530.9092077902969,536.7260686645161,516.332191830521,520.3431396484375,15558700,181.41000366210938,182.35000610351562,177.92999267578125,179.58999633789062,43642000,110.94986159507806,113.59938217981927,110.4799456735416,112.17963409423828,228966900,200.98401841430368,202.62685207462172,198.93296032454862,201.26280212402344,51343900,161.12680756053086,161.60548662047464,157.2125711136264,158.24472045898438,15690800
2025-04-16,378.6401657518634,379.5751254610235,366.0377126687907,369.6284484863281,21967800,507.36253528750194,512.2115538752881,494.5115946838527,501.176513671875,18735100,176.2899932861328,179.10000610351562,171.41000366210938,174.3300018310547,51875300,104.53103311878802,106.77062454919468,100.4317709352981,104.47103881835938,397016900,197.49920369317184,199.8290454554037,191.53519224238798,193.4269561767578,59732400,155.0435088076943,157.7460660903544,153.48779070570203,155.07342529296875,16921500
2025-04-17,371.75704543823275,372.3240133010547,364.9336397230584,365.8188781738281,21120200,504.1099012067369,506.1552631934533,496.8862480413959,500.3484191894531,14593500,176.0,176.2100067138672,172.0,172.61000061035156,44726500,104.43104243972901,104.45104308202083,100.03184700877077,101.4715805053711,292517500,196.34424488667963,197.9671763411939,193.5763099497932,196.1251983642578,52164700,156.1804006573908,156.63914551785228,150.48605717451858,152.93931579589844,19513400
2025-04-21,360.88533011613976,362.5364820854384,353.7734623702264,357.2050476074219,20807300,490.22127698998224,492.38639367876976,478.71729620364266,483.56634521484375,16166000,169.60000610351562,169.60000610351562,165.2899932861328,167.32000732421875,48126100,98.75207336541831,99.42195758129023,95.02275450080649,96.89241790771484,288501100,192.43130060162235,192.958999427942,188.98630873883343,192.32177734375,46742500,150.5508781432317,150.6456187622393,147.99291186389016,149.44891357421875,16147800
2025-04-22,361.44235434917846,365.80892977570767,357.94110461161955,364.864013671875,19485000,490.7600664511802,505.7362053967078,485.26249029169,499.1510925292969,17399400,169.85000610351562,176.77999877929688,169.35000610351562,173.17999267578125,56607200,98.76207440379943,99.79188628205247,97.26234659010818,98.87205505371094,241004800,195.26894368988752,200.715208155226,195.1196006832811,198.8732452392578,52976400,150.6556053772964,154.18588806543661,150.45614182614645,153.4778289794922,15910300
2025-04-23,374.05469360875344,378.36162129682754,371.0308956184831,372.39361572265625,20545500,527.3373790061787,534.1320095182137,515.3544703338583,519.0960083007812,18173900,183.4499969482422,187.3800048828125,180.19000244140625,180.60000610351562,63470100,104.5010295750129,104.78098517141211,102.00148324580945,102.69136047363281,247526000,205.10606155750318,207.09738254349836,201.9199510184256,203.71214294433594,52929200,157.47685003131366,159.5810628232613,155.92113161014544,157.28736877441406,18575700
2025-04-24,373.69665118177875,386.3786638188774,373.1893609627435,385.2347717285156,22232300,517.5594556288198,532.6952680588365,516.3322506362241,531.9469604492188,13910000,180.9199981689453,186.74000549316406,180.17999267578125,186.5399932861328,43763200,103.46121375263034,106.52065568558213,103.09127819009328,106.41067504882812,220815000,204.00088023313933,207.92378505310097,202.0593452871763,207.4657745361328,47311000,158.0901402859029,161.26641622029112,157.65633597926455,161.02706909179688,30787500
2025-04-25,384.93638434344297,390.068873110604,382.54918803088736,389.7605285644531,18973200,545.5660631286188,548.6191554082354,535.0398827431792,546.0350341796875,17098900,187.6199951171875,189.94000244140625,185.49000549316406,188.99000549316406,36414300,106.83061166162848,111.89969145813895,105.71081975581805,110.98986053466797,251064700,205.47445049920006,208.8397878176709,205.30519003897632,208.371826171875,38222300,166.64164358154204,167.77851590370872,162.55288397155766,163.4005584716797,35148100
2025-04-28,389.86991018310994,390.6457497092271,384.5783015368256,389.0741882324219,16579400,554.3861611423933,557.2297054926632,539.3701350502788,548.4994506835938,15179000,190.11000061035156,190.22000122070312,184.88999938964844,187.6999969482422,33224700,109.67009093365705,110.3499678015911,106.00075133412535,108.71026611328125,207708500,209.08871177088434,210.5822025692478,206.55974070372147,209.2281036376953,38743100,163.80940575078378,164.4975154163947,159.9400594955455,161.97445678710938,20871200
2025-04-29,389.21346312193106,392.9932186361511,388.29838582664536,391.9388732910156,14974000,544.7678861992229,555.3140410474371,542.8921237705526,553.1888427734375,11835000,183.99000549316406,188.02000427246094,183.67999267578125,187.38999938964844,41667300,107.65046012276234,110.1799998026459,107.42050613077843,109.00021362304688,170444300,207.78438836336602,211.31898611202763,207.46576971677675,210.29345703125,36827600,161.60047449610482,162.23372707882336,158.9527589395059,161.6154327392578,15955200
2025-04-30,388.21877036685504,394.54487238441686,382.39003252749313,393.15234375,36461100,537.1851129255415,547.8609194224242,528.305171612182,547.7611694335938,29244000,182.1699981689453,185.0500030517578,178.85000610351562,184.4199981689453,55176500,104.45104108413872,108.90023040771484,104.06111247501677,108.90023040771484,235044600,208.39173986928208,212.65316547487808,205.7731479657814,211.57785034179688,52286500,159.4214808354622,160.93132003878804,156.7238992270367,160.4486541748047,20639500
2025-05-01,428.81116623183453,434.65981700987567,422.6342884776108,423.1316223144531,58938100,590.7439814787114,591.6120134415539,569.2126599544815,570.9188232421875,31159000,190.6300048828125,191.80999755859375,187.5,190.1999969482422,74266000,113.05947899879722,114.9191420385801,111.27980327057723,111.5897445678711,236121500,208.1726964341785,213.62891164873253,207.99346964638974,212.39430236816406,57365700,162.07419641613544,163.49029939480852,160.4885463727588,162.34344482421875,21904300
2025-05-02,429.4378217113229,437.09677511877317,427.6971532418887,432.9589538574219,30757400,582.1434519633877,602.976341384666,577.025022870384,595.6728515625,24739300,191.44000244140625,192.8800048828125,186.39999389648438,189.97999572753906,77903500,114.15928352450368,115.37906338859757,113.34943293159324,114.4792251586914,190194800,205.19567188008233,206.0917754590827,201.2827333487594,204.45889282226562,101010600,164.50251318845105,166.24272160342787,163.2110673335134,165.35516357421875,16844900
2025-05-05,430.5617862640975,437.15643772408293,429.80582912695047,433.8442077636719,20136100,589.8858412822701,601.8488361583287,586.7230116613694,597.917724609375,13887700,186.50999450683594,188.17999267578125,185.52999877929688,186.35000610351562,35217500,112.88951601094917,114.64919116473993,112.63956137373921,113.79934692382812,133163200,202.21865389928206,203.21431440062256,197.34987465543003,198.02691650390625,69018500,164.06371993062646,166.64163573828003,164.01884519571095,165.59451293945312,15309300
2025-05-06,429.8953841273505,435.39589519237757,428.8708776295015,430.99945068359375,15104200,591.1929324469492,594.685034384837,585.256346973055,585.9846801757812,10600700,184.57000732421875,187.92999267578125,183.85000610351562,185.00999450683594,29314100,111.45977773347964,114.71918078517231,110.79989381468877,113.51940155029297,158525600,197.34988881133353,199.77928784710326,196.16505029893813,197.64857482910156,51216500,163.51025257901807,166.2826256209725,162.6825275029046,164.74684143066406,10691900
2025-05-07,431.5266230555768,435.7837995157977,428.8111693588705,431.03924560546875,23295300,589.0277995025451,601.7191276587725,585.3461237925522,595.4632568359375,13139100,185.55999755859375,190.99000549316406,185.00999450683594,188.7100067138672,43948600,113.02949042053457,117.65864757290291,112.25962586336117,117.03875732421875,206758800,198.30570335142838,198.574535944944,192.41139491378883,195.39837646484375,68536700,165.61446287344089,166.53193740752073,149.07994142713306,152.380859375,78729800
2025-05-08,435.5948162408885,441.30422944958144,433.3369315017373,435.83355712890625,23491300,604.9218677784463,609.9205723172726,595.2737054544873,596.6605834960938,14622800,191.42999267578125,194.3300018310547,188.82000732421875,192.0800018310547,41043600,118.22854670795566,118.658469001105,115.82898059800607,117.34870910644531,198428100,196.86199326420865,199.18188402861682,193.83517686729027,196.63299560546875,50478900,155.49230101963664,156.97821934560366,153.67730129276063,155.32276916503906,38387500
2025-05-09,437.6537809958818,438.38982536855053,433.55575499424157,436.39056396484375,15324200,602.3576547482705,605.6003210056944,590.3748069015998,591.1530151367188,10427300,193.3800048828125,194.69000244140625,191.16000366210938,193.05999755859375,29663100,117.32869985728382,118.20854502226882,115.18908887008638,116.62882995605469,132972200,198.1364339272832,199.6697443694255,196.6827629534363,197.66847229003906,36453900,155.12330110234345,156.0008767547779,153.4080181578182,153.95651245117188,22871000
2025-05-12,443.5620761346614,446.97377874951286,437.4349200185842,446.8643798828125,22821900,629.4963146177121,638.944977269137,619.628677643235,637.9871215820312,21965100,210.7100067138672,211.66000366210938,205.75,208.63999938964844,75205000,121.94787211512306,122.9776840209961,120.25817629208265,122.9776840209961,225023300,210.32995926202443,210.6290521628615,206.1227607044075,210.15049743652344,63775800,158.66356342699288,159.99988389080556,157.45687600004305,159.14224243164062,31884900
2025-05-13,445.392292323668,448.2668964878236,442.9851831830833,446.74505615234375,23618800,644.083302386897,659.4286019389394,641.3794565378789,654.5496826171875,18570800,211.0800018310547,214.83999633789062,210.10000610351562,211.3699951171875,56193700,124.95732666651305,131.19619232916256,124.44741706637032,129.9064178466797,330430100,209.79158118866218,212.75257189298435,208.36592688565332,212.28399658203125,51909300,159.48131381182282,161.6154428646326,157.147736432167,160.4486541748047,24944300
2025-05-14,445.75038756339603,451.4796527444761,445.75038756339603,450.5247802734375,19902800,659.7179933381154,661.1746598556101,652.8335389149222,657.8721313476562,12348200,211.4499969482422,211.92999267578125,208.85000610351562,210.25,38492100,133.17581874633882,135.4154176381041,131.65609038206884,135.3154296875,281180800,211.78550901932945,213.29093762104833,209.94113079478424,211.68582153320312,49325800,160.8675041761217,167.87821879457485,160.48854169395702,166.3524169921875,31769200
2025-05-15,449.1894577663049,454.5904670438241,448.8506535548848,451.54119873046875,21992300,652.8035572955781,655.8266880212221,637.1389743044876,642.427001953125,14341800,206.4499969482422,206.8800048828125,202.6699981689453,205.1699981689453,64347300,134.2656162138544,136.2752611112406,132.6359224746836,134.80552673339844,226632600,210.31001909194578,212.31393091132972,208.90429308394448,210.80850219726562,45029500,166.68150616819955,167.05048632634782,163.39055558165364,164.94627380371094,22717600
2025-05-16,450.4649981824022,452.7668963665248,447.1566619661563,452.6772155761719,23849800,636.5204462352993,638.9948305544648,624.7370982869602,638.8950805664062,18519000,206.85000610351562,206.85000610351562,204.3699951171875,205.58999633789062,43318500,136.19528579014883,136.32526708518697,133.43579205010155,135.37542724609375,226542500,211.71573318604425,211.92510277199543,209.1335944967917,210.6190643310547,54737900,168.46660375995745,170.18188687531853,166.4920393241564,166.97071838378906,36271400
2025-05-19,449.29907263869796,457.9785240250479,449.2193361148497,457.26104736328125,21336500,626.8323547421304,641.5490713874889,626.3833579870233,638.98486328125,9592400,201.64999389648438,206.6199951171875,201.25999450683594,206.16000366210938,34314800,132.36596428610483,135.84532822832756,132.36596428610483,135.54539489746094,193154600,207.27923550566183,208.84446444770495,203.64029993754312,208.14659118652344,46140500,165.26042792162292,167.48929776101073,164.9612478002886,167.40951538085938,21374700
2025-05-20,453.9925667897047,456.73292449884485,452.72703072274504,456.56353759765625,15441800,634.5748472134089,637.9072763695222,630.8333091235804,635.662353515625,6743500,204.6300048828125,205.58999633789062,202.64999389648438,204.07000732421875,29470400,134.26561082544316,134.55556671475182,132.59591587093482,134.35560607910156,161514200,207.03996203611737,207.83753801206538,204.40797196423648,206.232421875,42496600,167.2998101390324,169.2145415389476,163.809411029233,164.86651611328125,33563300
2025-05-21,452.97614166677727,456.17487788050977,450.2258093649285,450.983154296875,19216900,630.3643287848374,645.1508944069866,628.7479892254967,634.0659790039062,11464600,201.61000061035156,203.4600067138672,200.05999755859375,201.1199951171875,42460900,133.0358430493297,137.3750515435132,130.56629021032253,131.7760772705078,270608700,204.5475404614086,206.41186226922272,200.10108001028593,201.4768829345703,59211800,164.49750769501136,174.05122975671364,164.43767472114624,169.59349060058594,45567600
2025-05-22,453.3548479183862,458.63625267798704,452.30851122486644,453.26513671875,18025600,632.6192119816805,641.7984637515493,629.2867830155565,635.133544921875,8228400,201.3800048828125,205.75999450683594,200.16000366210938,203.10000610351562,38938900,132.20599574301846,134.22563338103308,131.52612648714359,132.80589294433594,187344000,200.1010626250374,202.13486667390606,199.09411717835945,200.74908447265625,46742400,172.87447668494502,177.64136309066095,171.4085079349726,171.5082244873047,45024100
2025-05-23,448.40228199038245,452.0992653985463,447.3360263474386,448.6015625,16883500,622.5919269408028,631.0228714642786,621.2449976116812,625.64501953125,8454100,198.89999389648438,202.3699951171875,197.85000610351562,200.99000549316406,33393500,129.97641506418768,132.65592152877483,129.13657112060253,131.26617431640625,198821300,193.082445017036,197.1002176461426,192.8730906309023,194.67759704589844,78432900,169.81288072069805,170.73534627167578,168.7956745596943,169.12477111816406,24963600
2025-05-27,454.87944662996904,459.3337746022176,454.52069309116933,459.0746765136719,20974300,633.9761638539012,641.6289002643415,631.3221929667607,640.87060546875,9508400,203.08999633789062,206.69000244140625,202.19000244140625,206.02000427246094,34892000,134.1256417936587,135.63537744884945,133.2857979393918,135.47540283203125,192953600,197.6983910952664,200.1309909415137,196.83102019804124,199.60260009765625,56288500,170.83010546531364,173.81189377809147,170.74035599876692,173.50274658203125,24341300
2025-05-28,459.60285995745147,460.89828970025724,455.3278931492698,455.7563781738281,17086300,641.1499165908115,649.4112615873161,641.1000415977985,642.1277465820312,9042900,205.9199981689453,207.66000366210938,204.41000366210938,204.72000122070312,28549800,136.00531758419635,137.22509744866613,134.76553707682788,134.78553771972656,304021100,199.98143310081724,202.11494001836002,199.2935240345892,199.81195068359375,45339700,173.50273337610258,175.99587536996458,172.54038421853534,172.90438842773438,25999200
2025-05-29,459.93167902845283,460.10109634693043,453.71356774793736,457.0717468261719,13974800,650.1796265711708,651.8458412941458,638.0570177467964,643.594482421875,8858800,208.02999877929688,208.80999755859375,204.22999572753906,205.6999969482422,34650000,142.22419152756274,143.46397204605128,137.88498259688382,139.1647491455078,369241900,202.9623758748587,203.19167383577107,197.90775006205254,199.3433837890625,51396800,174.51994718708875,174.91884383674366,171.30877894149177,172.4855499267578,21174700
2025-05-30,458.1080789456966,460.06119805700706,453.942742633105,458.7458190917969,34770500,641.0502003303773,647.9445811375045,631.3521627172354,646.0289306640625,16241000,204.83999633789062,205.99000549316406,201.6999969482422,205.00999450683594,51679400,138.6948289010735,139.59465948344436,132.8958783257386,135.10548400878906,333170900,198.7651407343476,201.3472946799051,196.18300200128658,200.24066162109375,70819900,171.93705903868528,172.96423238805087,168.0627063952781,172.3758544921875,36258300
2025-06-02,455.53716828611505,460.48971303831235,455.2880448481698,460.3502197265625,16626500,642.9358610362322,671.7407070872802,642.8061495270997,669.3860473632812,15766300,204.97999572753906,207.0,202.67999267578125,206.64999389648438,29113300,135.46541564458173,138.09492795630163,135.37542038395227,137.35507202148438,197663100,199.67238359256916,201.51677709467234,199.51286535414474,201.08807373046875,35423300,168.54637896709238,170.59275202237717,168.18736588341204,169.90264892578125,24742900
2025-06-03,459.85196958801225,462.5126212670428,459.24409259023946,461.3467102050781,15743800,669.9348713872049,674.0555568287034,663.5293753010757,665.34521484375,11585000,207.11000061035156,208.9499969482422,205.02999877929688,205.7100067138672,33139100,138.75480693174418,141.97422364617418,137.9249557656252,141.19436645507812,225578800,200.73913195165156,203.1517881077627,200.35031577799097,202.65330505371094,46381600,168.40178467639365,169.33421740320648,166.2227656610953,167.2499542236328,25386700
2025-06-04,462.3730793208357,464.05715611586317,461.3965045417047,462.2435302734375,14162700,667.8096780088563,687.4452625248051,667.0613703936261,686.3976440429688,14031900,206.5500030517578,208.17999267578125,205.17999267578125,207.22999572753906,29915600,142.1641966028205,142.36415725393297,139.5146683935161,141.8942413330078,167120800,202.29440469878628,205.6143037964219,201.48686455307688,202.20468139648438,43604000,167.8183830228989,169.11481998304504,167.3347128375843,168.9253387451172,18508700
2025-06-05,463.3296970825432,468.00325491639626,462.4029652503908,466.0401611328125,20131700,690.0992264315821,692.8131203553888,680.7104871089064,683.0751342773438,13083100,209.5500030517578,212.80999755859375,207.55999755859375,207.91000366210938,51864200,142.14419665233672,143.97386636815438,138.80480646885346,139.964599609375,231397900,202.88261988754903,204.12882762641604,199.54277706238673,200.02133178710938,55126100,171.14922506717411,171.88720065454083,168.88546285033186,169.3441925048828,25375400
2025-06-06,468.4417212017894,471.6803257365932,467.1363168836836,468.730712890625,15285600,694.5989952947568,701.2240259866394,690.3087109186762,696.1355590820312,11728000,212.39999389648438,213.8699951171875,210.5,213.57000732421875,39832500,142.4841247816278,143.24399658328852,141.4843063108272,141.69427490234375,153986200,202.3841235560851,205.07592905349443,201.4370087789868,203.30133056640625,46607700,171.8273621519075,175.347677694002,171.8273621519075,174.44017028808594,22258100
2025-06-09,468.05311353771793,471.77001565920176,466.9768832876908,471.0924072265625,16469900,696.883869686411,703.5986632099265,692.3740500791279,692.4937744140625,12773200,214.75,217.85000610351562,212.8800048828125,216.97999572753906,38102500,143.16402192873528,144.97369107987248,141.91424872977086,142.6041259765625,185114500,203.76991971327615,205.37503589356555,199.4131823149893,200.83883666992188,72862600,175.59837556705574,177.6402153718793,175.38870842986094,177.3556671142578,18817600
2025-06-10,469.53787169847936,471.14221196784314,465.3226923748716,469.2688293457031,15375900,699.7673231326536,701.6430856337115,689.9994369756769,700.8150024414062,10850100,216.77999877929688,217.69000244140625,214.14999389648438,217.61000061035156,31303300,142.66410985007164,144.26381035974757,141.50431668274294,143.9338836669922,155881900,199.9914028593682,203.73002568042446,199.96149509379936,202.05511474609375,54672600,177.48545436637687,182.16323144952992,176.20245055412113,179.7319793701172,32908000
2025-06-11,468.37197033665615,473.80287330978865,468.01324719222674,470.9628601074219,16399200,702.1220199077359,707.2703489833287,690.4284357601101,692.5736083984375,9582500,217.41000366210938,218.39999389648438,212.88999938964844,213.1999969482422,39326000,144.59379466225064,144.97375695921582,141.85409623212945,142.81399536132812,167694000,202.88260699920767,203.8795731269679,197.80805305990708,198.1769256591797,60989900,180.9500888768485,181.46929001096765,177.72508182642224,178.51385498046875,18994400
2025-06-12,473.3544415367432,478.73553201697933,471.8597009390277,477.1909484863281,18950600,691.7355479828731,693.8108714889893,685.4497761885773,691.79541015625,7322700,211.77999877929688,213.5800018310547,211.3300018310547,213.24000549316406,27640000,141.9540901919345,144.98374938964844,141.83410852298076,144.98374938964844,162365000,198.47602627663701,199.07419684911244,196.7612432530472,198.5956573486328,43904600,177.20589265380562,177.85489792406833,175.83801337999012,176.69668579101562,17345900
2025-06-13,474.7395752703882,477.4998519181197,471.1023792861798,473.2946472167969,16814500,686.3976556130428,693.00271273635,679.4733132608307,681.3291015625,9274400,209.9600067138672,214.0500030517578,209.6199951171875,212.10000610351562,29337800,142.4640236398758,143.5639064320885,140.83421673860605,141.95408630371094,180820600,199.12405177447246,199.76210952406473,195.1062792678608,195.85400390625,51447300,173.3119321552168,178.06757686527797,173.3019530834781,175.60838317871094,20873200
2025-06-16,473.5437784887318,479.00457509504827,473.3345233196989,477.46002197265625,15626100,698.2888218186604,706.097186349852,692.4774795938313,701.0746459960938,13720300,212.30999755859375,217.05999755859375,211.60000610351562,216.10000610351562,33284200,143.33393622751285,146.16360555156524,143.18394388862185,144.6737823486328,183133700,196.701426450214,198.08720880439395,195.96366601516638,197.81802368164062,43020700,175.63333085081038,177.96971329505277,175.54847065665547,177.66519165039062,18132500
2025-06-17,473.7331030955977,477.06138843382047,472.4177241014044,476.3638610839844,15414100,700.9548121157454,704.9188720421186,695.0236535754563,696.19189453125,10066100,215.1999969482422,217.41000366210938,214.55999755859375,214.82000732421875,32086300,144.4738049491523,145.20371882793046,143.7638778428329,144.1038360595703,139108000,196.6017124403596,197.78810453675544,194.61775963167673,195.04644775390625,38856200,176.72664304480134,178.43899076022245,175.66828253538915,176.95628356933594,17656100
2025-06-18,476.3239856832242,479.313466764918,472.7963894918646,478.5561218261719,17526500,697.1404546983404,700.5454115912661,693.8653700649246,694.7340698242188,10068300,215.08999633789062,217.9600067138672,212.33999633789062,212.52000427246094,44360500,143.9938476821936,145.63366319028128,143.10394808189747,145.46368408203125,161494100,195.34553910938874,196.97059871241268,194.4781834746436,195.9835968017578,45394700,177.00621028898257,177.54937648164295,172.57306491872816,173.7113037109375,32531800
2025-06-20,480.53918652379775,481.76485435953526,475.1979642712812,475.7261047363281,37576200,699.7067372671455,700.7751515856344,677.6595924698036,681.3341064453125,22538600,214.67999267578125,214.88999938964844,208.27000427246094,209.69000244140625,75350700,145.43368901636921,146.1836049259659,142.63399990245927,143.83387756347656,242956200,197.63856158511533,201.08805571006383,196.26274352386682,200.3901824951172,96813500,174.5949374560243,175.09416523737374,166.01321067580938,167.470947265625,55402600
2025-06-23,476.53323466530253,486.0397928967888,470.8532389300749,484.2959289550781,24864000,682.6721183845542,698.009235646563,677.7394706648903,697.4900512695312,11080100,209.7899932861328,210.38999938964844,207.30999755859375,208.47000122070312,37311700,142.48402812138661,144.76377135076248,142.01407957999888,144.15383911132812,154308900,201.01829760639046,201.68626312768808,198.35639970659372,200.88868713378906,55814300,167.0615906478564,168.21978751200217,163.07774750177026,165.75360107421875,36975600
2025-06-24,487.23560408546166,490.1254297173699,485.0931183138473,488.3915100097656,22305600,703.840534417847,712.1281647182683,701.0646441862544,711.1396484375,13823200,212.13999938964844,214.33999633789062,211.0500030517578,212.77000427246094,38378800,145.54367367470394,147.94341367999496,145.4836828445603,147.88340759277344,187566100,201.97536755465325,202.8227948624406,199.59261907789957,199.69232177734375,54064000,167.4260187941308,168.98860418926247,166.65222182620118,167.48094177246094,27310300
2025-06-25,490.314771223071,492.82592441237585,487.6740689863978,490.5439453125,17495100,712.2579843149763,715.5131404309827,704.329803307428,707.6248779296875,9320400,214.6199951171875,216.02999877929688,211.11000061035156,211.99000549316406,31755700,149.25328072295656,154.43269305532343,149.24327207878133,154.29270935058594,269146500,200.83883469818846,203.05210084338043,200.01135094007643,200.94850158691406,39525700,168.38951816341654,173.0922503887219,168.3006663473058,171.2251434326172,23627400
2025-06-26,491.2514824256969,496.29373818928514,491.08206511354325,495.705810546875,21578900,713.296455236712,727.1358060173088,709.9913855606367,725.009033203125,13964800,213.1199951171875,218.0399932861328,212.00999450683594,217.1199951171875,50480800,155.9625083392563,156.70243086817015,153.98273459501658,155.00262451171875,198145700,200.81887060840756,202.0252062612044,198.85486142223453,200.3901824951172,50799100,173.11721450651243,174.3802602003527,170.59612027198173,174.1605987548828,25909100
2025-06-27,495.80545117387857,497.54931522943417,491.30131038962224,494.20111083984375,34539200,725.4383202717177,734.335027558332,724.7792688020234,732.5377197265625,18775700,219.9199981689453,223.3000030517578,216.74000549316406,223.3000030517578,119217100,156.02250005395288,158.69221415352254,155.24258871826237,157.73231506347656,263234500,201.2774955925489,202.60346239871808,199.39323017588663,200.46995544433594,73188600,174.3602970998626,178.56378642226113,172.4432642772778,177.9946746826172,74053100
2025-06-30,495.2972567719388,499.0042146991214,493.5932305818623,495.66595458984375,28369000,743.4414316060685,746.7864803769392,733.1567794055785,736.9910888671875,15402100,223.52000427246094,223.82000732421875,219.1199951171875,219.38999938964844,58887800,158.38224776867892,158.6422284044636,155.94253394670602,157.97230529785156,194580300,201.39712965217615,206.7608124915243,198.6554726965608,204.54754638671875,91912800,180.50578866003735,181.29955898701076,175.2289474687003,177.11602783203125,43964600
2025-07-01,494.7292533047111,496.30370004913976,489.2585123483102,490.3247375488281,19945400,735.7829112020786,736.6516110389775,714.3049263192432,718.149169921875,13431200,219.5,221.8800048828125,217.92999267578125,220.4600067138672,39256800,156.27249233706732,157.18239409932116,151.47304203431221,153.2828369140625,213143600,206.04299395149746,209.55231908550664,205.51460310500556,207.18951416015625,78788900,176.5319309802097,176.94629857639345,174.39025473688548,176.63677978515625,25778500
2025-07-02,488.2719538404123,491.76965656989233,486.98649882219644,489.36810302734375,16319600,714.2650188208597,719.227590127805,711.7387562844411,712.5076293945312,9336700,219.72999572753906,221.60000610351562,219.05999755859375,219.9199981689453,30894200,152.962850389823,157.58234297497486,152.95285700312823,157.2323760986328,171224100,208.2761972389462,212.69274987948137,207.5085290616707,211.7954864501953,67941800,176.27234494873161,179.65710887852734,175.8180458150953,179.4823760986328,19325900
2025-07-03,492.07857999859937,498.3764278450543,491.7098821739863,497.0909423828125,13984800,725.5281745483136,727.9446154194361,713.3563211505465,717.9395141601562,8601700,221.82000732421875,224.00999450683594,221.36000061035156,223.41000366210938,29632400,158.35225101493015,160.96195919540767,157.7523273944205,159.3221435546875,143716100,211.5063683517463,213.9987837940836,211.16740350258758,212.90213012695312,34955800,179.54228041184373,180.49081011668443,177.91479302544332,180.27114868164062,13287400
2025-07-07,495.6360493014733,497.0012408266234,493.4935938943106,495.974853515625,13981600,716.5315731843128,725.9176023238477,712.4476967305745,717.2804565429688,9457100,223.0,224.2899932861328,222.3699951171875,223.47000122070312,36604100,158.18227071828886,159.29214695363126,157.3223664705724,158.22227478027344,140139000,212.03474730839852,215.57398008038285,208.16652910348648,209.3130340576172,50229000,179.85678661869872,180.061471836501,176.3671893155965,177.2857666015625,20991400
2025-07-08,495.4965138505155,496.4531696907806,492.3774837277821,494.8786926269531,11846600,720.4957303517299,721.8337012243448,713.7457849218606,719.5970458984375,7770700,223.9199981689453,224.0,218.42999267578125,219.36000061035156,45692000,159.31214783171163,160.20204749093682,158.3722507239072,159.98207092285156,138133000,209.46260228799343,210.78855393169587,207.8175989494771,209.37286376953125,42848900,178.50388486434102,178.51386393532042,173.65139020434393,174.8894805908203,24108600
2025-07-09,498.54580110123976,505.003091421344,497.98776704512187,501.74456787109375,18659500,721.6439452565418,736.4319538163115,721.6439452565418,731.6890258789062,11418000,221.07000732421875,224.2899932861328,220.47000122070312,222.5399932861328,38155100,161.20193770023792,164.40157611225678,161.14194686393122,162.86175537109375,183656400,208.8943192909964,210.6888614301138,206.59132988433592,210.4994354248047,48749400,175.8380260632261,180.00158431757495,173.61147421778338,177.38563537597656,31288000
2025-07-10,501.2861517097084,502.67129257213526,496.0047471787155,499.7216796875,16492100,730.4608071076664,734.704479422628,718.5285868802704,726.1572265625,9913600,221.5500030517578,222.7899932861328,219.6999969482422,222.25999450683594,30370600,164.30159583301895,164.48156834124046,161.5918927660757,164.0816192626953,167704100,209.87133445003573,212.83232507172787,209.39279496736208,211.7655792236328,44443600,176.397147597673,179.31263609787564,175.46859121008725,178.42401123046875,24693700
2025-07-11,496.72223609239006,503.25923259786794,496.054571905536,501.55523681640625,16459500,721.4242720797871,724.0802847988808,708.6433421473682,716.4417114257812,10873900,223.5800018310547,226.67999267578125,222.3699951171875,225.02000427246094,50518300,163.70165728031435,167.87118822352508,163.4516852914618,164.90151977539062,193633300,209.93115706069412,211.48642172848318,209.22330444266433,210.5193634033203,39765800,177.6352405535543,182.32797885559833,177.26680714406226,181.0299835205078,23975700
2025-07-14,499.7615155353931,502.2029372942231,499.273243347857,501.2562561035156,12058800,716.5316151789124,726.9161560719408,715.4831906042045,719.8466796875,8939400,225.07000732421875,226.66000366210938,224.24000549316406,225.69000244140625,35702600,165.35146259057728,165.4714595173457,162.00184716942397,164.05162048339844,136975800,209.29309904361602,210.27013683517245,206.91035052542594,207.98707580566406,38840100,181.78880160062218,184.4446816723468,180.4318917901642,182.52764892578125,20990400
2025-07-15,501.2562471634966,506.51773265302506,501.027073076573,504.04644775390625,14927200,722.82223154618,723.3913292594382,708.7631777682402,709.3323364257812,11529500,226.1999969482422,227.27000427246094,225.4600067138672,226.35000610351562,34907300,171.17081299302788,172.38066881478494,169.18103056842588,170.6808624267578,230627400,208.5852680860029,211.2471659954246,208.2861751856472,208.47560119628906,42296300,183.6559139606627,185.12364481924809,182.10830483087008,182.8172149658203,23911600
2025-07-16,503.40867779230757,504.94328659833275,500.13023542973804,503.8471374511719,15154400,712.3079132030501,712.9069955313189,698.2289299901618,701.8634643554688,13067600,225.8800048828125,226.10000610351562,222.17999267578125,223.19000244140625,39535900,171.04083672550954,171.73076187811773,168.88107501049606,171.35079956054688,158831500,209.66198981724762,211.7556096589697,208.0070223143888,209.5224151611328,47490500,184.0353291212338,185.04876086661793,182.79723878931895,183.48617553710938,21152600
2025-07-17,503.9069415603956,511.5699807689203,503.84715436950415,509.9058532714844,17503100,703.3412662167694,704.8490277671435,696.0720759709156,700.3656616210938,11803300,223.32000732421875,224.5,222.50999450683594,223.8800048828125,31855800,172.00073538495315,174.1404950617398,170.81086624213197,172.98062133789062,160841100,209.93116216460888,211.15742622671814,208.95412441878605,209.38282775878906,48068100,182.8322055265823,184.90099654275474,181.21969422278445,184.4147491455078,21654400
2025-07-18,512.6760872301095,512.8355602906365,505.6508184267905,508.2616271972656,21209700,701.1445302429636,703.6607977835126,690.6202449112741,703.2314453125,12779800,225.13999938964844,226.39999389648438,222.97999572753906,226.1300048828125,37833800,173.62054394819432,174.23047621121117,171.24080573231237,172.39068603515625,146456400,210.23024956462245,211.1474566075158,209.06380098140497,210.539306640625,48974600,186.3317745092629,187.0706371193561,184.4446940821443,185.65283203125,21033400
2025-07-21,504.9333159392007,510.29448733980524,503.77737959397786,508.2715759277344,14066800,705.7477111980942,715.9325377312456,704.7092814794039,711.9085083007812,9404400,225.83999633789062,229.69000244140625,225.64999389648438,229.3000030517578,40297600,172.73065099594356,173.36058531454748,170.9808470061149,171.36080932617188,123126100,211.45652088357517,215.12534891613055,210.98794558852114,211.83535766601562,51377400,186.8110491071922,190.96461283004993,186.7611232800799,190.8547821044922,24665000
2025-07-22,509.1784090675831,509.40761357627605,503.4983825683594,503.4983825683594,13868600,715.1237435600664,715.5331063393245,700.3657186718685,703.7606811523438,8921100,229.67999267578125,230.0,226.35000610351562,227.47000122070312,37483700,171.32080634495316,171.37080379639445,164.5615689540832,167.01129150390625,193114300,212.49337032996837,214.29787667610697,211.5861274580158,213.74954223632812,46404100,192.12281223527594,193.0613628759034,188.20387121297293,191.81329345703125,26212900
2025-07-23,504.97320231513,505.01307057965715,498.9444273574923,504.0962829589844,16396600,705.3183514682154,713.5660637312985,703.8804929024444,712.5176391601562,8771600,228.47000122070312,228.7899932861328,227.08999633789062,228.2899932861328,28294900,169.511004310231,171.24080620570157,167.95118153678195,170.7608642578125,154082200,214.3477325289176,214.49727137359017,211.76559372759175,213.50030517578125,46989300,192.06291145675814,193.06136701325298,189.88627042128354,191.21421813964844,34068100
2025-07-24,506.98609704492156,511.86891017220256,505.5212500656798,509.0887145996094,16107000,715.9823677348465,722.5425929354744,712.9369210871259,713.7357177734375,10920800,229.1699981689453,236.0,228.63999938964844,232.22999572753906,42902300,172.42067791171223,173.81052153075,171.28080627636527,173.7205352783203,128984600,213.25104009789538,215.0356179140754,212.88216751340357,213.11146545410156,46022600,197.80403178883356,198.6627041806578,191.6535418769399,192.901611328125,45252100
2025-07-25,510.67314061143924,516.4727417364818,508.57055332296227,511.9088439941406,19125700,715.8526352732038,719.5771235060619,710.8401504714777,711.6189575195312,8271700,232.22000122070312,232.47999572753906,231.17999267578125,231.44000244140625,28712100,173.59054858813744,174.70042482917586,172.9406275198062,173.48056030273438,122316800,214.04862920984866,214.58699944946258,212.7525701732737,213.2311248779297,40268800,192.63202513607754,194.97340465838818,191.83327287103867,193.78025817871094,31101800
2025-07-28,512.2775105607909,513.1942677567645,508.3313735189307,510.7030334472656,14308000,714.1352096135126,723.6609843506268,711.6189419324959,716.5615844726562,8715700,233.35000610351562,234.2899932861328,232.25,232.7899932861328,26300100,174.00050427681666,176.98016607778243,173.9505068282037,176.73019409179688,140023500,213.38067592321022,214.1981955143971,212.41361748607306,213.40061950683594,37858000,194.10975336639692,194.51912381149856,191.5586914318958,193.12127685546875,25553500
2025-07-29,513.7224399565682,515.8050777848653,509.7663282358281,510.7727966308594,16469200,718.9280482700893,723.3913639831756,698.8679318855118,698.9578247070312,13267000,234.14999389648438,234.72000122070312,230.30999755859375,231.00999450683594,33716200,177.94006357342778,179.35990260986108,175.00039060425894,175.49032592773438,154077500,213.53020352524888,214.1582970701604,210.18041185237743,210.62904357910156,51411700,193.0014619032327,196.35627317873985,192.69194311869856,196.12661743164062,31891600
2025-07-30,513.3636552782116,514.1409495778635,507.6537656967309,511.4404296875,26380400,707.0358168226334,707.4451795959043,690.1709481616012,694.1749877929688,27077300,231.63999938964844,231.8000030517578,229.2899932861328,230.19000244140625,32993300,176.49022309733303,179.869849375745,176.0202745228646,179.2499237060547,174312200,211.25711581327238,211.74563469104578,207.0898047125579,208.415771484375,45512500,195.99683205679682,198.1734578933613,195.257969447984,197.13507080078125,21150500
2025-07-31,553.2831833968122,553.5024436401114,530.0350289229713,531.62939453125,51617300,774.0458414913344,783.5816106103192,764.3702661872821,772.2884521484375,38831100,235.77000427246094,236.52999877929688,231.39999389648438,234.11000061035156,104357300,182.87950237318685,183.2794667127293,175.9102820488597,177.85006713867188,221685400,207.85748415888986,209.20337937318874,206.5315173151756,206.94027709960938,80698400,196.29637850411646,196.52601902795027,191.78335489291655,192.56214904785156,27852000
2025-08-01,533.1241706958108,533.9213535531813,519.0337340919326,522.2723388671875,28977600,759.5973820600149,764.8595554226001,744.2003568990668,748.8933715820312,19028700,217.2100067138672,220.44000244140625,212.8000030517578,214.75,122258800,174.07048465468185,176.52020701181988,170.8708463561498,173.70053100585938,204529000,210.23025491744008,212.93203997684435,200.88868661623732,201.76602172851562,104434500,189.4868958519525,191.32205462037308,188.40856201383838,189.65663146972656,21236700
2025-08-04,526.4177481275262,536.3627358241171,526.2782244119826,533.7619018554688,25349000,758.8684286204626,775.6933161141383,757.280769171418,775.2140502929688,15801700,217.39999389648438,217.44000244140625,211.4199981689453,211.64999389648438,77890100,175.14037394842856,180.17980241597786,174.500446281802,179.97982788085938,148174600,203.8895472057539,207.24933356384108,201.06813110178,202.7330780029297,75109300,190.879761333795,195.77718506278148,190.62515026857625,195.44769287109375,23386000
2025-08-05,535.2964641743647,535.41603854948,525.3913146279989,525.8995361328125,19171600,775.2940146810766,781.9640620224704,761.8640271769766,762.3233642578125,11640300,213.0500030517578,216.3000030517578,212.8699951171875,213.75,51505100,179.59986897635343,180.23979665506658,175.8802845759961,178.24002075195312,156407600,202.78290655256814,204.71702329589334,201.54667827641916,202.3043670654297,44155100,195.24299969351156,198.39312591237345,194.37434819135635,195.0183563232422,19010200
2025-08-06,529.0385508551038,529.8357336828143,522.1926437275052,523.0994262695312,21355700,768.853609707056,772.488205034118,759.327834976083,770.8406372070312,9733900,214.6999969482422,222.64999389648438,213.74000549316406,222.30999755859375,54823000,176.31023710297544,179.87982901005608,176.23024423927978,179.39988708496094,137192300,205.00616501036765,214.72658548105818,204.96627784328447,212.60304260253906,108483100,194.94845621765052,197.0751715243873,194.16666072818697,196.61587524414062,15383700
2025-08-07,524.9529190734887,526.2384349946553,515.7353514691818,519.0138549804688,16079100,772.3383525306105,773.8461140652291,758.4191051508143,760.6957397460938,9019700,221.0,226.22000122070312,220.82000732421875,223.1300048828125,40603500,181.54966930117607,183.85940811228025,178.7799753024853,180.749755859375,151878400,218.2159523061407,220.1799768073744,215.92292715514498,219.36245727539062,90224800,197.4046550915873,198.0636241811511,194.91849526728674,196.97531127929688,14660600
2025-08-08,520.7676288144971,522.8204035830947,517.5888112007746,520.2095947265625,15531000,761.6144268371896,768.7538063796192,757.4506521481833,768.1546630859375,7320800,223.13999938964844,223.8000030517578,221.8800048828125,222.69000244140625,32970500,181.52965464990967,183.27945850723472,180.3797743894202,182.6795196533203,123396700,220.16003429974123,230.29917810781973,218.58482597462978,228.65419006347656,113854000,197.6742398490951,203.1158199439158,197.59436157107942,201.77789306640625,24379900
2025-08-11,520.4686618064882,525.7401525514866,517.8976909591346,519.9405517578125,20194400,768.9334288760205,772.3084011990011,763.5314498091643,764.7296752929688,7612000,221.77999877929688,223.0500030517578,220.39999389648438,221.3000030517578,31646200,182.02960317073044,183.8193958765311,180.22980182096376,182.0395965576172,138323200,227.48640043221798,229.12327986736793,224.3324083989562,226.747802734375,61806100,201.2437071589298,201.84778375432532,199.49142797559023,201.318603515625,16690200
2025-08-12,521.9135974657331,529.1182277589118,520.8672912006765,527.3843383789062,18667000,771.849102319645,792.4883102810505,771.2799436630941,788.8237915039062,14563100,222.22999572753906,223.5,219.0500030517578,221.47000122070312,37185800,182.9395060522284,184.4593247511904,179.43989822709233,183.1394805908203,145485700,227.57622481823222,230.36092560837628,226.63802588155738,229.21310424804688,55626200,201.78288282269472,204.81319918192554,201.0889488776854,203.84469604492188,19854000
2025-08-13,530.2443026581628,530.8322607629538,517.5489813455309,518.7547607421875,19619200,789.9721665216805,794.2757473900336,777.0713578354987,778.9186401367188,8811800,222.0,224.9199981689453,222.0,224.55999755859375,36508300,182.59953978080497,183.9493946696141,179.329917039869,181.5696563720703,179871700,230.6304284784954,234.55294488479396,229.99163136972763,232.88612365722656,69878500,204.66341595456223,205.11271790848946,198.33321137510248,202.7164306640625,19573000
2025-08-14,520.7277467800332,524.1058750288076,518.3162490497452,520.6480102539062,20269100,776.7218428333804,786.6370510429252,771.3598429397638,780.9655151367188,8116200,227.39999389648438,233.11000061035156,227.02000427246094,230.97999572753906,61545800,179.7298534235828,182.99949119039164,179.43989264021437,181.99960327148438,129554000,233.6147219132583,234.67270293292236,230.41083714463488,232.337158203125,51916300,202.2471699206443,205.1027536310835,202.0125322382486,203.50523376464844,17777100
2025-08-15,520.9370505811125,524.255330935539,517.2599862571353,518.3461303710938,25213300,782.9825648931883,795.0645257736991,779.6575056048304,784.0609130859375,13375400,232.5800018310547,234.0800018310547,229.80999755859375,231.02999877929688,39649200,181.85962676701382,181.87961354108583,178.02004541114613,180.42977905273438,156602200,233.5548328767578,233.834298979768,228.9036945156081,231.1494140625,56038700,204.40382737928184,207.0097970502324,201.7729024129421,204.59353637695312,21111400
2025-08-18,519.7611730136332,520.9868407954262,512.2177084457264,515.286865234375,23760600,773.9360156125421,774.6549143701418,755.4335751910228,766.2274780273438,16513700,230.22999572753906,231.91000366210938,228.3300018310547,231.49000549316406,25248900,180.57976314427117,182.91949719839158,180.56975450061333,181.98959350585938,132008000,231.25921652669462,232.67651332576617,229.672244959047,230.4507598876953,37476200,204.75329668712357,205.82163625410575,203.0958567388613,203.9744873046875,13000200
2025-08-19,513.1942782099028,513.3536904476517,506.7668813962475,507.98260498046875,21481000,765.977874147037,766.0277875160474,748.2443062415024,750.3611450195312,12286700,230.08999633789062,230.52999877929688,227.1199951171875,228.00999450683594,29891000,182.4095478886331,182.47954736718557,175.47033846497254,175.6203155517578,185229200,230.84001516813981,232.42698672077375,228.9136940815642,230.1213836669922,39402600,203.5900845586483,203.97448447366057,200.61967310329786,202.17727661132812,13476600
2025-08-20,508.0822507382742,509.2082935133009,502.6712971096552,503.9468078613281,27723000,746.4570103778062,749.083099657565,729.911672806752,746.6067504882812,11898200,227.1199951171875,227.27000427246094,220.9199981689453,223.80999755859375,36604300,175.1503706193276,175.9802794498554,168.7810892510499,175.38034057617188,215142700,229.54248102593337,230.0315543310328,225.3404986724704,225.5800323486328,42263900,201.36851794980555,201.85776667813298,197.15504933725106,199.88082885742188,13971700
2025-08-21,502.74904380636957,506.68168580920974,501.7808546744913,503.2980041503906,18443300,743.6012666698691,744.3900685450179,732.0185006665147,737.9995727539062,8876300,222.64999389648438,222.77999877929688,220.5,221.9499969482422,32140500,174.83041312567687,176.88017120538285,173.79052111986658,174.96038818359375,140040900,225.83955683035407,226.08908123987146,223.35428822884654,224.47215270996094,30621200,200.4100017968599,203.04592387341168,200.09048870383648,200.31015014648438,11768900
2025-08-22,503.3079962424447,509.77590173606455,501.471437254012,506.2824401855469,24324200,738.1293678852983,755.7731035460037,733.2966081137474,753.6661987304688,10612700,222.7899932861328,229.13999938964844,220.82000732421875,228.83999633789062,37315300,172.59066018618677,178.56998587344157,171.18081451068767,177.97006225585938,172789400,225.73973438952316,228.65417758009713,224.98118568943215,227.3267059326172,42477800,203.6450096228341,208.9068596330031,201.81783405788252,206.40074157714844,25723700
2025-08-25,505.6835608535286,507.2406441544574,503.1782400793436,503.3179931640625,21638600,753.6961621486424,757.7501148109367,749.0131426125197,752.1784057617188,6861200,227.35000610351562,229.60000610351562,227.30999755859375,227.94000244140625,22633700,178.33002804439553,181.88962682620624,176.5502286534902,179.78985595703125,163012800,226.04912998143794,228.86377239669042,225.79960559269966,226.72784423828125,30983100,206.68029226314627,210.7639716760469,205.63191092201342,208.8369598388672,22788800
2025-08-26,503.4177851675948,504.0366525259624,497.5787379824689,501.1021423339844,30835700,749.6821592803592,753.7461069744401,746.8264320177999,752.9772338867188,7601800,227.11000061035156,229.0,226.02000427246094,228.7100067138672,26105400,180.0398187111229,182.36955942503778,178.78995879531527,181.7496337890625,168688200,226.43840339540802,229.0534295301293,224.26255788237486,228.87376403808594,54575100,208.04817946161637,208.13805204048316,206.13114662109604,207.6288299560547,23051000
2025-08-27,501.06219963605827,506.34232576675964,498.96611661319633,505.7933349609375,17277900,751.1799307743298,753.0272129802489,741.7340542390842,746.2672729492188,8315400,228.57000732421875,229.8699951171875,227.80999755859375,229.1199951171875,21254500,181.95959791056248,182.46955051009175,179.07993109949993,181.57965087890625,235518900,228.17510050695543,230.46073738560713,227.82576024347395,230.05152893066406,31259500,206.1411457283501,209.2463431912284,206.07124652485047,207.88844299316406,15249000
2025-08-28,506.1426727693108,510.1352001425548,504.5556467937143,508.68792724609375,18015600,742.8922995313089,751.9288132977724,739.6970516455432,749.99169921875,7468000,229.00999450683594,232.7100067138672,228.02000427246094,231.60000610351562,33679600,180.79974711518173,184.44933204343067,176.39023757757423,180.14981079101562,281787800,230.3809040856524,232.9659733126178,228.90370861616245,232.11758422851562,38074700,207.51898993739863,212.57117238999064,207.2793703650841,212.0419921875,20915700
2025-08-29,507.7097597194238,508.64800611235046,503.5475364264987,505.7434387207031,20961600,744.1703787664815,746.0275947781304,734.2551099537487,737.6001586914062,9070500,231.32000732421875,231.80999755859375,228.16000366210938,229.0,26199200,178.09004428153852,178.130033086625,173.13059331145078,174.1604766845703,243257900,232.0676707602769,232.9360260407387,230.92984008944924,231.69837951660156,39418400,210.94372162932564,215.0074280520148,210.6441818983739,213.20022583007812,24682200
2025-09-02,499.53505401941584,505.0547219959289,495.88188775050133,504.1763610839844,18128000,724.9589996576248,734.9041924629622,720.655419120511,734.0155029296875,9350900,223.52000427246094,226.1699981689453,221.8300018310547,225.33999633789062,38843900,169.980952871088,172.36069109354864,167.20126556823303,170.7608642578125,231164900,228.81388239599917,230.4108447009183,226.53822101083426,229.28298950195312,44075600,208.6672460473044,212.041025402124,206.64038235228847,211.66261291503906,28900100
2025-09-03,502.8488615493355,506.8413890153064,501.3816064871684,504.40594482421875,16345100,734.9042121918441,739.1478846127889,732.8971950134412,735.95263671875,7699300,225.2100067138672,227.1699981689453,224.36000061035156,225.99000549316406,29223100,171.0408442884315,172.3906992342715,168.86109570238054,170.60089111328125,164424900,236.75874463665696,238.395624134605,233.9141603097862,238.01634216308594,66427800,226.13021268624902,231.44200361883648,224.77231250489172,230.7430877685547,72250300
2025-09-04,503.3578996917829,507.20071355848035,502.2100541109688,507.02105712890625,15509500,747.4555024338443,760.0267237435045,744.7095967582477,747.535400390625,11439100,231.19000244140625,235.77000427246094,230.77999877929688,235.67999267578125,59391800,170.55090333056648,171.8407521362954,169.39102958990665,171.64077758789062,141670100,237.99636566705198,239.44360411673358,236.28962732845326,239.32383728027344,47549400,229.79953838333347,232.41050515957645,226.40977748846325,232.30067443847656,32196000
2025-09-05,508.11900990545524,511.0135863020471,491.4501951138555,494.0752868652344,31994800,751.499502790698,756.8215846100361,743.9208368275713,751.3297729492188,9663400,235.19000244140625,236.0,231.92999267578125,232.3300018310547,36721800,168.01117837826322,169.0110663720669,164.05163046676552,167.0012969970703,224441400,239.54341659874092,240.86091270031892,238.03629475202086,239.2340087890625,54870400,232.3006752313413,235.76531725805415,232.02110889217334,234.80679321289062,26127700
2025-09-08,497.1794589519428,500.26371328397477,494.10522614671714,497.2693176269531,16771000,754.8744351124396,765.3687971294402,750.9003802075373,751.179931640625,13087800,234.94000244140625,237.60000610351562,233.75,235.83999633789062,33947100,167.53122834914853,170.940849905597,167.33125381142952,168.2911376953125,163769100,238.84475646782593,239.69313028194867,235.89038089866295,237.42745971679688,48999500,235.63625103996944,238.24454985055107,233.57759666242987,234.00732421875,23128800
2025-09-09,500.4932596555404,501.3117351050236,496.77024724997165,497.4789123535156,14410500,756.3621991005824,765.1590798691678,752.3082462809408,764.5599975585938,10999000,236.36000061035156,238.85000610351562,235.0800018310547,238.24000549316406,27033800,169.0710489481518,170.96083655380463,166.7213214317911,170.74085998535156,157548400,236.54912730927947,238.3257397896772,232.9160527142261,233.9041748046875,66313900,234.0373032564655,240.4331241573419,233.22783384154016,239.78355407714844,22854800
2025-09-10,502.04038173392,502.2899147028095,495.7920664455459,499.43524169921875,21611800,763.990858904295,764.5600175863916,749.8818911499914,750.8604125976562,12478300,237.52000427246094,237.67999267578125,229.10000610351562,230.3300018310547,60907700,176.62020974984335,179.26990675759993,175.45034266016896,177.3101348876953,226852000,231.7482872752143,231.97784546194652,225.52015268533836,226.35855102539062,83440800,239.09399790914586,241.922154447817,237.95474185194615,239.40379333496094,19990100
2025-09-11,501.31173995388707,502.2300346920423,496.9499084839274,500.0740661621094,18881600,753.5264602522736,755.9727638030715,747.2557810059183,749.7820434570312,7923300,231.49000549316406,231.52999877929688,229.33999633789062,229.9499969482422,37485600,179.66999584989978,180.26996857097555,176.4701769393558,177.16014099121094,151159300,226.44839058875493,230.01159113632517,226.21881717306923,229.59239196777344,50208600,239.9834190128315,242.41184249017257,236.42574270750922,240.6230010986328,21308600
2025-09-12,505.70352006176233,511.59249216822343,502.9087629314118,508.94744873046875,23624900,747.6152548910696,756.4421205211297,742.6526835890741,754.465087890625,8248600,230.35000610351562,230.7899932861328,226.2899932861328,228.14999389648438,38496200,177.76010410307373,178.59005971058946,176.44017029123495,177.8101043701172,124911000,228.78393068206054,234.06386022938602,228.58431421011397,233.6247100830078,55824200,240.64300206108857,242.2649449671254,238.34449860548148,241.22262573242188,14536600
2025-09-15,507.8395136770829,514.5069966795595,506.05284913244947,514.397216796875,17143800,756.3421855933647,772.9175066813722,750.8703641812288,763.5614624023438,10533800,230.6300048828125,233.72999572753906,230.32000732421875,231.42999267578125,33243300,175.66021109761542,178.84004186496986,174.50027206258352,177.74009704589844,147061600,236.54912714503797,237.7368657054393,234.58287368836292,236.24969482421875,42699500,244.980161745602,252.58520043798106,244.82026241003442,251.59584045410156,29935200
2025-09-16,515.9144004162443,516.2637221986186,507.64986983793983,508.08905029296875,19711900,765.8580156945753,780.1966205012909,763.960820221922,777.8401489257812,11782500,232.94000244140625,235.89999389648438,232.22999572753906,234.0500030517578,38203900,176.99014687805604,177.49011904437822,174.37029760906842,174.87026977539062,140737800,236.72878926810645,240.76111223381088,235.87043992435724,237.6969451904297,63421100,252.165483340186,253.06489044304075,249.5521828236566,251.25607299804688,24493500
2025-09-17,509.6660849144807,510.33484666258875,504.9848440594251,509.06719970703125,15816600,778.828725718326,782.1238004242355,765.1691000860621,774.5650634765625,9400900,233.77000427246094,234.3000030517578,228.7100067138672,231.6199951171875,42815200,172.63039291663662,173.1903593144249,168.40063256525568,170.280517578125,211843800,238.5153883976145,239.6432435766681,237.27774187166392,238.5353546142578,46508000,251.2960541573909,251.7857249169014,246.41923105002894,249.68710327148438,20491300
2025-09-18,510.5344514878828,512.1115168727503,506.71161989545686,507.5001525878906,18913700,779.5875734416616,787.6056471582369,772.2085614820411,779.0883178710938,10955000,232.5,233.47999572753906,228.7899932861328,231.22999572753906,37931700,173.9703101424577,177.09014682532762,172.95037791227023,176.23019409179688,191763300,239.5134800259323,240.74113579799257,236.199788714976,237.42745971679688,44249600,251.6957867895291,253.97429899966014,249.9469277971752,252.1654815673828,21166400
2025-09-19,509.6061757592278,518.3298380532008,509.35664280609984,516.96240234375,52474100,785.2490765825911,789.6225600448605,768.0447499547826,777.2210693359375,23696800,232.3699951171875,234.16000366210938,229.6999969482422,231.47999572753906,97943200,175.7602124903078,178.07008136373162,175.17023376194967,176.66015625,237182100,240.77107799962133,245.83144010441063,239.7530294205925,245.032958984375,163741300,253.23476605196709,256.5326326066914,251.90363384209934,255.07357788085938,41616800
2025-09-22,514.6268375894382,516.772784556969,511.5824866494396,513.4889526367188,20009300,781.2128396094075,785.0896826443245,763.8469978355404,764.5364379882812,11706900,230.55999755859375,230.57000732421875,227.50999450683594,227.6300048828125,45914500,175.29024236301854,184.53972732383275,174.70027887607205,183.5997772216797,269637000,247.82763635806887,256.15178189089505,247.64797087114997,255.5928192138672,105517400,254.6138734432144,256.1428746106005,250.64646080006915,252.71511840820312,20079000
2025-09-23,512.8401566617626,513.6287198501773,506.3622903955001,508.2787170410156,19799600,768.6231126086477,769.9719880546131,750.4579354131178,754.784423828125,10872600,227.8300018310547,227.86000061035156,220.07000732421875,220.7100067138672,70956200,181.9598706713119,182.409842567533,176.20019683221489,178.42005920410156,192559600,255.39322235208516,256.8504363399061,253.0975947938589,253.9459686279297,60275200,253.48960582394037,254.6038842900218,250.92627586419746,252.1754608154297,17521100
2025-09-24,509.4265417419943,511.5225942719762,505.9730140478167,509.19696044921875,13533700,756.8827020619125,760.4897455830934,751.9167814613187,760.0401000976562,8828200,224.14999389648438,224.55999755859375,219.4499969482422,220.2100067138672,49509000,179.75999113536878,179.76998508551358,175.39022416770254,176.96014404296875,143564100,254.73446948849343,255.2534845023776,250.56241362070242,251.8300018310547,42303700,251.9855865910959,252.79507126242333,247.05880837825745,247.6684112548828,16958500
2025-09-25,507.3504106819217,509.0572380888419,504.09652154158834,506.0827941894531,15786500,752.8360219788784,756.1533238123261,743.9432502397539,748.2996826171875,10591100,220.05999755859375,220.6699981689453,216.47000122070312,218.14999389648438,52226300,174.47028665549124,180.24996380236055,173.12037093203185,177.68011474609375,191586700,252.72829161839874,256.6807646844572,251.2311452680336,256.3813171386719,55202100,244.68035772423693,247.1537500940936,241.49243520267595,246.40924072265625,17379800
2025-09-26,509.1071380786861,512.9798945996346,505.67356201643696,510.5045166015625,16213100,749.3888277967437,751.3172477286904,736.7491118404043,743.1439208984375,9696300,219.0800018310547,221.0500030517578,218.02000427246094,219.77999877929688,41650100,178.16008106951017,179.75999811527313,174.920255917913,178.18008422851562,148573700,253.61660096533106,257.10994249251326,253.2972024297037,254.97401428222656,46076300,247.62344586003442,249.95691488202831,246.4791881395072,247.01882934570312,16594600
2025-09-29,510.5444265624633,515.8844074376258,507.9293260645142,513.6386108398438,17617800,748.1098002440084,750.1681799899285,738.5476529969768,742.794189453125,9246800,220.0800018310547,222.60000610351562,219.3000030517578,222.1699981689453,44259200,180.4199550960203,183.98976381560166,180.30997586310093,181.8398895263672,193063500,254.0757261912774,254.5148915782133,252.52867184357527,253.9459686279297,40127700,248.11310889238666,251.48391066241172,243.04142104059784,244.20066833496094,23157200
2025-09-30,512.2811987663596,517.1919905812645,508.70790002171145,516.982421875,19728200,741.6451369970716,742.3645209926972,725.7081225297242,733.7815551757812,16226800,222.02999877929688,222.24000549316406,217.88999938964844,219.57000732421875,48396400,182.06986121505474,187.3395719841704,181.4698885277926,186.56961059570312,236981000,254.37515755125318,255.4331385813304,252.6284867333586,254.14559936523438,37704300,242.90151883167655,243.51612333212861,239.4147952973542,243.39120483398438,22541200
2025-10-01,513.8382741479315,519.5376290534263,510.7340986553811,518.7391357421875,22632300,720.9020135039985,721.2617054862658,709.6212362201944,716.7554321289062,20419600,217.36000061035156,222.14999389648438,216.61000061035156,220.6300048828125,43933800,185.22969505995906,188.12952754318238,183.88975804814035,187.22958374023438,173844900,254.55481135314994,258.29769267334166,254.44502000530687,254.9640350341797,48713900,241.02274023707793,246.98884894065887,239.0440354920674,245.37989807128906,23967700
2025-10-02,516.6730253227585,520.625588764222,509.7260051791023,514.7765502929688,21222900,721.9911913779041,727.176964520395,717.5548070653372,726.45751953125,11415300,221.00999450683594,222.80999755859375,218.9499969482422,222.41000366210938,41258600,189.5894532800495,191.0393695238543,188.04953044946197,188.87948608398438,136805800,256.09186667190835,257.68882891050583,253.66649683440303,256.6408386230469,42630200,245.4798394250779,247.4735337836427,242.94648861306507,246.26931762695312,20657500
2025-10-03,516.1339509263171,519.5176324904353,514.0378984273964,516.3834838867188,15112300,729.0354240673363,730.4043027655052,709.6012618171895,709.98095703125,16154300,223.44000244140625,224.1999969482422,219.33999633789062,219.50999450683594,43639000,189.1794627061203,190.34939569471342,185.36967740169,187.6095428466797,137596900,254.18552630266564,258.7468246365968,253.46689477740222,257.5291442871094,49155600,245.0701008850218,246.95687035937326,242.31190594958701,246.289306640625,19941400
2025-10-06,517.6411650074094,530.0380069481532,517.2319577376861,527.5825805664062,21388600,704.6153434967972,716.2958197616522,689.9473135389625,715.0767822265625,21654700,221.0,221.72999572753906,216.02999877929688,220.89999389648438,43690900,185.48967202648717,187.21957143407985,183.31979467524326,185.5296630859375,157678100,257.49917477533796,258.57713717661323,254.56478079871025,256.20166015625,44664100,245.61974856895048,252.03556085596028,245.52981090927676,251.34600830078125,18309000
2025-10-07,527.3030443984364,528.8102332144322,520.4658657072805,523.0010986328125,14615200,717.135073707775,717.9144673294414,705.1748577839295,712.4989013671875,12062900,220.8800048828125,222.88999938964844,220.1699981689453,221.77999877929688,31194700,186.21962980709273,189.0494741147918,183.9897582054133,185.02969360351562,140088000,256.32145476920215,256.9103287268919,254.94407514023973,255.99209594726562,31955800,248.76768624174676,251.38598832802836,246.64907339611258,246.9688720703125,13811200
2025-10-08,522.3024933531,525.9656203925812,522.1128458539913,523.8695068359375,13363400,712.8686286502683,719.063588526951,707.233209995552,717.2550659179688,10790600,222.9199981689453,226.72999572753906,221.19000244140625,225.22000122070312,46686000,186.55962017208088,189.58945025835604,186.52960780500513,189.09947204589844,130168900,256.03201279963565,258.0282082133661,255.62278908467795,257.569091796875,36496900,246.0394650074506,247.09877140655033,244.9301881605209,245.29995727539062,14136500
2025-10-09,521.3642478231245,523.3505205733983,516.4334737589328,521.4241333007812,18343600,717.694662739213,732.9122314453125,711.8593952481671,732.9122314453125,12717200,225.0,228.2100067138672,221.75,227.74000549316406,46412100,192.21928773885006,195.28912405123697,191.04935474353755,192.5592803955078,182997200,257.3195337882977,257.50917476461467,252.65841993311406,253.55670166015625,38322000,244.9002108090174,245.39488317397436,239.52371385692186,242.0520782470703,19375700
2025-10-10,518.6692706129455,522.6019127014883,508.6779606337136,510.0054626464844,24133800,730.3243364156914,734.6708280741015,703.9358854737135,704.7252197265625,16980100,226.2100067138672,228.25,216.0,216.3699951171875,72367500,193.49922565779727,195.6091088464203,182.0398719523004,183.14981079101562,268774400,254.45500785015722,255.8922708493858,243.53581752909898,244.80340576171875,61999100,242.00211257865035,244.68035786865013,236.53067624153942,237.3351593017578,22449100
2025-10-13,515.4452371680482,515.4452371680482,510.7240930552238,513.0896606445312,14284200,712.4289500007787,719.353295154282,707.0633311027989,715.1167602539062,9251800,217.6999969482422,220.67999267578125,217.0399932861328,220.07000732421875,37809700,187.9595379156231,190.09941818271824,185.94965529464977,188.3095245361328,153482800,248.90558714178317,249.2149949644775,245.09284695690994,247.18885803222656,38142900,240.87283726789343,244.83026189387334,240.5930210593619,244.48048400878906,12465000
2025-10-14,509.2768388871209,514.3174231454748,505.05473007895694,512.610595703125,14684300,707.2032236513401,714.966850016347,698.7600977854659,708.072509765625,8829800,215.55999755859375,219.32000732421875,212.60000610351562,216.38999938964844,45665600,184.75971529942103,184.78971240822688,179.68999030007896,180.0199737548828,205641400,246.13087266264282,248.37659224814226,244.23447809703134,247.29864501953125,35478000,241.59737415880704,247.86327497207864,241.0207392770717,246.02947998046875,17705400
2025-10-15,513.9979961583023,516.2238106749688,509.04724028199115,512.4708251953125,14694700,716.4756800447307,723.3101331023296,708.9318445822669,716.9652709960938,10246800,216.6199951171875,217.7100067138672,212.66000366210938,215.57000732421875,45909500,184.7897166440438,184.85970481354866,177.2801249034248,179.8199920654297,214450500,249.01538540478128,251.3409547309234,246.99922390992754,248.86566162109375,33893600,247.92324680271904,252.59518634371952,246.62907776804082,251.54588317871094,16048100
2025-10-16,511.62245544117155,515.884437136842,507.1807563967364,510.65423583984375,15559600,716.9652609619593,724.898793146875,703.3064176322127,711.48974609375,9017000,215.6699981689453,218.58999633789062,212.80999755859375,214.47000122070312,42414600,182.21985578014733,183.26980040587233,179.76000120804414,181.7998809814453,179723300,247.77774448085987,248.56623493239263,244.66368465033412,246.97926330566406,39777000,252.30038456613704,257.412039733801,250.5065567686617,251.7157745361328,18946000
2025-10-17,508.0890780500653,514.5170195527368,506.3622988729776,512.62060546875,19867800,706.5038073054051,717.9544293541486,705.5445676686097,716.3357543945312,12232400,214.55999755859375,214.8000030517578,211.02999877929688,213.0399932861328,45986900,180.16996892604442,184.08976427610557,179.74000017155936,183.20980834960938,173135200,247.5481624372989,252.89796599708643,246.79958926324147,251.81002807617188,49147000,251.18611550864574,254.71381258280724,248.42790538348763,253.62451171875,17653800
2025-10-20,513.6486038577511,517.730989827423,512.4708156147512,515.8245239257812,14665600,720.602270855396,733.1720358988009,719.5930841941394,731.5733032226562,8900200,213.8800048828125,216.69000244140625,213.58999633789062,216.47999572753906,38882800,183.1198152646831,185.18969215276272,181.71988400794234,182.6298370361328,128544700,255.4032084113237,263.87706298772724,255.14370850365398,261.7411193847656,90483000,255.06359074677613,257.71187214774994,254.4340118637041,256.8524169921875,13726800
2025-10-21,516.533257830336,517.7210372272165,512.0815676283437,516.6929321289062,15586200,735.4202444049121,737.898203963144,728.156149137632,732.6724853515625,7647300,218.42999267578125,223.32000732421875,217.99000549316406,222.02999877929688,50494600,182.77981647710283,182.77981647710283,179.78999271004406,181.14991760253906,124240200,261.3817895915523,264.7853058703715,261.3318664386604,262.27008056640625,46695900,255.08357119414507,255.21349131081692,244.5104677649344,251.17611694335938,27836400
2025-10-22,520.1764726871388,524.2488070435115,516.7428964573043,519.5675659179688,18962700,733.2320185457676,739.9964601984101,723.4400167690366,732.8123168945312,8734500,219.3000030517578,220.00999450683594,216.52000427246094,217.9499969482422,44308500,181.1299112106735,183.42978616900905,176.7501502622395,180.26995849609375,162249600,262.15033525743416,262.349966966352,254.94406918261987,257.9583435058594,45015300,254.8437198779537,257.0123031390601,250.2877020062622,252.36534118652344,19650200
2025-10-23,521.4839993377199,522.9712060783663,517.6411550810741,519.5875244140625,14023500,734.1012972282697,741.8049752352916,732.5025644943078,733.40185546875,9856000,219.0,221.3000030517578,218.17999267578125,221.08999633789062,31540000,180.40994799999942,183.01980322210497,179.7799782111653,182.1498565673828,111363700,259.4454820834593,260.12418111371363,257.51916110368444,259.0861511230469,32754900,253.53458071688394,255.69317602396845,252.60319681232596,253.56455993652344,13241300
2025-10-24,521.8133604589415,524.3685757173844,519.7372899447384,522.6318359375,15532400,736.1895728454068,740.6060149267306,730.5542151922721,737.75830078125,9151300,221.97000122070312,225.39999389648438,221.89999389648438,224.2100067138672,38685100,183.8297551720498,187.45955783835475,183.48977777431884,186.24961853027344,131296700,260.69313376057823,263.62754335723145,258.68694768993146,262.3200378417969,38253700,257.1322199898904,262.3388448619566,255.933020726793,260.34014892578125,18406000
2025-10-27,530.7866236569336,533.5813808592218,528.0217787333662,530.527099609375,18734700,749.1189913399045,755.1341048828856,747.4004223192904,750.2081298828125,11321100,227.66000366210938,228.39999389648438,225.5399932861328,226.97000122070312,38267000,189.979423148828,191.98930570001696,188.41949722334647,191.47933959960938,153452700,264.37609822840903,268.60802232244004,264.1465248140549,268.2986145019531,44888200,265.1869701320579,270.6234256814365,264.7672610515648,269.7539978027344,22987700
2025-10-28,548.9725518014023,552.6855732732587,539.7598137450263,541.057373046875,29986700,752.0166693998259,757.7819868095911,744.9124781386814,750.82763671875,12193800,228.22000122070312,231.49000549316406,226.2100067138672,229.25,47100000,193.03926234185508,203.1386912540773,191.89932637827522,201.01881408691406,297986200,268.4782600095115,269.3765722048576,267.63986169210665,268.4882507324219,41534800,270.0238398308567,271.2030631428179,266.9958166328353,268.2549743652344,20101200
2025-10-29,543.9220119141725,545.2495444281135,535.7273269044096,540.538330078125,36023000,754.1349412128479,758.5413205942342,741.9049255575367,751.0574340820312,26818600,231.6699981689453,232.82000732421875,227.75999450683594,230.3000030517578,52036200,207.96842303697136,212.1781954922272,204.76860414707738,207.02847290039062,308829600,268.76770579477784,270.8936584399069,266.6018207191691,269.1869201660156,51086700,268.4348496955852,275.790066781071,268.25497437633226,274.9906005859375,26287900
2025-10-30,529.4889853080866,533.9705877450752,521.1446173319796,524.77783203125,41023100,668.6047496805471,680.405123547836,649.6401745693712,665.9268798828125,88440100,227.05999755859375,228.44000244140625,222.75,222.86000061035156,102252900,205.1385766163601,206.1485301715792,201.39879452489242,202.8787078857422,178864400,271.4725408872279,273.6184749716116,267.969239224885,270.8836669921875,69886500,291.5297909040995,291.73964543835973,280.26715026616273,281.7161865234375,48570000
2025-10-31,527.8919782690999,528.3311587204174,514.137692119172,516.8426513671875,34006400,673.9603724515775,674.3400676801817,645.0439523217459,647.8216552734375,56953200,250.10000610351562,250.5,243.97999572753906,244.22000122070312,166340800,206.43850017947892,207.95841980607935,202.05875446792163,202.47872924804688,179802200,276.4630533049319,276.79244258078194,268.647962249571,269.85565185546875,86167100,283.0203372294134,286.09834615146855,277.34206555342627,281.6362609863281,29932800
2025-11-03,518.8389228578652,523.9793263365088,513.628703759196,516.0641479492188,22374700,655.4654426520216,658.792746197499,635.6615861365713,637.1903686523438,33003600,255.36000061035156,258.6000061035156,252.89999389648438,254.0,95997800,208.06841462190084,211.32822759164594,205.5485506791992,206.8684844970703,180267300,269.90556627002525,270.33474092754267,265.74348587775046,268.53814697265625,50194600,282.23588008942727,285.75357412647895,280.1871983580786,283.93475341796875,19691800
2025-11-04,510.80399534425794,514.5868933466259,506.8913048594995,513.3692016601562,20958700,627.528160823027,641.2170082918374,625.4998468710925,626.8087768554688,27356600,250.3800048828125,257.010009765625,248.66000366210938,249.32000732421875,51546300,202.98869740675082,203.9586446199207,197.9189723693821,198.67893981933594,188919300,267.8195068636227,270.9734988318123,267.11086611942017,269.5262756347656,49274800,276.88434628169716,281.65024916844396,276.6844644896837,277.8786926269531,18123700
2025-11-05,512.3410686781482,513.8682396575209,505.6336213981725,506.2125549316406,23024300,631.7947143740674,641.7066132741587,626.0293969573662,635.4317626953125,20219900,249.02999877929688,251.0,246.16000366210938,250.1999969482422,40610700,198.75894188581304,202.90870481768462,194.63916080574026,195.1991424560547,171350300,268.0989800730272,271.18312844251227,266.4221834255846,269.6260986328125,43683100,279.19783739958865,286.51307177195645,277.69881546251395,284.5643310546875,20063200
2025-11-06,504.7153625290288,504.75529633258907,494.88375756631746,496.1713562011719,27406500,635.3318005623231,635.4817027165644,617.4963715076051,618.4356079101562,23628800,249.16000366210938,250.3800048828125,242.1699981689453,243.0399932861328,46004200,196.40906647995496,197.60899664277025,186.3696319662745,188.0695343017578,223029800,267.38037702601645,272.8798740142925,267.38037702601645,269.25677490234375,51204000,285.5486926715029,288.62170004085374,281.4363853167139,285.1539611816406,23103800
2025-11-07,496.02163823572937,498.4470913363115,492.32853818272196,495.8918762207031,24019800,615.9875913853423,621.6230097922952,600.7100736857968,621.203369140625,29946800,242.89999389648438,244.89999389648438,238.49000549316406,244.41000366210938,46374300,184.8897071775586,188.3095303364016,178.90005019006267,188.1395263671875,264942300,269.28671541495146,271.7719991063764,266.26248096015127,267.9592590332031,48227400,284.02467776243657,284.3144972128298,275.56019924413687,279.51763916015625,21991100
2025-11-10,499.10586069795033,505.9031361854127,497.8681564860657,505.0547180175781,26101500,630.5757412925083,634.4825281361091,617.606277436272,631.2451782226562,19245000,248.33999633789062,251.75,245.58999633789062,248.39999389648438,36476500,195.09914200543773,199.9288750287355,193.7792081445882,199.03892517089844,198897100,268.7085692371889,273.4741297822401,267.20997142836535,269.1781311035156,41312400,285.0790032414487,291.26994051890455,283.35512195449274,290.4005126953125,19508200
2025-11-11,503.85694933091565,508.64800052182136,501.411544557113,507.7297058105469,17980000,627.4882640088713,629.0469903781388,618.8852946435945,626.5690307617188,13302200,248.41000366210938,249.75,247.22999572753906,249.10000610351562,23564100,195.14913483203398,195.40911485928362,191.28934919242405,193.1492462158203,176483300,269.55775905965567,275.65206242273547,269.5477586519058,274.99267578125,46208300,288.01210422755497,292.14938906618625,287.6923055498566,291.5497741699219,14156700
2025-11-12,508.4084461357136,510.7141588310794,498.18758530403636,510.1851501464844,26574900,627.6181473129036,628.4774318700306,607.2747531328254,608.5137329101562,24493300,250.24000549316406,250.3699951171875,243.75,244.1999969482422,31190100,195.70910637927892,195.87909508520013,191.1193655455878,193.78921508789062,154935300,274.74292397164845,275.4722525277038,271.4460210796085,273.21435546875,48398000,291.8945478823368,292.16936247888566,284.1945850710095,287.2425842285156,16998800
2025-11-13,509.3566671737073,512.54071024479,500.3535287599438,502.34979248046875,25273100,612.5704066192014,617.1466913787408,602.5086055074847,609.3930053710938,20973800,243.0500030517578,243.75,236.5,237.5800018310547,41401700,191.03936321053533,191.42934088057365,183.8397672401686,186.84959411621094,207423100,273.85374352181776,276.4413491841305,271.83564282199285,272.6948547363281,49602800,282.8004891969117,283.3251713137129,277.8187538786583,278.9380187988281,18060200
2025-11-14,497.2992409027003,510.644258818196,496.51070821491913,509.2268981933594,28505700,601.2995852054279,613.1799107961393,594.7149894844074,608.96337890625,20724100,235.05999755859375,238.72999572753906,232.88999938964844,234.69000244140625,38956700,182.8498180673128,190.99935813210442,180.56994624954729,190.15940856933594,186591900,270.7965900477885,275.70200347225597,269.3479639093673,272.15533447265625,47431300,271.7177016420648,278.96797594579846,271.2330325220686,276.7994079589844,18330500
2025-11-17,507.5001596757347,511.16328656765256,503.9667643395777,506.54193115234375,19092800,608.54364845602,611.1915132655756,594.914810553651,601.5194091796875,16501300,233.25,234.60000610351562,229.19000244140625,232.8699951171875,59919000,185.95964506857126,188.98947511566342,184.30974305565786,186.58961486816406,173628900,268.5687054184609,270.2371271729127,265.48159771217263,267.2099609375,45018300,286.2132540229553,294.32795470266535,284.04468599528104,285.4137878417969,34286100
2025-11-18,494.44458869198826,502.0403882023454,485.87063942574486,492.8675537109375,33815100,591.1178778321469,603.1680476389258,583.3043040560937,597.2029418945312,25500600,228.10000610351562,230.1999969482422,222.4199981689453,222.5500030517578,60608400,183.36979105504545,184.7897101334883,179.63998782140993,181.3498992919922,213598900,269.7376065335732,270.4569347049811,265.0719890725528,267.19000244140625,45677300,288.2968960757756,289.246288884512,278.8280980775343,284.7742004394531,29702200
2025-11-19,489.18443539234676,494.264922953439,481.9279972054541,486.2099914550781,23245300,593.236120814011,594.8448550993957,580.7763124672824,589.8389282226562,24744700,223.74000549316406,223.74000549316406,218.52000427246094,222.69000244140625,58335600,184.7796984316032,187.8495347223247,182.8198161698128,186.50961303710938,247246400,265.2817633125939,271.9555110777923,265.2517925781922,268.3089294433594,40424500,287.4974165660577,304.05161802852626,287.482442205392,292.7989501953125,43123600
2025-11-20,492.7099914550781,493.57000732421875,475.5,478.42999267578125,26802500,603.0082035639184,606.225550290049,582.8745995478572,588.669921875,20603000,227.0500030517578,227.41000366210938,216.74000549316406,217.13999938964844,50309000,195.9390891568929,195.9890894251709,179.83999453744622,180.62994384765625,343504800,270.5768036466949,275.17250947675234,265.67142054546326,266.0010986328125,45823600,304.5413108694683,306.68993354598797,288.98148512013125,289.79095458984375,34801400
2025-11-21,478.5,478.9200134277344,468.2699890136719,472.1199951171875,31769200,588.0204327318114,597.6325885375659,581.38582901572,593.7657470703125,21052600,216.35000610351562,222.2100067138672,215.17999267578125,220.69000244140625,68490500,181.22991004695137,184.54971718190046,172.92036011460985,178.8700408935547,346926200,265.70137680880595,273.0744516711978,265.4216397990326,271.2361755371094,59030800,296.6764341573702,303.7618077764989,294.1680609326802,299.4546203613281,43670600
2025-11-24,475.0,476.8999938964844,468.0199890136719,474.0,34421000,598.2320754408486,616.1974650582393,597.1429978306941,612.5504150390625,23554900,222.55999755859375,227.3300018310547,222.27000427246094,226.27999877929688,54318400,179.48001348627363,183.4897847612219,176.47017128450955,182.5398406982422,256618300,270.64675212306133,276.7410558404627,270.64675212306133,275.6620788574219,65585800,310.8072320588326,319.5914790436659,309.19826591579596,318.2623596191406,55311800
2025-11-25,474.07000732421875,479.1499938964844,464.8900146484375,476.989990234375,28019800,623.4914651316196,636.5308177101258,617.7960982049689,635.7014770507812,25213000,226.3800048828125,230.52000427246094,223.8000030517578,229.6699981689453,39379300,174.90026276869568,178.15008177330986,169.54056066153746,177.8101043701172,320600300,275.012667049666,280.1179060838009,274.9926967216935,276.7110900878906,46914200,326.5868982838347,328.4557045708052,317.6087780037563,323.4289855957031,50899300
2025-11-26,486.30999755859375,488.30999755859375,481.20001220703125,485.5,25709100,637.1703200291516,637.8397569399452,631.1152610365342,633.0936279296875,15209500,230.74000549316406,231.75,228.77000427246094,229.16000366210938,38497900,181.61988829154,182.8998157763143,178.2300777211247,180.2499542236328,183852000,276.70108254872224,279.26868736786383,276.3714044558947,277.29052734375,33431400,320.57084097778153,324.7780873971327,316.99318865990756,320.0711669921875,29839600
2025-11-28,487.6000061035156,492.6300048828125,486.6499938964844,492.010009765625,14386700,635.5616748244524,647.5218911860414,634.9821303911365,647.4219970703125,11033200,231.24000549316406,233.2899932861328,230.22000122070312,233.22000122070312,20292300,179.0000253919654,179.28000857805475,176.49017066740046,176.99014282226562,121332800,277.0008150112318,278.73917862681736,275.73198274965245,278.5893249511719,20135600,323.21912492867204,326.6668878195667,316.73336599519826,319.9112854003906,19695800
2025-12-01,488.44000244140625,489.8599853515625,484.6499938964844,486.739990234375,23964000,639.028785702615,644.7941029489796,637.2402664201815,640.3477172851562,13029900,233.22000122070312,235.8000030517578,232.25,233.8800048828125,42904000,174.75027181562072,180.28997214473748,173.67033006996684,179.9099884033203,188131000,277.75011957449965,283.1550658399818,275.88187257202503,282.8353576660156,46587700,317.26799565865406,319.42158926511087,313.77527946257874,314.9145202636719,28520600
2025-12-02,486.7200012207031,493.5,486.32000732421875,490.0,19562700,641.8165621493692,647.3420238521164,637.5500224020741,646.5726318359375,11640900,235.00999450683594,238.97000122070312,233.5500030517578,234.4199981689453,45785400,181.74987648908228,185.6496685428864,179.98997995570696,181.4499053955078,182632200,282.7354345985028,287.1313151163589,282.36578537497866,285.9224548339844,53669500,316.6933654189159,318.39226916605145,314.0151201802352,315.8139343261719,24668200
2025-12-03,476.32000732421875,484.239990234375,475.20001220703125,477.7300109863281,34615100,643.8848130159247,648.3211970895987,637.0304181904862,639.0787353515625,11134300,233.35000610351562,233.3800048828125,230.61000061035156,232.3800048828125,35495100,181.06992440272873,182.43984327721986,179.1000328161426,179.5800018310547,165138000,285.9324708384744,288.35019153510143,283.0351573834178,283.8843688964844,43538700,315.82394606355047,321.83003728081405,314.07508706995475,320.41094970703125,32285100
2025-12-04,479.760009765625,481.32000732421875,476.489990234375,480.8399963378906,22318200,675.4491463216154,675.5490404402168,659.512131337801,660.990966796875,29874600,232.77000427246094,233.5,226.8000030517578,229.11000061035156,45683200,181.6199951171875,184.52000427246094,179.9600067138672,183.3800048828125,167364900,283.83440686502166,284.46382276925783,278.32954829392816,280.4375915527344,43989100,322.83439794428057,322.88834834302395,315.38424129791457,318.18243408203125,20831600
2025-12-05,482.5199890136719,483.3999938964844,478.8800048828125,483.1600036621094,22608700,663.4589092143041,674.1402004180294,661.8502358329807,672.8712158203125,21207900,230.32000732421875,231.24000549316406,228.5500030517578,229.52999877929688,33117400,183.88999938964844,184.66000366210938,180.91000366210938,182.41000366210938,143971100,280.27774306596746,280.8771882481053,277.79005013345267,278.5193786621094,47265800,319.79134083015884,323.61883002174113,319.77136485052137,321.8799743652344,15719900
2025-12-08,484.8900146484375,492.29998779296875,484.3800048828125,491.0199890136719,21965900,668.7945609027437,676.1585499822719,664.528021142878,666.256591796875,13161000,229.58999633789062,230.8300018310547,226.27000427246094,226.88999938964844,35019200,182.63999938964844,188.0,182.39999389648438,185.5500030517578,204378100,277.86998437615557,279.4085531850005,275.8918244790692,277.6302185058594,38211800,321.0299987792969,321.2300109863281,311.9100036621094,314.45001220703125,22006900
2025-12-09,489.1000061035156,492.1199951171875,488.5,492.0199890136719,14696100,663.2291308887899,663.9385132978894,652.807637338328,656.4246826171875,12997100,226.83999633789062,228.57000732421875,225.11000061035156,227.9199981689453,25841700,185.55999755859375,185.72000122070312,183.32000732421875,184.97000122070312,144719700,277.8999627322321,279.7682096639769,276.6611317163261,276.9208679199219,32193300,313.1000061035156,318.7090148925781,312.6199951171875,317.75,14151300
2025-12-10,484.0299987792969,484.25,475.0799865722656,478.55999755859375,35756200,649.4203737252112,653.9766553823684,642.8757234590145,649.6002197265625,16910900,228.80999755859375,232.4199981689453,228.4600067138672,231.77999877929688,38790700,184.97000122070312,185.47999572753906,182.0399932861328,183.77999877929688,162785400,277.490342786908,279.48847306800184,276.1815698919154,278.5193786621094,33038300,316.6199951171875,321.8699951171875,315.3999938964844,321.0,22764500
2025-12-11,476.6300048828125,486.0299987792969,475.8599853515625,483.4700012207031,24669200,642.7657334383907,654.7460135009795,640.2777724038347,652.1781005859375,13056700,230.7100067138672,232.11000061035156,228.69000244140625,230.27999877929688,28249600,180.27999877929688,181.32000732421875,176.6199951171875,180.92999267578125,182136600,278.83908758708685,279.3286197507982,273.5540244422053,277.77008056640625,33248000,321.1000061035156,321.989990234375,309.8800048828125,313.70001220703125,25912100
2025-12-12,479.82000732421875,482.45001220703125,476.3399963378906,478.5299987792969,21248100,649.2704855848336,710.4206277669183,638.0896015354143,643.7050170898438,14016900,229.8699951171875,230.0800018310547,225.1199951171875,226.19000244140625,35639100,181.11000061035156,182.82000732421875,174.6199951171875,175.02000427246094,204274900,277.64021728323,278.9589906850317,276.5612402656973,278.0198669433594,39532900,314.7950134277344,316.1400146484375,306.9599914550781,310.5199890136719,21264800
2025-12-15,480.1000061035156,480.7200012207031,472.5199890136719,474.82000732421875,23727700,645.7000122070312,653.0,638.7000122070312,647.510009765625,15549100,227.92999267578125,227.92999267578125,221.5,222.5399932861328,47286100,177.94000244140625,178.4199981689453,175.02999877929688,176.2899932861328,164775600,279.8880911943856,279.8880911943856,272.5849275039148,273.8537292480469,50409100,312.625,312.70001220703125,305.739990234375,309.32000732421875,22028900
2025-12-16,471.9100036621094,477.8900146484375,470.8800048828125,476.3900146484375,20705600,643.5,662.5399780273438,643.2000122070312,657.1500244140625,14309100,223.0399932861328,223.66000366210938,221.1300048828125,222.55999755859375,39298900,176.25999450683594,178.49000549316406,174.89999389648438,177.72000122070312,148588100,272.5649667835892,275.2424541197232,271.53593087885605,274.353271484375,37648600,306.0,311.8450012207031,303.8299865722656,307.7300109863281,21285200
2025-12-17,476.9100036621094,480.0,475.0,476.1199951171875,24527200,655.6099853515625,661.22998046875,649.2000122070312,649.5,15598500,224.66000366210938,225.19000244140625,220.99000549316406,221.27000427246094,44034400,176.10000610351562,176.1300048828125,170.30999755859375,170.94000244140625,222775500,274.75292651919426,275.90184538512057,271.38608172110213,271.58587646484375,50138700,309.010009765625,309.19500732421875,297.45001220703125,298.05999755859375,29120400
2025-12-18,478.19000244140625,489.6000061035156,477.8900146484375,483.9800109863281,28573500,657.030029296875,670.5599975585938,656.4600219726562,664.4500122070312,20260300,225.7100067138672,229.22999572753906,224.41000366210938,226.75999450683594,50272400,174.52999877929688,176.14999389648438,171.82000732421875,174.13999938964844,176096000,273.35420232069225,273.374203136776,266.7004552212896,271.935546875,51630700,303.05999755859375,305.260009765625,300.6300048828125,303.75,21040500
2025-12-19,487.3599853515625,487.8500061035156,482.489990234375,485.9200134277344,70836100,666.4199829101562,671.0,658.1799926757812,658.77001953125,49977100,226.75999450683594,229.1300048828125,225.5800018310547,227.35000610351562,85544400,176.6699981689453,181.4499969482422,176.33999633789062,180.99000549316406,324925900,271.8955859651445,274.34330788170604,269.64768928264715,273.4141845703125,144632000,303.2699890136719,308.989990234375,302.3399963378906,308.6099853515625,45234400
2025-12-22,486.1199951171875,488.7300109863281,482.69000244140625,484.9200134277344,16963000,661.6500244140625,673.5800170898438,656.6500244140625,661.5,15659400,228.61000061035156,229.47999572753906,226.7100067138672,228.42999267578125,32261300,183.9199981689453,184.16000366210938,182.35000610351562,183.69000244140625,129064400,272.6048920133635,273.62395794129594,270.25711338978425,270.7166748046875,36571800,311.2250061035156,311.70001220703125,306.5899963378906,311.3299865722656,14091400
2025-12-23,484.9800109863281,487.8299865722656,484.739990234375,486.8500061035156,14683600,660.0499877929688,666.0,658.25,664.9400024414062,8486800,229.05999755859375,232.4499969482422,228.72999572753906,232.13999938964844,29230200,182.97000122070312,189.3300018310547,182.89999389648438,189.2100067138672,174873600,270.5868091030317,272.2452609569047,269.30800689497966,272.1053771972656,29642000,311.135009765625,316.29998779296875,310.75,315.67999267578125,13961400
2025-12-24,485.67999267578125,489.1600036621094,484.8299865722656,488.0199890136719,5855900,662.530029296875,668.1799926757812,662.2000122070312,667.5499877929688,5627500,232.1300048828125,232.9499969482422,231.3300018310547,232.3800048828125,11420500,187.94000244140625,188.91000366210938,186.58999633789062,188.61000061035156,65528500,272.085389177814,275.17249671786806,271.9455359163183,273.55401611328125,17910600,316.1499938964844,316.2900085449219,313.32000732421875,315.6700134277344,6138200
2025-12-26,486.7099914550781,488.1199951171875,485.9599914550781,487.7099914550781,8842200,668.0599975585938,668.9500122070312,661.3200073242188,663.2899780273438,7133800,232.0399932861328,232.99000549316406,231.17999267578125,232.52000427246094,15994700,189.9199981689453,192.69000244140625,188.0,190.52999877929688,139740300,273.9037084592662,275.1125687682936,272.6049054553,273.1444091796875,21521800,315.9200134277344,316.55999755859375,313.7200012207031,314.9599914550781,6730900
2025-12-29,484.8599853515625,488.3500061035156,484.17999267578125,487.1000061035156,10893400,658.010009765625,660.25,654.3900146484375,658.6900024414062,8506500,231.94000244140625,232.60000610351562,230.77000427246094,232.07000732421875,19797900,187.7100067138672,188.75999450683594,185.91000366210938,188.22000122070312,120006100,272.4350823114352,274.10350406329195,272.0954038139857,273.50408935546875,23715200,312.82000732421875,314.9700012207031,311.8999938964844,314.3900146484375,12317700
2025-12-30,485.92999267578125,489.67999267578125,485.5,487.4800109863281,13944500,658.6900024414062,672.219970703125,657.8400268554688,665.9500122070312,9187500,231.2100067138672,232.77000427246094,230.1999969482422,232.52999877929688,21910500,188.24000549316406,188.99000549316406,186.92999267578125,187.5399932861328,97687300,272.5549704076282,273.82377221524894,272.02546707967076,272.82470703125,22139600,313.4100036621094,317.70001220703125,313.25,314.54998779296875,11052500
2025-12-31,487.8399963378906,488.1400146484375,483.29998779296875,483.6199951171875,15601600,664.75,665.0,659.4400024414062,660.0900268554688,7940400,232.91000366210938,232.99000549316406,230.1199951171875,230.82000732421875,24383700,189.57000732421875,190.55999755859375,186.49000549316406,186.5,120100500,272.80472532736104,273.42414083736213,271.49595243002375,271.6058349609375,27293600,313.3699951171875,315.3900146484375,312.20001220703125,313.79998779296875,10821500
2026-01-02,484.3900146484375,484.6600036621094,470.1600036621094,472.94000244140625,25571600,662.72998046875,664.3900146484375,643.5,650.4099731445312,13726500,231.33999633789062,235.4600067138672,224.6999969482422,226.5,51456200,189.83999633789062,192.92999267578125,188.25999450683594,188.85000610351562,148240500,272.0054842546519,277.58025431004916,268.7485221479618,270.75665283203125,37838100,317.5899963378906,322.91400146484375,310.6499938964844,315.32000732421875,22043700
2026-01-05,474.05999755859375,476.07000732421875,469.5,472.8500061035156,25250300,651.010009765625,664.5399780273438,647.75,658.7899780273438,12213700,228.83999633789062,234.0,227.17999267578125,233.05999755859375,49733300,191.75999450683594,193.6300048828125,186.14999389648438,188.1199951171875,183529700,270.38700744645297,271.25618925068443,265.89121426121545,267.0101623535156,45647200,317.69500732421875,319.25,315.2489929199219,317.32000732421875,19934000
2026-01-06,473.79998779296875,478.739990234375,469.75,478.510009765625,23037700,659.5700073242188,665.52001953125,651.9000244140625,660.6199951171875,11074400,232.10000610351562,243.17999267578125,232.07000732421875,240.92999267578125,53764700,190.52000427246094,192.1699981689453,186.82000732421875,187.24000549316406,176862600,266.7503924619391,267.2998660934885,261.8749496989937,262.1147155761719,52352100,317.30999755859375,321.55999755859375,312.3399963378906,314.54998779296875,18989900
2026-01-07,479.760009765625,489.70001220703125,477.95001220703125,483.4700012207031,25564200,655.6400146484375,659.1500244140625,644.8099975585938,648.6900024414062,12846300,239.61000061035156,245.2899932861328,239.52000427246094,241.55999755859375,42236500,188.57000732421875,191.3699951171875,186.55999755859375,189.11000061035156,153543200,262.95395138764474,263.4334831315393,259.56710600115036,260.08660888671875,48309800,314.57000732421875,326.4649963378906,314.5,322.42999267578125,24681800
2026-01-08,481.239990234375,482.6600036621094,475.8599853515625,478.1099853515625,18162600,645.8800048828125,647.0999755859375,635.719970703125,646.0599975585938,11921700,243.05999755859375,246.41000366210938,241.8800048828125,246.2899932861328,39509800,189.11000061035156,189.5500030517578,183.7100067138672,185.0399932861328,172457000,256.7797203952787,259.0476178563403,255.46096229095477,258.7978515625,50419300,329.2650146484375,330.5400085449219,321.989990234375,326.010009765625,21789600
2026-01-09,474.05999755859375,479.82000732421875,472.20001220703125,479.2799987792969,18491000,645.4400024414062,654.9500122070312,642.8499755859375,653.0599975585938,11634900,244.57000732421875,247.86000061035156,242.24000549316406,247.3800048828125,34560000,185.0800018310547,186.33999633789062,183.6699981689453,184.86000061035156,131327500,258.8377955175017,259.9667440583015,255.98048371428257,259.1275329589844,39997000,327.489990234375,331.4800109863281,326.25,329.1400146484375,17917700
2026-01-12,476.6700134277344,480.989990234375,475.67999267578125,477.17999267578125,23519900,652.530029296875,653.969970703125,641.22998046875,641.969970703125,14797200,246.72999572753906,248.94000244140625,245.9600067138672,246.47000122070312,35867800,183.22000122070312,187.1199951171875,183.02000427246094,184.94000244140625,137968500,258.9177364764393,261.05572011368304,256.5599267903311,260.0067138671875,45263800,326.5,334.44000244140625,325.510009765625,332.7300109863281,23893800
2026-01-13,474.67999267578125,475.7799987792969,465.95001220703125,470.6700134277344,28545800,642.27001953125,642.27001953125,624.0999755859375,631.0900268554688,18030400,246.52999877929688,247.66000366210938,240.25,242.60000610351562,38371800,185.0,188.11000061035156,183.39999389648438,185.80999755859375,160128900,258.4781303943212,261.56523797230057,258.148452318208,260.8059387207031,45730800,335.2799987792969,341.20001220703125,334.3500061035156,336.42999267578125,24616700
2026-01-14,466.4599914550781,468.20001220703125,457.1700134277344,459.3800048828125,28184300,626.5,628.4500122070312,614.8200073242188,615.52001953125,15527900,241.14999389648438,241.27999877929688,236.22000122070312,236.64999389648438,41410600,184.32000732421875,184.4600067138672,180.8000030517578,183.13999938964844,159586100,259.247418118488,261.57525710051715,256.4700180914029,259.71697998046875,40019400,334.9849853515625,337.0299987792969,331.1400146484375,336.30999755859375,17839300
2026-01-15,464.1199951171875,464.25,455.8999938964844,456.6600036621094,23225800,618.47998046875,624.1699829101562,614.22998046875,620.7999877929688,13076100,239.30999755859375,240.64999389648438,236.6300048828125,238.17999267578125,43003600,186.5,189.6999969482422,186.3300018310547,187.0500030517578,206188600,260.40631875644857,260.7959687899761,256.8096782083212,257.9685974121094,39388600,338.05499267578125,338.1300048828125,331.2900085449219,333.1600036621094,16424900
2026-01-16,457.8299865722656,463.19000244140625,456.4800109863281,459.8599853515625,34246700,624.1799926757812,629.0800170898438,620.0800170898438,620.25,17012500,239.08999633789062,239.57000732421875,236.41000366210938,239.1199951171875,45888300,189.0800018310547,190.44000244140625,186.0800018310547,186.22999572753906,187967200,257.6589020182799,258.6579671912775,254.69167723491495,255.29112243652344,72142800,334.93499755859375,335.239990234375,328.1700134277344,330.3399963378906,21868600
2026-01-20,451.2200012207031,456.79998779296875,449.2799987792969,454.5199890136719,26130000,607.8800048828125,611.4000244140625,600.0,604.1199951171875,15169600,233.75999450683594,235.08999633789062,229.33999633789062,231.0,47737900,181.89999389648438,182.3800048828125,177.61000061035156,178.07000732421875,223345300,252.49373739571587,254.55180921698133,243.19244305608962,246.46937561035156,80267500,321.239990234375,328.0899963378906,320.8900146484375,322.1600036621094,27169900
2026-01-21,452.6000061035156,452.69000244140625,438.67999267578125,444.1099853515625,37980500,606.739990234375,618.27001953125,600.0800170898438,612.9600219726562,14494700,231.08999633789062,232.3000030517578,226.8800048828125,231.30999755859375,47276100,179.0500030517578,185.3800048828125,178.39999389648438,183.32000732421875,200381000,248.46750904444812,251.3248360900433,244.9507953165175,247.41848754882812,54641700,321.0950012207031,332.7250061035156,319.5400085449219,328.3800048828125,22791700
2026-01-22,447.6199951171875,452.8399963378906,444.70001220703125,451.1400146484375,25349400,629.3499755859375,660.5700073242188,626.5499877929688,647.6300048828125,21394700,234.0500030517578,235.72000122070312,230.89999389648438,234.33999633789062,31913300,184.75,186.1699981689453,183.92999267578125,184.83999633789062,139636600,248.96703988447874,250.76536025794266,247.9180183962477,248.1178436279297,39708300,334.2650146484375,335.2099914550781,328.8800048828125,330.8399963378906,19902100
2026-01-23,451.8699951171875,471.1000061035156,450.5299987792969,465.95001220703125,38000200,644.77001953125,666.489990234375,644.4500122070312,658.760009765625,22797700,234.9600067138672,240.4499969482422,234.57000732421875,239.16000366210938,33778500,187.5,189.60000610351562,186.82000732421875,187.6699981689453,142748100,247.08880782235642,249.17685039145397,244.45126111041233,247.80812072753906,41689000,332.6549987792969,334.0299987792969,327.9700012207031,328.42999267578125,19110600
2026-01-26,465.30999755859375,474.25,462.0,470.2799987792969,29291200,665.1300048828125,675.280029296875,661.2899780273438,672.3599853515625,16327400,239.97999572753906,240.9499969482422,237.5399932861328,238.4199981689453,32825500,187.16000366210938,189.1199951171875,185.99000549316406,186.47000122070312,124799600,251.24490015634893,256.32015295784896,249.5664780183616,255.17123413085938,55969200,328.20001220703125,336.3500061035156,327.489990234375,333.5899963378906,18502500
2026-01-27,473.70001220703125,482.8699951171875,473.1600036621094,480.5799865722656,29213900,674.5900268554688,676.8200073242188,664.6599731445312,672.969970703125,13297400,239.69000244140625,244.8800048828125,238.0800018310547,244.67999267578125,38029200,187.24000549316406,190.0,185.6999969482422,188.52000427246094,143711600,258.92771692213245,261.70511669708895,257.96859246831417,258.0285339355469,49648300,335.6300048828125,338.2149963378906,333.75,335.0,16080900
2026-01-28,483.2099914550781,483.739990234375,478.0,481.6300048828125,36875400,674.5,677.6799926757812,666.0999755859375,668.72998046875,25709600,246.3699951171875,247.77999877929688,241.52999877929688,243.00999450683594,40882700,191.27000427246094,192.35000610351562,189.83999633789062,191.52000427246094,148552700,257.409147241713,258.61800761819165,254.27208306792676,256.2002868652344,41288000,336.6099853515625,337.6300048828125,332.1300048828125,336.2799987792969,17538500
2026-01-29,439.989990234375,442.5,421.0199890136719,433.5,128855300,737.4299926757812,744.0,712.5499877929688,738.3099975585938,59852900,242.82000732421875,243.0,236.74000549316406,241.72999572753906,47229600,191.33999633789062,193.47999572753906,186.05999755859375,192.50999450683594,171764400,257.75880668092503,259.4072580677027,254.17216647920577,258.0385437011719,67253000,340.3500061035156,342.2900085449219,326.7200012207031,338.6600036621094,24548300
2026-01-30,439.1700134277344,439.6000061035156,426.45001220703125,430.2900085449219,58566800,727.5,732.1699829101562,713.5900268554688,716.5,23744600,239.88999938964844,243.32000732421875,237.63999938964844,239.3000030517578,46585000,191.2100067138672,194.49000549316406,189.47000122070312,191.1300048828125,179489500,254.93144331105526,261.6551472598355,251.94423313215475,259.2374267578125,92443400,334.4599914550781,340.2900085449219,332.6400146484375,338.5299987792969,21740200
2026-02-02,430.239990234375,430.739990234375,422.25,423.3699951171875,42219900,714.5999755859375,721.2999877929688,703.52001953125,706.4099731445312,14365200,238.30999755859375,245.6300048828125,238.1699981689453,242.9600067138672,37546100,187.1999969482422,190.3000030517578,184.8800048828125,185.61000061035156,165794100,259.7869174093499,270.2371306501278,258.9676766447768,269.7575988769531,73913400,336.54998779296875,345.1650085449219,336.010009765625,344.8999938964844,22775200
2026-02-03,422.010009765625,422.04998779296875,408.55999755859375,411.2099914550781,61424100,707.3699951171875,717.0,686.4099731445312,691.7000122070312,13760700,244.97999572753906,246.35000610351562,235.4499969482422,238.6199951171875,53831300,186.24000549316406,186.27000427246094,176.22999572753906,180.33999633789062,204019600,268.9483513556569,271.6258386480508,267.3598109321867,269.22808837890625,64394700,348.5150146484375,350.1499938964844,338.5899963378906,340.70001220703125,25786500
2026-02-04,411.0,419.79998779296875,409.239990234375,414.19000244140625,45012400,687.72998046875,688.8300170898438,667.4600219726562,668.989990234375,16882800,238.86000061035156,238.86000061035156,231.82000732421875,232.99000549316406,51299900,179.4600067138672,179.5800018310547,171.91000366210938,174.19000244140625,207014100,272.03545112075,278.68922850453845,272.03545112075,276.23150634765625,90545700,343.7550048828125,344.25,329.3699951171875,333.3399963378906,36991100
2026-02-05,407.44000244140625,408.29998779296875,392.32000732421875,393.6700134277344,66289200,663.5800170898438,681.5,653.5,670.2100219726562,17131800,224.91000366210938,226.30999755859375,220.3800048828125,222.69000244140625,103509200,174.92999267578125,176.82000732421875,171.02999877929688,171.8800048828125,206312900,277.86999494352693,279.2387093202658,272.97458180817284,275.6520690917969,52977400,313.20001220703125,332.6440124511719,306.9200134277344,331.3299865722656,51842000
2026-02-06,399.1700134277344,401.7900085449219,392.9200134277344,401.1400146484375,53515300,665.489990234375,671.989990234375,646.5,661.4600219726562,18159300,202.6999969482422,211.44000244140625,200.30999755859375,210.32000732421875,179210900,176.69000244140625,187.0,174.60000610351562,185.41000366210938,231346200,276.8609202349588,280.6473855638201,276.67109542368036,277.8599853515625,50453400,327.3500061035156,330.6400146484375,320.1499938964844,323.1000061035156,33877000
2026-02-09,404.8500061035156,414.8900146484375,400.8699951171875,413.6000061035156,45480500,663.1799926757812,683.3099975585938,658.780029296875,677.219970703125,14837500,208.97000122070312,212.80999755859375,203.35000610351562,208.72000122070312,91178400,184.25999450683594,193.66000366210938,183.9499969482422,190.0399932861328,196387400,277.9100036621094,278.20001220703125,271.70001220703125,274.6199951171875,44623400,321.239990234375,327.739990234375,317.70001220703125,324.3999938964844,26103300
2026-02-10,419.6199951171875,423.67999267578125,412.70001220703125,413.2699890136719,44857900,677.5999755859375,680.6500244140625,669.7899780273438,670.719970703125,10455800,208.8000030517578,212.64999389648438,206.41000366210938,206.9600067138672,67175000,191.3800048828125,192.47999572753906,188.1199951171875,188.5399932861328,136764800,274.8900146484375,275.3699951171875,272.94000244140625,273.67999267578125,34376900,320.9100036621094,321.6300048828125,314.6600036621094,318.6300048828125,25281900
2026-02-11,416.17999267578125,416.4599914550781,401.010009765625,404.3699951171875,42491000,674.0,679.27001953125,657.0999755859375,668.6900024414062,14323800,208.05999755859375,208.57000732421875,202.49000549316406,204.0800018310547,65545500,192.4499969482422,193.25999450683594,188.77000427246094,190.0500030517578,144192700,274.70001220703125,280.17999267578125,274.45001220703125,275.5,51931300,318.9599914550781,321.0450134277344,310.1300048828125,311.3299865722656,24008100
2026-02-12,405.0,406.20001220703125,398.010009765625,401.8399963378906,40802400,669.969970703125,676.0,645.280029296875,649.8099975585938,14960100,203.9600067138672,203.9600067138672,197.55999755859375,199.60000610351562,83975400,193.02999877929688,193.61000061035156,186.50999450683594,186.94000244140625,189932500,275.5899963378906,275.7200012207031,260.17999267578125,261.7300109863281,81077200,312.3500061035156,316.4800109863281,308.1499938964844,309.3699951171875,28194000
2026-02-13,404.45001220703125,405.5400085449219,398.04998779296875,401.32000732421875,34091600,645.0999755859375,651.4299926757812,634.5700073242188,639.77001953125,12336400,198.8800048828125,201.16000366210938,197.27999877929688,198.7899932861328,66321600,187.47999572753906,187.5,181.58999633789062,182.80999755859375,161888000,262.010009765625,262.2300109863281,255.4499969482422,255.77999877929688,56290700,307.9849853515625,308.8900146484375,303.8999938964844,306.0199890136719,20236000
2026-02-17,399.2200012207031,400.5199890136719,394.5299987792969,396.8599853515625,32078800,639.5,642.5999755859375,628.7999877929688,639.2899780273438,12674700,198.1300048828125,201.74000549316406,196.0,201.14999389648438,69879200,181.75,187.14999389648438,179.17999267578125,184.97000122070312,162276900,258.04998779296875,266.2900085449219,255.5399932861328,263.8800048828125,58469100,300.6400146484375,304.8900146484375,296.8999938964844,302.82000732421875,23750800
2026-02-18,398.1300048828125,402.55999755859375,396.32000732421875,399.6000061035156,23223400,633.7999877929688,645.0,628.1500244140625,643.219970703125,14649200,202.07000732421875,206.86000061035156,201.50999450683594,204.7899932861328,51003300,188.75,190.3699951171875,186.75999450683594,187.97999572753906,164749100,263.6000061035156,266.82000732421875,262.45001220703125,264.3500061035156,34203300,302.4320068359375,305.9100036621094,301.9800109863281,303.94000244140625,15847700
